Images_no,Headache,Nausea,Vomiting,Seizures,Vision_Problems,Memory_Loss,Speech_Difficulty,Balance_Problems,Weakness,Fatigue,Brain_Tumor
BrainTumor_00001.jpg,No,No,Yes,No,No,,Yes,,No,No,No
BrainTumor_00002.jpg,,No,No,Yes,Yes,No,,,,No,
BrainTumor_00003.jpg,,No,No,,Yes,Yes,No,No,No,Yes,
BrainTumor_00004.jpg,,,Yes,,Yes,Yes,Yes,,No,No,Yes
BrainTumor_00005.jpg,,No,Yes,No,,Yes,Yes,No,,,Yes
BrainTumor_00006.jpg,Yes,,No,No,,Yes,No,,No,No,Yes
BrainTumor_00007.jpg,Yes,,Yes,No,Yes,,,,No,Yes,Yes
BrainTumor_00008.jpg,,Yes,,No,Yes,Yes,,No,Yes,No,
BrainTumor_00009.jpg,Yes,,No,Yes,No,No,,Yes,,,Yes
BrainTumor_00010.jpg,,Yes,Yes,,,No,No,No,,Yes,
BrainTumor_00011.jpg,,,Yes,,Yes,,,No,,No,No
BrainTumor_00012.jpg,Yes,No,No,Yes,Yes,No,Yes,Yes,No,No,
BrainTumor_00013.jpg,Yes,Yes,Yes,No,Yes,,,Yes,,Yes,
BrainTumor_00014.jpg,,No,,,No,,,,,,
BrainTumor_00015.jpg,Yes,,,No,Yes,,No,Yes,,Yes,Yes
BrainTumor_00016.jpg,No,No,No,Yes,,Yes,,Yes,Yes,Yes,No
BrainTumor_00017.jpg,No,Yes,No,Yes,Yes,,No,,,No,Yes
BrainTumor_00018.jpg,Yes,,,,,No,Yes,,,,
BrainTumor_00019.jpg,Yes,Yes,,Yes,,Yes,,,Yes,,No
BrainTumor_00020.jpg,No,,,No,No,Yes,No,,No,No,No
BrainTumor_00021.jpg,Yes,,Yes,,No,No,No,No,,,No
BrainTumor_00022.jpg,No,,,No,Yes,No,No,,No,No,
BrainTumor_00023.jpg,No,No,,,,,Yes,,Yes,,No
BrainTumor_00024.jpg,No,,Yes,Yes,Yes,,,,,,No
BrainTumor_00025.jpg,,Yes,,No,No,,,Yes,,Yes,No
BrainTumor_00026.jpg,,No,No,No,,,No,Yes,,Yes,
BrainTumor_00027.jpg,No,Yes,No,No,,No,Yes,Yes,No,,
BrainTumor_00028.jpg,,,Yes,No,No,,,No,No,Yes,No
BrainTumor_00029.jpg,No,No,Yes,Yes,Yes,Yes,No,,Yes,Yes,No
BrainTumor_00030.jpg,Yes,,No,No,No,Yes,Yes,No,,Yes,
BrainTumor_00031.jpg,Yes,Yes,Yes,Yes,No,No,,,No,Yes,
BrainTumor_00032.jpg,Yes,Yes,No,Yes,No,,,Yes,,No,Yes
BrainTumor_00033.jpg,No,No,Yes,,No,Yes,No,No,No,No,No
BrainTumor_00034.jpg,Yes,Yes,,,,Yes,Yes,Yes,No,No,
BrainTumor_00035.jpg,,No,No,Yes,No,No,No,,Yes,,No
BrainTumor_00036.jpg,,Yes,Yes,,,Yes,Yes,Yes,Yes,,No
BrainTumor_00037.jpg,No,No,No,,,Yes,Yes,Yes,,No,No
BrainTumor_00038.jpg,Yes,,,Yes,No,No,Yes,,Yes,No,Yes
BrainTumor_00039.jpg,Yes,No,Yes,No,No,,,Yes,Yes,,No
BrainTumor_00040.jpg,,No,Yes,Yes,Yes,No,No,,Yes,Yes,
BrainTumor_00041.jpg,,No,No,Yes,,,No,,,,
BrainTumor_00042.jpg,Yes,Yes,No,,,No,No,No,Yes,,Yes
BrainTumor_00043.jpg,Yes,No,Yes,Yes,,No,No,No,No,No,
BrainTumor_00044.jpg,No,Yes,Yes,,No,,Yes,No,,,Yes
BrainTumor_00045.jpg,No,Yes,,Yes,,Yes,Yes,No,No,,
BrainTumor_00046.jpg,,Yes,No,Yes,No,Yes,No,,,,Yes
BrainTumor_00047.jpg,Yes,No,,No,No,No,Yes,Yes,,Yes,No
BrainTumor_00048.jpg,,,,Yes,Yes,Yes,,Yes,Yes,No,No
BrainTumor_00049.jpg,,,Yes,Yes,No,Yes,Yes,,No,No,No
BrainTumor_00050.jpg,,No,Yes,Yes,No,No,No,No,No,No,No
BrainTumor_00051.jpg,Yes,Yes,Yes,Yes,Yes,Yes,Yes,No,Yes,Yes,No
BrainTumor_00052.jpg,,No,Yes,,No,No,Yes,Yes,Yes,No,Yes
BrainTumor_00053.jpg,No,Yes,Yes,,No,,,,Yes,Yes,Yes
BrainTumor_00054.jpg,Yes,No,,No,,No,Yes,No,No,Yes,No
BrainTumor_00055.jpg,Yes,No,No,No,,,,Yes,,No,Yes
BrainTumor_00056.jpg,No,No,No,,,Yes,,Yes,Yes,Yes,Yes
BrainTumor_00057.jpg,No,Yes,Yes,,Yes,Yes,Yes,No,,No,Yes
BrainTumor_00058.jpg,No,,No,No,Yes,Yes,No,Yes,Yes,No,Yes
BrainTumor_00059.jpg,,,No,No,No,,,No,Yes,Yes,No
BrainTumor_00060.jpg,,Yes,No,No,Yes,No,Yes,No,Yes,Yes,Yes
BrainTumor_00061.jpg,No,No,Yes,,,,,,No,No,No
BrainTumor_00062.jpg,Yes,Yes,No,Yes,No,No,No,No,No,,Yes
BrainTumor_00063.jpg,No,No,No,Yes,No,No,Yes,,No,Yes,
BrainTumor_00064.jpg,Yes,,Yes,,No,,Yes,Yes,,Yes,No
BrainTumor_00065.jpg,,No,No,,Yes,,,Yes,,Yes,Yes
BrainTumor_00066.jpg,No,,,,Yes,No,No,,Yes,Yes,Yes
BrainTumor_00067.jpg,,Yes,No,No,No,Yes,Yes,,No,Yes,No
BrainTumor_00068.jpg,No,Yes,,,No,Yes,Yes,No,No,,Yes
BrainTumor_00069.jpg,,Yes,,No,,,,,,Yes,
BrainTumor_00070.jpg,Yes,No,No,No,Yes,,No,No,Yes,,No
BrainTumor_00071.jpg,Yes,No,No,,Yes,,Yes,,,,No
BrainTumor_00072.jpg,,,Yes,Yes,,No,No,No,Yes,,
BrainTumor_00073.jpg,,No,No,,,No,Yes,,,Yes,Yes
BrainTumor_00074.jpg,No,No,Yes,,No,,No,No,No,Yes,
BrainTumor_00075.jpg,No,,No,Yes,,No,Yes,No,Yes,Yes,Yes
BrainTumor_00076.jpg,No,,,No,Yes,Yes,No,,Yes,,
BrainTumor_00077.jpg,,No,,Yes,No,,,Yes,Yes,,
BrainTumor_00078.jpg,No,No,No,No,,No,,Yes,Yes,,No
BrainTumor_00079.jpg,No,,,No,Yes,,Yes,Yes,Yes,Yes,Yes
BrainTumor_00080.jpg,,,No,,No,No,Yes,,Yes,,
BrainTumor_00081.jpg,Yes,,Yes,No,Yes,,No,Yes,,Yes,No
BrainTumor_00082.jpg,,,No,Yes,No,,No,,No,No,No
BrainTumor_00083.jpg,,,,No,Yes,,Yes,Yes,Yes,,
BrainTumor_00084.jpg,,,,Yes,,No,Yes,,Yes,,
BrainTumor_00085.jpg,,,,No,Yes,Yes,No,,Yes,No,No
BrainTumor_00086.jpg,Yes,,Yes,No,No,Yes,,,,,
BrainTumor_00087.jpg,No,Yes,Yes,Yes,No,,No,,Yes,Yes,
BrainTumor_00088.jpg,Yes,No,No,No,,,,No,,No,
BrainTumor_00089.jpg,Yes,,Yes,Yes,Yes,,,No,,Yes,Yes
BrainTumor_00090.jpg,,,Yes,No,,,No,No,Yes,,
BrainTumor_00091.jpg,,Yes,Yes,No,Yes,Yes,,No,No,,Yes
BrainTumor_00092.jpg,No,,,Yes,No,,Yes,Yes,,No,Yes
BrainTumor_00093.jpg,Yes,Yes,,,Yes,No,No,,No,,Yes
BrainTumor_00094.jpg,No,No,,,Yes,No,No,Yes,No,Yes,Yes
BrainTumor_00095.jpg,No,Yes,No,Yes,,No,,No,,Yes,
BrainTumor_00096.jpg,Yes,,,No,Yes,Yes,Yes,No,,No,No
BrainTumor_00097.jpg,No,,Yes,No,,Yes,No,,Yes,No,
BrainTumor_00098.jpg,Yes,No,Yes,,Yes,No,No,,Yes,No,No
BrainTumor_00099.jpg,Yes,Yes,Yes,No,,Yes,No,,Yes,,No
BrainTumor_00100.jpg,Yes,No,No,Yes,No,,,No,Yes,Yes,No
BrainTumor_00101.jpg,No,No,No,,No,,No,,No,No,No
BrainTumor_00102.jpg,No,,,,Yes,,No,No,Yes,,Yes
BrainTumor_00103.jpg,,Yes,Yes,No,No,No,,,No,Yes,No
BrainTumor_00104.jpg,,Yes,,No,Yes,Yes,,Yes,No,,Yes
BrainTumor_00105.jpg,No,No,No,No,No,Yes,,,No,,No
BrainTumor_00106.jpg,,,,Yes,Yes,No,Yes,No,No,,No
BrainTumor_00107.jpg,,Yes,,Yes,No,Yes,,No,Yes,,
BrainTumor_00108.jpg,Yes,Yes,,No,Yes,,No,,Yes,Yes,Yes
BrainTumor_00109.jpg,,Yes,,Yes,,,No,No,No,Yes,
BrainTumor_00110.jpg,No,Yes,,No,Yes,Yes,,,No,Yes,Yes
BrainTumor_00111.jpg,No,,Yes,,,,Yes,No,No,No,Yes
BrainTumor_00112.jpg,,No,,,,Yes,Yes,No,No,,Yes
BrainTumor_00113.jpg,No,,,Yes,,,,Yes,No,No,
BrainTumor_00114.jpg,Yes,,No,Yes,Yes,No,,Yes,No,No,No
BrainTumor_00115.jpg,Yes,No,No,Yes,No,Yes,No,Yes,,No,
BrainTumor_00116.jpg,,Yes,Yes,Yes,No,,No,,Yes,No,
BrainTumor_00117.jpg,No,Yes,No,No,Yes,,Yes,Yes,No,No,
BrainTumor_00118.jpg,Yes,Yes,,Yes,Yes,No,,,Yes,Yes,
BrainTumor_00119.jpg,Yes,,,No,,,Yes,No,Yes,No,
BrainTumor_00120.jpg,No,Yes,,Yes,No,Yes,No,No,,Yes,
BrainTumor_00121.jpg,No,No,,,Yes,,No,Yes,Yes,No,
BrainTumor_00122.jpg,No,No,No,,No,No,,No,,Yes,Yes
BrainTumor_00123.jpg,No,No,Yes,No,Yes,,No,No,Yes,Yes,
BrainTumor_00124.jpg,,No,Yes,No,No,,,No,,Yes,
BrainTumor_00125.jpg,No,,,,No,,No,Yes,,No,
BrainTumor_00126.jpg,,,No,Yes,No,,Yes,Yes,,,Yes
BrainTumor_00127.jpg,No,,,No,Yes,,Yes,Yes,,,Yes
BrainTumor_00128.jpg,Yes,,No,Yes,,,,Yes,,Yes,No
BrainTumor_00129.jpg,No,Yes,Yes,No,Yes,Yes,,No,No,No,No
BrainTumor_00130.jpg,Yes,,Yes,Yes,No,Yes,Yes,No,Yes,,No
BrainTumor_00131.jpg,Yes,,Yes,No,No,Yes,No,,,Yes,
BrainTumor_00132.jpg,Yes,Yes,,Yes,No,No,,No,No,Yes,Yes
BrainTumor_00133.jpg,Yes,Yes,Yes,No,,No,No,Yes,No,,No
BrainTumor_00134.jpg,No,No,,No,,,Yes,No,Yes,,Yes
BrainTumor_00135.jpg,,,,Yes,Yes,No,,Yes,No,Yes,Yes
BrainTumor_00136.jpg,,No,Yes,,No,,No,Yes,Yes,,Yes
BrainTumor_00137.jpg,No,No,Yes,Yes,,No,Yes,Yes,No,Yes,
BrainTumor_00138.jpg,No,Yes,,No,Yes,No,Yes,Yes,Yes,No,No
BrainTumor_00139.jpg,No,Yes,,Yes,,,,No,Yes,,Yes
BrainTumor_00140.jpg,,,Yes,Yes,,,,No,Yes,No,No
BrainTumor_00141.jpg,No,,No,,No,Yes,Yes,Yes,Yes,,
BrainTumor_00142.jpg,Yes,,,No,,Yes,Yes,Yes,Yes,No,No
BrainTumor_00143.jpg,No,Yes,Yes,No,No,No,No,No,Yes,Yes,No
BrainTumor_00144.jpg,Yes,Yes,Yes,No,,,No,No,Yes,,Yes
BrainTumor_00145.jpg,Yes,Yes,,Yes,,Yes,Yes,,No,No,No
BrainTumor_00146.jpg,,,No,No,No,Yes,No,,Yes,,Yes
BrainTumor_00147.jpg,,,No,No,No,No,Yes,Yes,Yes,,No
BrainTumor_00148.jpg,Yes,Yes,,No,,Yes,Yes,,No,Yes,No
BrainTumor_00149.jpg,No,Yes,,,,No,Yes,Yes,No,Yes,
BrainTumor_00150.jpg,Yes,Yes,,No,Yes,Yes,Yes,No,,No,No
BrainTumor_00151.jpg,Yes,Yes,,,No,No,Yes,No,,,No
BrainTumor_00152.jpg,,,,Yes,,,,No,Yes,,
BrainTumor_00153.jpg,Yes,Yes,Yes,,No,Yes,Yes,Yes,No,,Yes
BrainTumor_00154.jpg,No,Yes,No,No,Yes,No,No,Yes,Yes,Yes,
BrainTumor_00155.jpg,,Yes,,Yes,,No,No,,Yes,Yes,Yes
BrainTumor_00156.jpg,,Yes,Yes,,No,,,No,Yes,No,Yes
BrainTumor_00157.jpg,Yes,Yes,,Yes,No,Yes,No,No,,Yes,
BrainTumor_00158.jpg,No,,,No,,Yes,,,Yes,,Yes
BrainTumor_00159.jpg,Yes,No,Yes,No,,No,No,,Yes,,
BrainTumor_00160.jpg,No,,No,No,,No,,No,,No,
BrainTumor_00161.jpg,Yes,No,Yes,Yes,No,Yes,Yes,,No,No,
BrainTumor_00162.jpg,Yes,Yes,Yes,No,Yes,Yes,No,No,,No,
BrainTumor_00163.jpg,No,No,,Yes,,,,Yes,No,No,Yes
BrainTumor_00164.jpg,No,No,No,No,,Yes,,No,No,,
BrainTumor_00165.jpg,No,Yes,No,Yes,No,Yes,No,,Yes,No,Yes
BrainTumor_00166.jpg,Yes,,No,,Yes,No,Yes,Yes,,No,Yes
BrainTumor_00167.jpg,No,No,,,,Yes,,,,No,
BrainTumor_00168.jpg,No,Yes,,,No,No,Yes,No,No,No,
BrainTumor_00169.jpg,No,Yes,No,No,,,,,No,,Yes
BrainTumor_00170.jpg,Yes,Yes,Yes,,Yes,Yes,,,,No,Yes
BrainTumor_00171.jpg,,No,Yes,No,,Yes,,No,,Yes,Yes
BrainTumor_00172.jpg,Yes,No,,No,No,Yes,No,Yes,,Yes,Yes
BrainTumor_00173.jpg,Yes,,Yes,,No,Yes,,No,,No,No
BrainTumor_00174.jpg,Yes,Yes,Yes,No,Yes,Yes,No,No,,,No
BrainTumor_00175.jpg,Yes,No,Yes,,,,Yes,,Yes,Yes,No
BrainTumor_00176.jpg,No,Yes,,Yes,,,Yes,Yes,Yes,No,No
BrainTumor_00177.jpg,,Yes,Yes,,,No,Yes,No,No,,Yes
BrainTumor_00178.jpg,No,No,No,,,,Yes,Yes,No,Yes,Yes
BrainTumor_00179.jpg,No,,Yes,,,,No,Yes,,,Yes
BrainTumor_00180.jpg,Yes,Yes,,Yes,Yes,,,No,Yes,Yes,
BrainTumor_00181.jpg,Yes,Yes,,Yes,Yes,No,Yes,No,,,
BrainTumor_00182.jpg,Yes,,,Yes,Yes,Yes,,Yes,,No,
BrainTumor_00183.jpg,,No,Yes,,Yes,No,No,Yes,,No,
BrainTumor_00184.jpg,Yes,No,Yes,,No,,No,Yes,,No,No
BrainTumor_00185.jpg,No,No,Yes,Yes,Yes,Yes,No,No,Yes,No,No
BrainTumor_00186.jpg,No,,,No,No,No,No,Yes,No,Yes,Yes
BrainTumor_00187.jpg,,No,No,No,No,,No,No,,,No
BrainTumor_00188.jpg,,,,Yes,No,,Yes,,,Yes,
BrainTumor_00189.jpg,No,No,No,,Yes,Yes,Yes,Yes,Yes,No,No
BrainTumor_00190.jpg,Yes,,,,Yes,Yes,No,No,Yes,,Yes
BrainTumor_00191.jpg,No,,Yes,Yes,No,,Yes,,Yes,No,Yes
BrainTumor_00192.jpg,,Yes,Yes,,Yes,Yes,Yes,No,No,,No
BrainTumor_00193.jpg,No,No,,Yes,,No,Yes,,,No,No
BrainTumor_00194.jpg,Yes,,,No,Yes,No,No,Yes,No,,Yes
BrainTumor_00195.jpg,Yes,,,,Yes,No,,No,No,,No
BrainTumor_00196.jpg,,Yes,,,Yes,No,No,No,No,No,Yes
BrainTumor_00197.jpg,No,No,No,,,Yes,,Yes,Yes,,No
BrainTumor_00198.jpg,,,Yes,No,Yes,No,No,No,Yes,No,Yes
BrainTumor_00199.jpg,No,No,,No,,No,,No,No,No,
BrainTumor_00200.jpg,Yes,Yes,No,No,,,Yes,Yes,No,Yes,Yes
BrainTumor_00201.jpg,No,No,Yes,Yes,,No,Yes,,No,Yes,No
BrainTumor_00202.jpg,No,Yes,Yes,,Yes,Yes,Yes,Yes,No,Yes,
BrainTumor_00203.jpg,,No,,Yes,No,Yes,No,No,Yes,Yes,No
BrainTumor_00204.jpg,Yes,No,Yes,,,Yes,,,No,,Yes
BrainTumor_00205.jpg,Yes,Yes,,,Yes,No,No,No,,No,
BrainTumor_00206.jpg,No,Yes,No,No,Yes,,Yes,No,Yes,,Yes
BrainTumor_00207.jpg,No,No,,,No,,Yes,Yes,,,Yes
BrainTumor_00208.jpg,Yes,,No,Yes,No,Yes,Yes,No,No,No,No
BrainTumor_00209.jpg,Yes,,No,Yes,No,Yes,,,Yes,No,Yes
BrainTumor_00210.jpg,No,,No,No,Yes,,,,Yes,,Yes
BrainTumor_00211.jpg,Yes,No,,Yes,Yes,Yes,,,No,Yes,No
BrainTumor_00212.jpg,Yes,Yes,Yes,Yes,Yes,Yes,No,Yes,No,Yes,No
BrainTumor_00213.jpg,,Yes,,No,Yes,Yes,Yes,,,Yes,Yes
BrainTumor_00214.jpg,No,Yes,Yes,,Yes,,No,,,Yes,
BrainTumor_00215.jpg,Yes,,,Yes,,No,No,No,Yes,,
BrainTumor_00216.jpg,,No,Yes,No,Yes,No,Yes,,,No,
BrainTumor_00217.jpg,No,,Yes,,Yes,No,Yes,,Yes,No,Yes
BrainTumor_00218.jpg,Yes,,,No,No,Yes,Yes,No,,,Yes
BrainTumor_00219.jpg,,Yes,No,,,Yes,Yes,,No,,Yes
BrainTumor_00220.jpg,Yes,No,Yes,No,Yes,Yes,Yes,Yes,,,No
BrainTumor_00221.jpg,,,No,Yes,,,Yes,No,,Yes,Yes
BrainTumor_00222.jpg,No,Yes,No,Yes,Yes,No,Yes,,,No,
BrainTumor_00223.jpg,No,Yes,Yes,,Yes,,No,Yes,No,No,Yes
BrainTumor_00224.jpg,No,,No,,,Yes,Yes,,No,Yes,No
BrainTumor_00225.jpg,Yes,No,,,,Yes,Yes,,Yes,No,
BrainTumor_00226.jpg,Yes,Yes,No,Yes,No,,,,Yes,,Yes
BrainTumor_00227.jpg,Yes,Yes,No,,No,No,No,No,Yes,,No
BrainTumor_00228.jpg,Yes,,Yes,Yes,Yes,No,,,Yes,,Yes
BrainTumor_00229.jpg,Yes,No,No,Yes,No,No,No,Yes,,,
BrainTumor_00230.jpg,,Yes,Yes,No,,No,,,Yes,No,
BrainTumor_00231.jpg,No,Yes,No,No,No,,Yes,Yes,,Yes,
BrainTumor_00232.jpg,Yes,Yes,No,,No,,Yes,Yes,,Yes,Yes
BrainTumor_00233.jpg,No,,,No,No,No,Yes,No,,,No
BrainTumor_00234.jpg,,,No,No,No,No,Yes,,Yes,Yes,Yes
BrainTumor_00235.jpg,,No,Yes,No,No,,Yes,,,Yes,Yes
BrainTumor_00236.jpg,Yes,No,,Yes,,No,,Yes,Yes,No,No
BrainTumor_00237.jpg,No,,,No,,No,,No,,,
BrainTumor_00238.jpg,No,Yes,Yes,,No,Yes,No,Yes,No,No,No
BrainTumor_00239.jpg,No,Yes,,No,No,No,,Yes,Yes,,Yes
BrainTumor_00240.jpg,Yes,,,,Yes,No,No,No,No,,Yes
BrainTumor_00241.jpg,Yes,,No,No,,,,No,,,No
BrainTumor_00242.jpg,Yes,Yes,Yes,No,No,No,No,,,Yes,
BrainTumor_00243.jpg,Yes,,,Yes,,No,Yes,,,No,Yes
BrainTumor_00244.jpg,Yes,,Yes,Yes,Yes,Yes,No,,No,No,Yes
BrainTumor_00245.jpg,Yes,Yes,No,Yes,No,No,Yes,Yes,Yes,No,Yes
BrainTumor_00246.jpg,No,,Yes,Yes,Yes,No,,Yes,,No,No
BrainTumor_00247.jpg,,No,No,No,,,,,No,Yes,No
BrainTumor_00248.jpg,,Yes,Yes,,Yes,,Yes,Yes,,No,
BrainTumor_00249.jpg,,No,No,Yes,,No,Yes,No,Yes,No,
BrainTumor_00250.jpg,,Yes,,,Yes,,Yes,Yes,,Yes,
BrainTumor_00251.jpg,,No,,No,Yes,Yes,Yes,No,No,,Yes
BrainTumor_00252.jpg,,No,No,Yes,Yes,Yes,Yes,,,No,No
BrainTumor_00253.jpg,,No,Yes,Yes,No,,Yes,Yes,,Yes,Yes
BrainTumor_00254.jpg,,,Yes,Yes,,Yes,No,No,No,No,No
BrainTumor_00255.jpg,Yes,Yes,Yes,,No,,Yes,Yes,,Yes,
BrainTumor_00256.jpg,Yes,Yes,,Yes,No,No,,,No,Yes,Yes
BrainTumor_00257.jpg,No,Yes,No,Yes,No,No,,No,Yes,Yes,
BrainTumor_00258.jpg,Yes,No,Yes,No,,Yes,No,Yes,,No,Yes
BrainTumor_00259.jpg,,No,,,Yes,,,No,No,No,
BrainTumor_00260.jpg,No,,,No,No,,Yes,,No,Yes,
BrainTumor_00261.jpg,No,Yes,Yes,No,No,,No,,,,
BrainTumor_00262.jpg,,Yes,,No,Yes,,,Yes,,,
BrainTumor_00263.jpg,No,Yes,,No,No,Yes,No,Yes,,,Yes
BrainTumor_00264.jpg,No,,Yes,,Yes,Yes,Yes,Yes,,,No
BrainTumor_00265.jpg,No,Yes,,No,Yes,,Yes,Yes,Yes,,Yes
BrainTumor_00266.jpg,,Yes,Yes,Yes,Yes,Yes,No,,No,No,Yes
BrainTumor_00267.jpg,,,,,,Yes,No,Yes,Yes,Yes,No
BrainTumor_00268.jpg,No,Yes,,No,,Yes,No,,,,
BrainTumor_00269.jpg,No,Yes,Yes,Yes,,,,Yes,No,,Yes
BrainTumor_00270.jpg,Yes,Yes,No,,No,,,Yes,,Yes,
BrainTumor_00271.jpg,No,,Yes,,No,No,Yes,Yes,Yes,No,Yes
BrainTumor_00272.jpg,,Yes,No,,,,,No,No,No,Yes
BrainTumor_00273.jpg,No,No,Yes,No,,,No,No,Yes,Yes,
BrainTumor_00274.jpg,Yes,Yes,No,No,,No,,Yes,,No,No
BrainTumor_00275.jpg,,Yes,Yes,No,,,No,Yes,,No,
BrainTumor_00276.jpg,Yes,Yes,Yes,,No,,,,,Yes,
BrainTumor_00277.jpg,No,No,No,,No,Yes,Yes,Yes,Yes,No,No
BrainTumor_00278.jpg,,,Yes,,No,,Yes,Yes,Yes,No,No
BrainTumor_00279.jpg,No,,,,,No,Yes,No,Yes,Yes,No
BrainTumor_00280.jpg,Yes,No,,Yes,Yes,Yes,No,,,,Yes
BrainTumor_00281.jpg,Yes,,,,,Yes,No,No,No,,No
BrainTumor_00282.jpg,No,,No,No,,,No,No,Yes,Yes,Yes
BrainTumor_00283.jpg,,Yes,Yes,Yes,Yes,No,,Yes,Yes,,Yes
BrainTumor_00284.jpg,Yes,No,Yes,No,Yes,Yes,No,No,,,
BrainTumor_00285.jpg,No,No,No,No,Yes,Yes,Yes,,,,Yes
BrainTumor_00286.jpg,,Yes,Yes,,Yes,,,No,No,,No
BrainTumor_00287.jpg,,,,Yes,,,No,No,No,Yes,Yes
BrainTumor_00288.jpg,Yes,Yes,Yes,Yes,Yes,No,No,No,,Yes,
BrainTumor_00289.jpg,No,No,,No,,No,No,,,,Yes
BrainTumor_00290.jpg,,Yes,No,,Yes,No,No,,Yes,Yes,No
BrainTumor_00291.jpg,No,No,Yes,,Yes,,Yes,,,Yes,No
BrainTumor_00292.jpg,No,,Yes,,Yes,Yes,Yes,,Yes,,Yes
BrainTumor_00293.jpg,Yes,No,No,No,,,No,,,Yes,No
BrainTumor_00294.jpg,Yes,Yes,,No,,,No,Yes,Yes,Yes,Yes
BrainTumor_00295.jpg,,,Yes,,Yes,,,Yes,No,,Yes
BrainTumor_00296.jpg,No,,No,,,No,,,No,No,Yes
BrainTumor_00297.jpg,,Yes,No,,,No,No,,,No,
BrainTumor_00298.jpg,,Yes,Yes,Yes,,Yes,,Yes,Yes,,No
BrainTumor_00299.jpg,Yes,Yes,,Yes,No,No,Yes,Yes,Yes,No,
BrainTumor_00300.jpg,Yes,Yes,,No,No,,Yes,,,Yes,
BrainTumor_00301.jpg,Yes,No,Yes,Yes,No,No,,No,Yes,,Yes
BrainTumor_00302.jpg,Yes,,,,,,No,No,,No,No
BrainTumor_00303.jpg,Yes,Yes,No,No,Yes,,No,,,,
BrainTumor_00304.jpg,No,No,,Yes,,Yes,,Yes,Yes,Yes,
BrainTumor_00305.jpg,No,,,,,,Yes,Yes,No,Yes,
BrainTumor_00306.jpg,Yes,,Yes,,Yes,Yes,No,Yes,Yes,No,No
BrainTumor_00307.jpg,,Yes,Yes,No,Yes,,Yes,Yes,No,,Yes
BrainTumor_00308.jpg,Yes,Yes,Yes,,,Yes,Yes,Yes,No,No,Yes
BrainTumor_00309.jpg,No,No,Yes,Yes,Yes,No,Yes,Yes,No,Yes,Yes
BrainTumor_00310.jpg,,Yes,Yes,No,No,,No,,Yes,Yes,Yes
BrainTumor_00311.jpg,,Yes,,No,,No,,No,,No,No
BrainTumor_00312.jpg,,Yes,Yes,Yes,,Yes,Yes,Yes,Yes,,No
BrainTumor_00313.jpg,No,Yes,Yes,,,No,No,No,Yes,,Yes
BrainTumor_00314.jpg,Yes,No,Yes,No,Yes,No,No,,,,
BrainTumor_00315.jpg,Yes,No,No,,Yes,No,,,No,,
BrainTumor_00316.jpg,,No,Yes,No,,,Yes,Yes,Yes,Yes,
BrainTumor_00317.jpg,,Yes,,,No,,,No,Yes,,No
BrainTumor_00318.jpg,,Yes,No,,No,No,Yes,,Yes,Yes,
BrainTumor_00319.jpg,Yes,Yes,Yes,No,No,,,No,,No,
BrainTumor_00320.jpg,Yes,,,,,No,,Yes,,No,Yes
BrainTumor_00321.jpg,Yes,Yes,Yes,No,No,,No,,Yes,No,No
BrainTumor_00322.jpg,,,No,No,Yes,,No,,No,No,No
BrainTumor_00323.jpg,Yes,Yes,No,,,No,,No,No,No,Yes
BrainTumor_00324.jpg,No,No,Yes,No,Yes,,No,,,No,No
BrainTumor_00325.jpg,No,,Yes,Yes,Yes,No,No,,No,,No
BrainTumor_00326.jpg,Yes,No,Yes,,No,,No,No,,,No
BrainTumor_00327.jpg,No,Yes,,,Yes,,,,,Yes,No
BrainTumor_00328.jpg,Yes,,,Yes,Yes,Yes,Yes,No,Yes,No,Yes
BrainTumor_00329.jpg,,No,No,,Yes,Yes,No,No,Yes,Yes,No
BrainTumor_00330.jpg,Yes,,No,Yes,No,,Yes,,Yes,No,No
BrainTumor_00331.jpg,No,No,Yes,,,Yes,,No,Yes,,
BrainTumor_00332.jpg,No,Yes,Yes,,No,,,No,Yes,No,No
BrainTumor_00333.jpg,,No,Yes,,Yes,,No,No,Yes,No,
BrainTumor_00334.jpg,Yes,Yes,,,Yes,,,No,,,No
BrainTumor_00335.jpg,No,No,No,Yes,,,Yes,No,,Yes,
BrainTumor_00336.jpg,Yes,Yes,Yes,Yes,Yes,Yes,,Yes,,,Yes
BrainTumor_00337.jpg,No,No,,,Yes,,,No,Yes,Yes,
BrainTumor_00338.jpg,,No,No,No,,No,No,No,Yes,,No
BrainTumor_00339.jpg,Yes,Yes,No,No,No,,,No,,,No
BrainTumor_00340.jpg,,,Yes,,No,Yes,,Yes,,,Yes
BrainTumor_00341.jpg,,No,Yes,,No,No,No,,,,
BrainTumor_00342.jpg,Yes,,,No,No,,No,Yes,Yes,No,Yes
BrainTumor_00343.jpg,,,,,Yes,,Yes,Yes,No,No,Yes
BrainTumor_00344.jpg,Yes,No,No,,,Yes,Yes,Yes,No,,Yes
BrainTumor_00345.jpg,No,No,No,No,No,No,Yes,Yes,Yes,,Yes
BrainTumor_00346.jpg,Yes,Yes,Yes,,No,No,No,No,No,,No
BrainTumor_00347.jpg,Yes,No,,,Yes,No,Yes,Yes,No,Yes,No
BrainTumor_00348.jpg,Yes,No,No,,Yes,No,Yes,Yes,,Yes,Yes
BrainTumor_00349.jpg,,Yes,,No,No,No,Yes,Yes,Yes,Yes,Yes
BrainTumor_00350.jpg,No,No,No,,,Yes,Yes,Yes,Yes,,No
BrainTumor_00351.jpg,Yes,,Yes,No,No,Yes,,Yes,No,Yes,Yes
BrainTumor_00352.jpg,,,No,,Yes,,Yes,No,No,Yes,No
BrainTumor_00353.jpg,Yes,No,Yes,,,Yes,,No,No,,
BrainTumor_00354.jpg,,No,,Yes,Yes,Yes,No,,No,Yes,
BrainTumor_00355.jpg,No,,,No,Yes,,,Yes,,No,
BrainTumor_00356.jpg,No,Yes,No,,No,,Yes,,No,No,No
BrainTumor_00357.jpg,Yes,,No,No,Yes,No,No,Yes,Yes,Yes,
BrainTumor_00358.jpg,No,No,,No,No,,Yes,No,No,,No
BrainTumor_00359.jpg,No,No,,,No,,,,No,Yes,Yes
BrainTumor_00360.jpg,,No,Yes,Yes,Yes,No,,No,Yes,Yes,
BrainTumor_00361.jpg,No,,Yes,,Yes,,No,,,Yes,Yes
BrainTumor_00362.jpg,Yes,No,,Yes,Yes,No,No,No,No,No,No
BrainTumor_00363.jpg,,,No,No,Yes,Yes,No,Yes,No,Yes,
BrainTumor_00364.jpg,,No,,No,,No,Yes,No,No,Yes,
BrainTumor_00365.jpg,Yes,No,,,Yes,No,Yes,,Yes,No,No
BrainTumor_00366.jpg,,,No,No,,No,No,No,No,No,No
BrainTumor_00367.jpg,Yes,No,Yes,Yes,No,Yes,Yes,,,No,Yes
BrainTumor_00368.jpg,No,Yes,Yes,,,Yes,No,Yes,,Yes,No
BrainTumor_00369.jpg,,No,Yes,No,Yes,No,,,Yes,Yes,
BrainTumor_00370.jpg,No,Yes,Yes,Yes,,,Yes,Yes,Yes,No,Yes
BrainTumor_00371.jpg,Yes,,,,No,Yes,Yes,Yes,,,No
BrainTumor_00372.jpg,Yes,No,,No,Yes,Yes,,Yes,No,Yes,
BrainTumor_00373.jpg,Yes,,,Yes,Yes,,,,,,Yes
BrainTumor_00374.jpg,No,Yes,Yes,,Yes,,,No,Yes,Yes,
BrainTumor_00375.jpg,Yes,,Yes,Yes,,No,Yes,No,,No,No
BrainTumor_00376.jpg,,No,No,No,,Yes,,,No,,
BrainTumor_00377.jpg,Yes,Yes,No,No,No,,,,No,,Yes
BrainTumor_00378.jpg,Yes,No,No,Yes,Yes,Yes,Yes,,,No,
BrainTumor_00379.jpg,,Yes,Yes,,No,No,Yes,,,Yes,No
BrainTumor_00380.jpg,Yes,,No,,,,Yes,No,Yes,No,
BrainTumor_00381.jpg,,,,No,Yes,,No,Yes,No,No,Yes
BrainTumor_00382.jpg,,,Yes,Yes,Yes,,,Yes,No,Yes,
BrainTumor_00383.jpg,,,No,Yes,,Yes,Yes,Yes,Yes,Yes,Yes
BrainTumor_00384.jpg,No,Yes,Yes,No,No,Yes,No,,No,No,
BrainTumor_00385.jpg,No,Yes,No,Yes,Yes,Yes,,No,Yes,No,No
BrainTumor_00386.jpg,Yes,Yes,Yes,Yes,Yes,,Yes,Yes,,,Yes
BrainTumor_00387.jpg,Yes,Yes,No,,,No,,,Yes,No,No
BrainTumor_00388.jpg,,No,,No,,No,No,No,Yes,No,Yes
BrainTumor_00389.jpg,Yes,Yes,Yes,Yes,No,,,Yes,,No,No
BrainTumor_00390.jpg,Yes,,No,,Yes,No,No,Yes,,Yes,No
BrainTumor_00391.jpg,Yes,Yes,No,,,Yes,,No,,Yes,No
BrainTumor_00392.jpg,,Yes,Yes,Yes,No,Yes,,Yes,Yes,Yes,No
BrainTumor_00393.jpg,,,No,,Yes,Yes,Yes,Yes,No,,
BrainTumor_00394.jpg,Yes,Yes,No,No,No,Yes,No,Yes,No,Yes,
BrainTumor_00395.jpg,Yes,No,Yes,,,No,Yes,No,No,,No
BrainTumor_00396.jpg,Yes,,No,,,Yes,Yes,No,No,No,Yes
BrainTumor_00397.jpg,Yes,No,,,,,No,,No,Yes,Yes
BrainTumor_00398.jpg,No,,Yes,No,No,,Yes,,Yes,,No
BrainTumor_00399.jpg,Yes,No,No,Yes,No,No,Yes,Yes,,Yes,
BrainTumor_00400.jpg,Yes,Yes,Yes,,Yes,Yes,No,,Yes,No,No
BrainTumor_00401.jpg,No,,Yes,,Yes,,Yes,No,No,No,
BrainTumor_00402.jpg,No,No,Yes,No,Yes,Yes,,No,,,
BrainTumor_00403.jpg,No,No,,,,No,No,Yes,No,Yes,
BrainTumor_00404.jpg,,Yes,No,Yes,No,No,No,,,,No
BrainTumor_00405.jpg,No,No,,,No,Yes,,Yes,No,,No
BrainTumor_00406.jpg,,,Yes,No,No,,No,Yes,,Yes,Yes
BrainTumor_00407.jpg,Yes,No,No,,,Yes,,Yes,Yes,No,No
BrainTumor_00408.jpg,,,Yes,,Yes,,Yes,No,Yes,No,
BrainTumor_00409.jpg,Yes,No,,,Yes,,,Yes,Yes,,Yes
BrainTumor_00410.jpg,No,,No,,Yes,Yes,,,Yes,,No
BrainTumor_00411.jpg,,,,Yes,No,,Yes,No,,,Yes
BrainTumor_00412.jpg,,Yes,No,,Yes,No,No,,No,,Yes
BrainTumor_00413.jpg,No,Yes,Yes,No,Yes,,No,Yes,No,,No
BrainTumor_00414.jpg,,,Yes,Yes,,Yes,No,No,,,Yes
BrainTumor_00415.jpg,Yes,,No,No,No,,Yes,Yes,No,Yes,No
BrainTumor_00416.jpg,Yes,,Yes,No,,Yes,No,Yes,No,No,No
BrainTumor_00417.jpg,Yes,Yes,,,,No,,Yes,Yes,Yes,
BrainTumor_00418.jpg,,,No,Yes,,,No,No,,Yes,No
BrainTumor_00419.jpg,No,,,No,Yes,,Yes,No,Yes,Yes,
BrainTumor_00420.jpg,No,Yes,No,Yes,Yes,Yes,No,Yes,Yes,No,
BrainTumor_00421.jpg,,No,,No,,Yes,,,Yes,,Yes
BrainTumor_00422.jpg,No,Yes,No,,Yes,Yes,No,,No,Yes,Yes
BrainTumor_00423.jpg,No,Yes,Yes,Yes,No,No,Yes,No,,,
BrainTumor_00424.jpg,,No,Yes,,No,No,No,Yes,,No,Yes
BrainTumor_00425.jpg,,No,No,No,No,No,Yes,No,No,,
BrainTumor_00426.jpg,,No,,No,No,Yes,No,Yes,,No,Yes
BrainTumor_00427.jpg,,No,Yes,,,,Yes,Yes,No,No,No
BrainTumor_00428.jpg,Yes,No,Yes,Yes,No,,Yes,Yes,Yes,No,
BrainTumor_00429.jpg,Yes,,Yes,,,No,No,,,Yes,Yes
BrainTumor_00430.jpg,Yes,,Yes,,Yes,No,No,No,No,Yes,Yes
BrainTumor_00431.jpg,,Yes,Yes,,Yes,Yes,Yes,,Yes,,
BrainTumor_00432.jpg,,Yes,,Yes,Yes,,,,Yes,,Yes
BrainTumor_00433.jpg,Yes,,,No,No,Yes,No,Yes,Yes,Yes,No
BrainTumor_00434.jpg,,No,Yes,Yes,No,,No,No,No,No,
BrainTumor_00435.jpg,No,Yes,No,Yes,Yes,No,No,Yes,No,Yes,No
BrainTumor_00436.jpg,Yes,Yes,No,,,,Yes,Yes,,Yes,
BrainTumor_00437.jpg,,Yes,Yes,No,Yes,Yes,Yes,,No,No,
BrainTumor_00438.jpg,,Yes,Yes,No,No,No,,Yes,Yes,Yes,
BrainTumor_00439.jpg,Yes,Yes,Yes,No,No,No,,No,Yes,,No
BrainTumor_00440.jpg,Yes,,,No,,No,Yes,,Yes,,Yes
BrainTumor_00441.jpg,Yes,Yes,,No,Yes,No,Yes,No,,,Yes
BrainTumor_00442.jpg,Yes,No,No,,,No,No,No,Yes,Yes,No
BrainTumor_00443.jpg,,Yes,No,No,No,,Yes,,Yes,,
BrainTumor_00444.jpg,No,No,Yes,,Yes,No,Yes,Yes,No,Yes,
BrainTumor_00445.jpg,Yes,,,Yes,Yes,No,,No,,,Yes
BrainTumor_00446.jpg,No,,,,Yes,No,No,,Yes,No,
BrainTumor_00447.jpg,No,,Yes,Yes,Yes,No,,,Yes,No,Yes
BrainTumor_00448.jpg,,Yes,No,No,Yes,,,Yes,Yes,No,
BrainTumor_00449.jpg,,No,,,Yes,No,Yes,Yes,Yes,No,
BrainTumor_00450.jpg,Yes,,,No,No,,No,,,,
BrainTumor_00451.jpg,Yes,No,Yes,,Yes,No,No,No,,,Yes
BrainTumor_00452.jpg,No,Yes,No,,No,Yes,No,Yes,,,Yes
BrainTumor_00453.jpg,Yes,Yes,No,No,No,No,No,,,Yes,No
BrainTumor_00454.jpg,Yes,,,,Yes,Yes,No,No,Yes,,No
BrainTumor_00455.jpg,Yes,Yes,,No,Yes,,,,Yes,Yes,Yes
BrainTumor_00456.jpg,,,No,,Yes,,No,No,No,,No
BrainTumor_00457.jpg,No,Yes,No,Yes,No,No,,No,No,Yes,Yes
BrainTumor_00458.jpg,No,,Yes,,,,,Yes,No,No,Yes
BrainTumor_00459.jpg,,Yes,No,Yes,Yes,Yes,Yes,No,No,No,
BrainTumor_00460.jpg,Yes,Yes,Yes,No,,Yes,Yes,No,,No,Yes
BrainTumor_00461.jpg,Yes,,No,Yes,,Yes,Yes,No,No,,
BrainTumor_00462.jpg,No,Yes,,Yes,,,,,,,No
BrainTumor_00463.jpg,,,No,No,,,,,No,,No
BrainTumor_00464.jpg,No,,,No,,No,No,Yes,,No,No
BrainTumor_00465.jpg,Yes,Yes,No,Yes,,No,,No,,No,
BrainTumor_00466.jpg,No,No,,,No,No,,No,,No,
BrainTumor_00467.jpg,No,,Yes,Yes,,Yes,No,,No,No,Yes
BrainTumor_00468.jpg,No,,No,,Yes,Yes,No,No,Yes,No,No
BrainTumor_00469.jpg,,Yes,,No,Yes,Yes,No,Yes,,,Yes
BrainTumor_00470.jpg,No,Yes,No,,Yes,,No,,,Yes,Yes
BrainTumor_00471.jpg,Yes,Yes,No,,No,Yes,,Yes,,,
BrainTumor_00472.jpg,No,,Yes,No,Yes,,No,,Yes,,
BrainTumor_00473.jpg,Yes,No,No,,No,,,No,,Yes,No
BrainTumor_00474.jpg,No,,No,,Yes,Yes,No,No,,Yes,Yes
BrainTumor_00475.jpg,,,Yes,,No,No,Yes,Yes,,,Yes
BrainTumor_00476.jpg,No,Yes,Yes,,No,,Yes,Yes,,Yes,No
BrainTumor_00477.jpg,Yes,,,No,Yes,No,,No,No,,No
BrainTumor_00478.jpg,,,,No,,Yes,,,,,
BrainTumor_00479.jpg,Yes,,Yes,No,Yes,No,No,Yes,No,Yes,
BrainTumor_00480.jpg,Yes,Yes,,,No,No,No,Yes,,No,No
BrainTumor_00481.jpg,,,,,No,No,No,Yes,No,Yes,No
BrainTumor_00482.jpg,No,Yes,,No,No,,Yes,Yes,,No,No
BrainTumor_00483.jpg,Yes,Yes,Yes,,No,Yes,Yes,No,,,No
BrainTumor_00484.jpg,No,No,No,No,,,Yes,,,Yes,
BrainTumor_00485.jpg,,Yes,Yes,Yes,,,No,,No,,
BrainTumor_00486.jpg,No,,No,,No,No,,No,,Yes,Yes
BrainTumor_00487.jpg,,,No,Yes,No,No,Yes,Yes,No,No,Yes
BrainTumor_00488.jpg,,No,Yes,Yes,No,Yes,Yes,Yes,,Yes,No
BrainTumor_00489.jpg,No,No,Yes,No,No,,Yes,,No,No,Yes
BrainTumor_00490.jpg,Yes,No,,Yes,No,No,Yes,,,,
BrainTumor_00491.jpg,Yes,No,,,No,Yes,Yes,,No,Yes,Yes
BrainTumor_00492.jpg,No,Yes,,,No,No,,No,No,Yes,No
BrainTumor_00493.jpg,,No,Yes,,,No,,,,No,
BrainTumor_00494.jpg,No,,Yes,,Yes,No,No,,,,
BrainTumor_00495.jpg,No,No,No,Yes,No,Yes,Yes,No,Yes,No,No
BrainTumor_00496.jpg,No,Yes,,No,No,,No,Yes,Yes,No,No
BrainTumor_00497.jpg,Yes,No,Yes,No,No,,No,,No,Yes,Yes
BrainTumor_00498.jpg,No,,No,,No,Yes,,Yes,Yes,,
BrainTumor_00499.jpg,No,No,,No,No,No,,No,Yes,No,No
BrainTumor_00500.jpg,Yes,,Yes,No,No,Yes,No,,No,,No
BrainTumor_00501.jpg,No,No,No,No,No,Yes,,No,,,
BrainTumor_00502.jpg,Yes,No,,Yes,,Yes,Yes,,No,No,Yes
BrainTumor_00503.jpg,,,Yes,Yes,No,No,No,,Yes,,Yes
BrainTumor_00504.jpg,Yes,No,Yes,No,,,No,,Yes,,Yes
BrainTumor_00505.jpg,No,Yes,No,,,Yes,,No,,,Yes
BrainTumor_00506.jpg,No,,No,Yes,,Yes,No,Yes,No,Yes,Yes
BrainTumor_00507.jpg,Yes,No,No,No,Yes,Yes,Yes,Yes,,Yes,
BrainTumor_00508.jpg,Yes,,No,Yes,No,No,Yes,No,No,No,No
BrainTumor_00509.jpg,,,,Yes,,,,No,,,No
BrainTumor_00510.jpg,No,Yes,No,Yes,Yes,,No,,No,Yes,No
BrainTumor_00511.jpg,Yes,No,Yes,No,Yes,No,Yes,No,Yes,,No
BrainTumor_00512.jpg,No,Yes,,Yes,,Yes,,,Yes,,No
BrainTumor_00513.jpg,Yes,,No,No,No,No,,,No,Yes,
BrainTumor_00514.jpg,Yes,No,No,Yes,Yes,,Yes,,,No,
BrainTumor_00515.jpg,No,No,No,Yes,No,,,Yes,No,,Yes
BrainTumor_00516.jpg,Yes,Yes,No,,No,No,,,Yes,,No
BrainTumor_00517.jpg,No,No,No,No,No,Yes,No,No,,,No
BrainTumor_00518.jpg,,No,,Yes,No,Yes,Yes,Yes,,,Yes
BrainTumor_00519.jpg,No,No,Yes,,No,No,Yes,No,,Yes,Yes
BrainTumor_00520.jpg,,Yes,,,Yes,Yes,,,Yes,No,Yes
BrainTumor_00521.jpg,,No,,No,No,Yes,,Yes,No,Yes,Yes
BrainTumor_00522.jpg,,,,,,Yes,,,,,Yes
BrainTumor_00523.jpg,No,Yes,Yes,,,,No,No,Yes,,Yes
BrainTumor_00524.jpg,No,No,No,Yes,,Yes,,Yes,No,Yes,Yes
BrainTumor_00525.jpg,Yes,Yes,Yes,,No,,Yes,,Yes,No,
BrainTumor_00526.jpg,,Yes,,Yes,Yes,Yes,,,,,
BrainTumor_00527.jpg,Yes,,,,,Yes,Yes,No,,No,Yes
BrainTumor_00528.jpg,No,No,,No,,Yes,,,,,
BrainTumor_00529.jpg,,No,No,Yes,No,,Yes,Yes,No,Yes,
BrainTumor_00530.jpg,,No,No,Yes,Yes,No,Yes,Yes,Yes,,
BrainTumor_00531.jpg,,Yes,,No,Yes,No,,Yes,Yes,Yes,Yes
BrainTumor_00532.jpg,Yes,No,Yes,,No,No,No,,,,
BrainTumor_00533.jpg,Yes,No,No,Yes,No,No,Yes,No,Yes,,Yes
BrainTumor_00534.jpg,No,No,Yes,No,No,,No,No,No,No,No
BrainTumor_00535.jpg,Yes,,,,,No,,Yes,No,,
BrainTumor_00536.jpg,,,,No,No,,No,No,No,Yes,Yes
BrainTumor_00537.jpg,,No,Yes,No,No,,No,No,Yes,,Yes
BrainTumor_00538.jpg,No,Yes,,,No,No,Yes,Yes,,No,
BrainTumor_00539.jpg,Yes,Yes,No,No,,,Yes,Yes,,Yes,
BrainTumor_00540.jpg,,No,No,No,No,,Yes,Yes,No,No,
BrainTumor_00541.jpg,Yes,No,Yes,,No,Yes,,,Yes,No,
BrainTumor_00542.jpg,,Yes,No,Yes,,Yes,,Yes,No,Yes,No
BrainTumor_00543.jpg,No,No,No,No,,No,,,,No,
BrainTumor_00544.jpg,No,,Yes,Yes,No,,,,No,No,No
BrainTumor_00545.jpg,,Yes,,Yes,,No,,No,No,No,
BrainTumor_00546.jpg,No,Yes,Yes,Yes,Yes,,,,,No,Yes
BrainTumor_00547.jpg,No,No,No,Yes,No,No,,No,No,No,Yes
BrainTumor_00548.jpg,,Yes,,Yes,No,No,Yes,,No,,
BrainTumor_00549.jpg,Yes,Yes,Yes,Yes,No,No,Yes,Yes,Yes,No,Yes
BrainTumor_00550.jpg,,,Yes,,,Yes,,,Yes,No,Yes
BrainTumor_00551.jpg,Yes,No,No,No,No,Yes,No,Yes,,No,
BrainTumor_00552.jpg,Yes,No,,No,No,Yes,,No,,No,No
BrainTumor_00553.jpg,No,,,,No,,Yes,,No,Yes,Yes
BrainTumor_00554.jpg,No,,,,,Yes,No,Yes,Yes,No,
BrainTumor_00555.jpg,Yes,Yes,No,Yes,Yes,No,,Yes,Yes,,
BrainTumor_00556.jpg,Yes,No,,No,No,Yes,No,Yes,Yes,No,Yes
BrainTumor_00557.jpg,No,Yes,,Yes,Yes,No,,No,,Yes,No
BrainTumor_00558.jpg,No,No,Yes,No,Yes,Yes,No,,No,Yes,
BrainTumor_00559.jpg,Yes,Yes,No,,,Yes,Yes,Yes,,No,
BrainTumor_00560.jpg,No,No,No,No,No,No,,,,Yes,
BrainTumor_00561.jpg,Yes,,,No,No,Yes,No,,Yes,,
BrainTumor_00562.jpg,Yes,,No,No,Yes,Yes,,Yes,,No,Yes
BrainTumor_00563.jpg,Yes,No,Yes,Yes,,Yes,,,Yes,No,
BrainTumor_00564.jpg,,No,Yes,No,,Yes,No,Yes,No,Yes,
BrainTumor_00565.jpg,No,No,Yes,,Yes,No,Yes,No,No,,Yes
BrainTumor_00566.jpg,Yes,Yes,No,No,No,,,No,,Yes,
BrainTumor_00567.jpg,No,No,Yes,No,Yes,Yes,No,No,,Yes,No
BrainTumor_00568.jpg,Yes,No,Yes,,,No,,,,Yes,No
BrainTumor_00569.jpg,No,,Yes,,No,,No,,No,Yes,No
BrainTumor_00570.jpg,Yes,Yes,Yes,,,,No,,Yes,,No
BrainTumor_00571.jpg,,Yes,,No,No,Yes,,No,Yes,No,Yes
BrainTumor_00572.jpg,Yes,,No,,,No,,Yes,,,No
BrainTumor_00573.jpg,No,,,Yes,Yes,,Yes,Yes,No,,
BrainTumor_00574.jpg,Yes,,No,,Yes,Yes,Yes,,Yes,Yes,Yes
BrainTumor_00575.jpg,,,Yes,No,No,Yes,No,Yes,Yes,Yes,
BrainTumor_00576.jpg,,,No,Yes,No,Yes,,,,Yes,
BrainTumor_00577.jpg,,No,No,,,No,Yes,,No,No,Yes
BrainTumor_00578.jpg,No,No,,Yes,Yes,No,,No,No,Yes,Yes
BrainTumor_00579.jpg,No,,No,No,,No,Yes,Yes,,,Yes
BrainTumor_00580.jpg,No,Yes,Yes,No,,,Yes,Yes,,,Yes
BrainTumor_00581.jpg,No,No,Yes,No,No,No,No,,Yes,No,No
BrainTumor_00582.jpg,No,,Yes,No,No,No,No,No,Yes,No,
BrainTumor_00583.jpg,Yes,Yes,No,No,No,,,,No,No,Yes
BrainTumor_00584.jpg,No,No,,Yes,No,,No,,,Yes,Yes
BrainTumor_00585.jpg,,,Yes,,No,Yes,,,Yes,No,No
BrainTumor_00586.jpg,,No,No,Yes,Yes,No,Yes,Yes,,No,No
BrainTumor_00587.jpg,No,,,Yes,,Yes,,No,No,Yes,Yes
BrainTumor_00588.jpg,,Yes,No,No,Yes,No,,Yes,Yes,No,Yes
BrainTumor_00589.jpg,,No,Yes,Yes,,Yes,Yes,Yes,No,Yes,No
BrainTumor_00590.jpg,,No,Yes,No,No,No,,,No,Yes,Yes
BrainTumor_00591.jpg,,,No,Yes,Yes,Yes,Yes,No,No,No,
BrainTumor_00592.jpg,No,No,No,Yes,Yes,Yes,No,,,Yes,Yes
BrainTumor_00593.jpg,Yes,No,Yes,,,Yes,Yes,No,No,No,Yes
BrainTumor_00594.jpg,No,,Yes,Yes,Yes,No,,,Yes,,No
BrainTumor_00595.jpg,Yes,,,Yes,,Yes,Yes,Yes,Yes,No,Yes
BrainTumor_00596.jpg,No,Yes,Yes,Yes,No,Yes,,Yes,No,Yes,No
BrainTumor_00597.jpg,,Yes,,No,No,Yes,,No,Yes,No,No
BrainTumor_00598.jpg,,Yes,,Yes,,No,Yes,No,Yes,Yes,No
BrainTumor_00599.jpg,,,No,No,,No,Yes,No,No,,No
BrainTumor_00600.jpg,,No,,Yes,,No,,Yes,No,No,Yes
BrainTumor_00601.jpg,No,,Yes,Yes,No,Yes,No,No,No,Yes,No
BrainTumor_00602.jpg,No,,No,,,No,No,,,,No
BrainTumor_00603.jpg,Yes,Yes,,No,Yes,Yes,,Yes,,Yes,Yes
BrainTumor_00604.jpg,,No,No,,Yes,Yes,Yes,,Yes,,Yes
BrainTumor_00605.jpg,No,,,No,,Yes,Yes,Yes,No,,Yes
BrainTumor_00606.jpg,No,No,Yes,No,,,Yes,Yes,,Yes,
BrainTumor_00607.jpg,Yes,,No,No,,No,No,No,No,,Yes
BrainTumor_00608.jpg,,Yes,,No,,No,Yes,No,Yes,No,Yes
BrainTumor_00609.jpg,No,No,,Yes,Yes,Yes,Yes,,No,Yes,Yes
BrainTumor_00610.jpg,,No,No,Yes,,Yes,Yes,Yes,,,No
BrainTumor_00611.jpg,Yes,Yes,Yes,No,,No,,,,No,Yes
BrainTumor_00612.jpg,No,,Yes,,No,,,Yes,No,Yes,No
BrainTumor_00613.jpg,Yes,,Yes,,No,Yes,,Yes,,,No
BrainTumor_00614.jpg,,No,No,,Yes,Yes,,Yes,,Yes,Yes
BrainTumor_00615.jpg,,Yes,,No,No,,,No,,,No
BrainTumor_00616.jpg,,No,,No,,Yes,Yes,No,Yes,Yes,Yes
BrainTumor_00617.jpg,Yes,Yes,No,Yes,No,No,,Yes,No,No,No
BrainTumor_00618.jpg,,Yes,,Yes,,,No,,,,No
BrainTumor_00619.jpg,,,,No,Yes,Yes,No,No,,Yes,No
BrainTumor_00620.jpg,No,,Yes,,Yes,Yes,No,,,No,Yes
BrainTumor_00621.jpg,No,Yes,,Yes,,,,Yes,No,,
BrainTumor_00622.jpg,No,No,,Yes,,Yes,No,No,No,No,
BrainTumor_00623.jpg,Yes,,,No,Yes,,Yes,Yes,No,No,
BrainTumor_00624.jpg,Yes,Yes,,No,,No,,Yes,Yes,Yes,
BrainTumor_00625.jpg,No,Yes,,Yes,Yes,,,No,No,,No
BrainTumor_00626.jpg,Yes,,No,,,Yes,,,Yes,Yes,
BrainTumor_00627.jpg,Yes,,No,,No,,,No,Yes,No,Yes
BrainTumor_00628.jpg,,Yes,No,Yes,,,,,Yes,,Yes
BrainTumor_00629.jpg,Yes,,,No,,Yes,Yes,Yes,No,,No
BrainTumor_00630.jpg,,No,,,,No,No,Yes,No,,
BrainTumor_00631.jpg,,Yes,,,,Yes,No,Yes,No,Yes,No
BrainTumor_00632.jpg,,No,,,,,No,Yes,Yes,Yes,Yes
BrainTumor_00633.jpg,Yes,Yes,Yes,Yes,Yes,,Yes,Yes,,Yes,Yes
BrainTumor_00634.jpg,Yes,No,Yes,No,No,Yes,Yes,Yes,No,No,No
BrainTumor_00635.jpg,,No,Yes,No,No,No,,,,No,
BrainTumor_00636.jpg,,Yes,No,,No,,Yes,No,,,No
BrainTumor_00637.jpg,Yes,Yes,,Yes,No,No,No,Yes,,No,Yes
BrainTumor_00638.jpg,No,No,,,,No,,,,,Yes
BrainTumor_00639.jpg,Yes,Yes,Yes,,Yes,Yes,,No,Yes,No,No
BrainTumor_00640.jpg,Yes,,Yes,Yes,,,No,No,,Yes,No
BrainTumor_00641.jpg,No,Yes,Yes,No,Yes,No,,No,,,Yes
BrainTumor_00642.jpg,Yes,Yes,,,Yes,No,Yes,No,No,Yes,No
BrainTumor_00643.jpg,,Yes,Yes,,,,,No,Yes,,Yes
BrainTumor_00644.jpg,Yes,Yes,,No,No,Yes,Yes,No,,,No
BrainTumor_00645.jpg,,No,No,,,Yes,Yes,,Yes,No,No
BrainTumor_00646.jpg,Yes,,No,No,,No,,No,No,Yes,Yes
BrainTumor_00647.jpg,Yes,Yes,No,,,,Yes,No,No,No,Yes
BrainTumor_00648.jpg,No,,No,,No,No,,No,Yes,No,Yes
BrainTumor_00649.jpg,Yes,,Yes,No,Yes,Yes,Yes,,,No,No
BrainTumor_00650.jpg,Yes,No,No,No,No,No,,No,No,Yes,Yes
BrainTumor_00651.jpg,No,Yes,No,,Yes,No,No,No,No,No,No
BrainTumor_00652.jpg,,No,Yes,,Yes,Yes,,No,Yes,No,Yes
BrainTumor_00653.jpg,Yes,No,,Yes,No,Yes,,,Yes,No,No
BrainTumor_00654.jpg,,Yes,,No,,Yes,,No,,,Yes
BrainTumor_00655.jpg,,,No,No,No,Yes,No,Yes,Yes,No,No
BrainTumor_00656.jpg,Yes,No,Yes,Yes,No,,Yes,Yes,No,Yes,
BrainTumor_00657.jpg,,Yes,Yes,No,Yes,Yes,,Yes,No,No,
BrainTumor_00658.jpg,No,,Yes,No,Yes,Yes,No,No,,No,Yes
BrainTumor_00659.jpg,Yes,No,Yes,No,Yes,,,,,Yes,Yes
BrainTumor_00660.jpg,,Yes,No,Yes,Yes,Yes,Yes,,No,Yes,
BrainTumor_00661.jpg,,Yes,,Yes,Yes,Yes,,,,No,
BrainTumor_00662.jpg,Yes,No,,Yes,,Yes,,No,,,No
BrainTumor_00663.jpg,,Yes,,,No,Yes,,,,Yes,Yes
BrainTumor_00664.jpg,,,,,No,No,No,No,Yes,Yes,
BrainTumor_00665.jpg,,,Yes,,,Yes,No,,Yes,Yes,Yes
BrainTumor_00666.jpg,,Yes,No,,,,,Yes,No,No,
BrainTumor_00667.jpg,No,No,No,No,No,,,,Yes,,Yes
BrainTumor_00668.jpg,Yes,,,,No,No,No,Yes,No,No,Yes
BrainTumor_00669.jpg,Yes,,No,,Yes,,Yes,,,,Yes
BrainTumor_00670.jpg,No,No,Yes,No,Yes,Yes,No,No,,No,No
BrainTumor_00671.jpg,Yes,,,,Yes,Yes,Yes,Yes,No,Yes,Yes
BrainTumor_00672.jpg,No,No,,Yes,No,Yes,Yes,Yes,,No,Yes
BrainTumor_00673.jpg,,,No,No,,Yes,,No,,Yes,
BrainTumor_00674.jpg,Yes,Yes,Yes,,,,,No,,Yes,Yes
BrainTumor_00675.jpg,Yes,No,No,,No,,No,Yes,No,Yes,
BrainTumor_00676.jpg,,No,No,,Yes,Yes,No,Yes,Yes,Yes,No
BrainTumor_00677.jpg,,Yes,No,,No,Yes,No,No,No,No,No
BrainTumor_00678.jpg,,No,Yes,,Yes,No,No,No,,Yes,Yes
BrainTumor_00679.jpg,Yes,Yes,No,,No,,,,,No,
BrainTumor_00680.jpg,Yes,No,No,No,Yes,,No,No,No,,Yes
BrainTumor_00681.jpg,Yes,,No,Yes,No,No,Yes,Yes,,No,
BrainTumor_00682.jpg,No,No,,No,,Yes,,Yes,No,No,
BrainTumor_00683.jpg,,No,,,Yes,,,Yes,Yes,,Yes
BrainTumor_00684.jpg,Yes,,No,,,Yes,No,No,Yes,No,No
BrainTumor_00685.jpg,No,,Yes,No,No,,,,Yes,No,Yes
BrainTumor_00686.jpg,No,,No,Yes,,No,,Yes,,,No
BrainTumor_00687.jpg,Yes,No,No,No,No,Yes,Yes,,Yes,,No
BrainTumor_00688.jpg,Yes,,Yes,Yes,,No,Yes,Yes,No,Yes,No
BrainTumor_00689.jpg,,,Yes,No,,No,No,Yes,No,No,Yes
BrainTumor_00690.jpg,,Yes,,No,Yes,Yes,Yes,No,No,No,
BrainTumor_00691.jpg,,,No,Yes,No,Yes,Yes,,,Yes,
BrainTumor_00692.jpg,Yes,Yes,,,No,No,No,,Yes,,
BrainTumor_00693.jpg,No,No,No,,No,,No,Yes,,No,No
BrainTumor_00694.jpg,Yes,Yes,No,No,No,,,No,No,No,
BrainTumor_00695.jpg,No,,No,Yes,No,Yes,Yes,Yes,Yes,,Yes
BrainTumor_00696.jpg,Yes,No,,Yes,No,,,Yes,,Yes,Yes
BrainTumor_00697.jpg,Yes,,,Yes,No,No,No,,,No,No
BrainTumor_00698.jpg,No,Yes,,Yes,,No,No,Yes,,,No
BrainTumor_00699.jpg,No,Yes,,No,Yes,,Yes,Yes,,,
BrainTumor_00700.jpg,,Yes,Yes,Yes,No,,No,Yes,,Yes,
BrainTumor_00701.jpg,Yes,,,Yes,No,Yes,Yes,Yes,,,Yes
BrainTumor_00702.jpg,Yes,,No,No,,No,No,No,,No,
BrainTumor_00703.jpg,Yes,,Yes,Yes,,,No,No,Yes,,
BrainTumor_00704.jpg,,No,Yes,No,Yes,Yes,No,Yes,No,,Yes
BrainTumor_00705.jpg,No,No,Yes,,Yes,Yes,,,,Yes,
BrainTumor_00706.jpg,Yes,No,Yes,,No,Yes,No,No,No,Yes,No
BrainTumor_00707.jpg,No,No,No,Yes,No,No,,,No,,
BrainTumor_00708.jpg,,,,,,Yes,Yes,No,,Yes,Yes
BrainTumor_00709.jpg,Yes,No,,Yes,No,No,,,No,Yes,No
BrainTumor_00710.jpg,Yes,No,No,Yes,,,No,Yes,,No,Yes
BrainTumor_00711.jpg,Yes,No,Yes,Yes,,,No,No,Yes,Yes,Yes
BrainTumor_00712.jpg,,No,,No,No,Yes,No,No,,No,No
BrainTumor_00713.jpg,Yes,,Yes,Yes,No,No,No,,Yes,,Yes
BrainTumor_00714.jpg,No,No,,Yes,Yes,Yes,,,No,,No
BrainTumor_00715.jpg,,,No,No,,No,Yes,Yes,,No,Yes
BrainTumor_00716.jpg,,,Yes,No,,,Yes,,No,,Yes
BrainTumor_00717.jpg,,,Yes,,Yes,,Yes,Yes,,No,
BrainTumor_00718.jpg,,No,No,Yes,No,,,Yes,No,,
BrainTumor_00719.jpg,Yes,,,Yes,,No,No,No,No,No,Yes
BrainTumor_00720.jpg,Yes,Yes,,No,Yes,,Yes,Yes,,No,
BrainTumor_00721.jpg,Yes,,No,No,,,,,Yes,,
BrainTumor_00722.jpg,,,Yes,Yes,,,Yes,,,No,No
BrainTumor_00723.jpg,,No,,No,,,Yes,,Yes,,Yes
BrainTumor_00724.jpg,No,No,No,,,No,Yes,Yes,Yes,,
BrainTumor_00725.jpg,,,No,No,,,No,No,Yes,Yes,
BrainTumor_00726.jpg,No,No,Yes,,Yes,No,No,Yes,Yes,,No
BrainTumor_00727.jpg,No,,No,No,Yes,Yes,No,Yes,No,,No
BrainTumor_00728.jpg,,No,,Yes,No,,Yes,,Yes,No,
BrainTumor_00729.jpg,Yes,Yes,No,Yes,No,No,Yes,No,,No,Yes
BrainTumor_00730.jpg,No,Yes,Yes,Yes,,,Yes,No,,Yes,Yes
BrainTumor_00731.jpg,Yes,No,No,,No,,No,No,No,Yes,No
BrainTumor_00732.jpg,No,No,No,Yes,Yes,,,No,,No,No
BrainTumor_00733.jpg,,,No,,No,No,Yes,Yes,Yes,,
BrainTumor_00734.jpg,,No,Yes,No,Yes,Yes,Yes,,,Yes,Yes
BrainTumor_00735.jpg,No,,No,No,Yes,No,No,No,Yes,Yes,Yes
BrainTumor_00736.jpg,No,No,No,,No,No,No,Yes,Yes,Yes,Yes
BrainTumor_00737.jpg,No,No,,No,Yes,,Yes,No,Yes,No,Yes
BrainTumor_00738.jpg,Yes,No,Yes,No,Yes,,,,,,Yes
BrainTumor_00739.jpg,No,,Yes,,,No,Yes,No,No,Yes,Yes
BrainTumor_00740.jpg,Yes,Yes,Yes,,No,No,,No,No,,
BrainTumor_00741.jpg,No,No,Yes,,,Yes,Yes,No,Yes,Yes,No
BrainTumor_00742.jpg,Yes,,Yes,No,,No,No,No,Yes,Yes,
BrainTumor_00743.jpg,No,No,No,Yes,Yes,Yes,No,No,,No,
BrainTumor_00744.jpg,,Yes,Yes,,Yes,No,Yes,,,Yes,Yes
BrainTumor_00745.jpg,No,,Yes,Yes,No,No,No,,,Yes,
BrainTumor_00746.jpg,No,Yes,Yes,No,,Yes,Yes,No,No,,
BrainTumor_00747.jpg,Yes,No,,No,Yes,,,Yes,No,No,No
BrainTumor_00748.jpg,Yes,No,,,No,,No,No,,Yes,No
BrainTumor_00749.jpg,No,,No,No,,Yes,,No,,,No
BrainTumor_00750.jpg,,No,,Yes,Yes,Yes,Yes,No,Yes,,
BrainTumor_00751.jpg,Yes,Yes,No,,Yes,Yes,,Yes,No,,Yes
BrainTumor_00752.jpg,Yes,Yes,No,,No,,No,Yes,Yes,Yes,No
BrainTumor_00753.jpg,,Yes,,No,Yes,,No,No,,,No
BrainTumor_00754.jpg,Yes,,No,No,No,No,Yes,No,Yes,Yes,Yes
BrainTumor_00755.jpg,,,No,Yes,Yes,Yes,Yes,,Yes,No,
BrainTumor_00756.jpg,,No,No,Yes,No,Yes,Yes,No,No,Yes,
BrainTumor_00757.jpg,Yes,Yes,Yes,,No,No,No,Yes,,Yes,No
BrainTumor_00758.jpg,,Yes,Yes,Yes,No,Yes,No,No,,,
BrainTumor_00759.jpg,Yes,No,Yes,No,Yes,No,No,Yes,No,No,
BrainTumor_00760.jpg,Yes,No,No,No,,,,Yes,Yes,No,Yes
BrainTumor_00761.jpg,,Yes,No,No,,,Yes,,,Yes,Yes
BrainTumor_00762.jpg,Yes,,,,,No,Yes,Yes,No,Yes,Yes
BrainTumor_00763.jpg,Yes,No,,Yes,,No,No,Yes,,,
BrainTumor_00764.jpg,No,Yes,,,Yes,No,No,,No,,No
BrainTumor_00765.jpg,,,No,,,Yes,No,Yes,No,Yes,No
BrainTumor_00766.jpg,Yes,Yes,No,No,No,,No,,Yes,Yes,
BrainTumor_00767.jpg,Yes,No,No,No,Yes,,No,Yes,Yes,Yes,Yes
BrainTumor_00768.jpg,Yes,No,,No,Yes,No,No,Yes,,,
BrainTumor_00769.jpg,Yes,No,,Yes,No,No,,,Yes,No,No
BrainTumor_00770.jpg,Yes,,,Yes,Yes,Yes,,No,No,,
BrainTumor_00771.jpg,No,Yes,No,No,Yes,No,,Yes,,Yes,
BrainTumor_00772.jpg,No,No,Yes,,No,Yes,,,No,,
BrainTumor_00773.jpg,No,Yes,Yes,Yes,,No,Yes,Yes,,,Yes
BrainTumor_00774.jpg,No,,Yes,,Yes,,Yes,Yes,No,No,No
BrainTumor_00775.jpg,No,,Yes,No,Yes,No,Yes,Yes,,No,No
BrainTumor_00776.jpg,No,No,Yes,,,Yes,Yes,,Yes,No,Yes
BrainTumor_00777.jpg,,,No,No,Yes,,,Yes,,No,Yes
BrainTumor_00778.jpg,,,,Yes,Yes,,Yes,,Yes,Yes,No
BrainTumor_00779.jpg,No,No,Yes,Yes,Yes,Yes,No,,,,No
BrainTumor_00780.jpg,Yes,No,No,Yes,,No,No,Yes,No,Yes,Yes
BrainTumor_00781.jpg,,Yes,,No,,,,No,,No,Yes
BrainTumor_00782.jpg,No,,,No,Yes,,No,No,Yes,Yes,
BrainTumor_00783.jpg,No,No,,No,,No,,No,,,Yes
BrainTumor_00784.jpg,,,No,,No,,Yes,Yes,,Yes,No
BrainTumor_00785.jpg,No,,No,Yes,Yes,No,,No,Yes,,No
BrainTumor_00786.jpg,No,,,Yes,,Yes,No,,No,Yes,Yes
BrainTumor_00787.jpg,No,,No,Yes,,Yes,,Yes,,No,Yes
BrainTumor_00788.jpg,Yes,Yes,Yes,Yes,No,Yes,No,No,Yes,Yes,
BrainTumor_00789.jpg,Yes,Yes,Yes,Yes,Yes,Yes,,No,Yes,No,
BrainTumor_00790.jpg,Yes,Yes,Yes,No,Yes,No,Yes,,,Yes,Yes
BrainTumor_00791.jpg,No,No,No,,No,,Yes,Yes,No,No,No
BrainTumor_00792.jpg,No,,,Yes,No,,Yes,,Yes,Yes,No
BrainTumor_00793.jpg,No,,Yes,Yes,Yes,,,,Yes,Yes,No
BrainTumor_00794.jpg,Yes,,,Yes,,No,,Yes,Yes,,No
BrainTumor_00795.jpg,,,,No,No,Yes,Yes,Yes,No,Yes,No
BrainTumor_00796.jpg,Yes,,No,Yes,No,No,Yes,,No,Yes,Yes
BrainTumor_00797.jpg,No,No,No,No,Yes,Yes,No,,No,No,
BrainTumor_00798.jpg,No,,,Yes,Yes,Yes,No,No,No,No,Yes
BrainTumor_00799.jpg,Yes,,,,Yes,Yes,Yes,,No,Yes,No
BrainTumor_00800.jpg,,Yes,No,Yes,Yes,,Yes,,No,,No
BrainTumor_00801.jpg,No,,,Yes,,No,Yes,No,,Yes,Yes
BrainTumor_00802.jpg,No,No,,,,Yes,Yes,Yes,,Yes,
BrainTumor_00803.jpg,No,Yes,Yes,,No,No,,Yes,No,No,Yes
BrainTumor_00804.jpg,,No,No,Yes,Yes,Yes,No,Yes,No,No,Yes
BrainTumor_00805.jpg,No,Yes,,Yes,No,,,Yes,Yes,No,Yes
BrainTumor_00806.jpg,No,No,,Yes,,,,No,No,No,Yes
BrainTumor_00807.jpg,No,No,No,,Yes,,,,,No,Yes
BrainTumor_00808.jpg,No,No,,,,No,,No,No,Yes,No
BrainTumor_00809.jpg,Yes,No,,Yes,Yes,,,Yes,,No,
BrainTumor_00810.jpg,Yes,,,Yes,,No,No,,Yes,,Yes
BrainTumor_00811.jpg,No,,No,,No,,Yes,No,,No,No
BrainTumor_00812.jpg,No,Yes,,No,,Yes,Yes,No,,No,No
BrainTumor_00813.jpg,No,,No,Yes,No,,Yes,No,No,Yes,Yes
BrainTumor_00814.jpg,Yes,No,Yes,Yes,,,Yes,No,Yes,Yes,No
BrainTumor_00815.jpg,Yes,,Yes,No,Yes,Yes,,Yes,,No,No
BrainTumor_00816.jpg,No,,,Yes,,No,No,No,No,,
BrainTumor_00817.jpg,,,,Yes,No,,,No,No,,
BrainTumor_00818.jpg,No,Yes,,,,Yes,,No,No,,Yes
BrainTumor_00819.jpg,,,Yes,No,No,,,Yes,,No,Yes
BrainTumor_00820.jpg,No,,,Yes,Yes,,No,,Yes,Yes,
BrainTumor_00821.jpg,,No,,Yes,Yes,Yes,No,No,,Yes,Yes
BrainTumor_00822.jpg,Yes,No,,No,No,No,Yes,Yes,,,Yes
BrainTumor_00823.jpg,,,,,,Yes,Yes,Yes,,No,Yes
BrainTumor_00824.jpg,No,Yes,Yes,,,,,No,No,,
BrainTumor_00825.jpg,Yes,Yes,,Yes,,No,Yes,,,Yes,
BrainTumor_00826.jpg,Yes,,No,No,Yes,Yes,Yes,No,No,Yes,Yes
BrainTumor_00827.jpg,,,No,,No,No,Yes,,,No,
BrainTumor_00828.jpg,No,Yes,Yes,No,,No,,,,Yes,Yes
BrainTumor_00829.jpg,No,Yes,Yes,,Yes,Yes,,Yes,,No,Yes
BrainTumor_00830.jpg,,Yes,,Yes,No,,,Yes,Yes,,No
BrainTumor_00831.jpg,Yes,Yes,No,,Yes,No,,No,Yes,No,Yes
BrainTumor_00832.jpg,,No,,,No,,No,Yes,,Yes,
BrainTumor_00833.jpg,,,Yes,,,No,,Yes,No,No,
BrainTumor_00834.jpg,,,,,Yes,Yes,,No,,Yes,Yes
BrainTumor_00835.jpg,,No,,,No,No,No,,No,Yes,Yes
BrainTumor_00836.jpg,,No,,Yes,Yes,No,,,Yes,Yes,No
BrainTumor_00837.jpg,No,Yes,,No,Yes,,,Yes,No,Yes,No
BrainTumor_00838.jpg,,,No,,No,No,,,,Yes,
BrainTumor_00839.jpg,,Yes,,Yes,Yes,,No,Yes,No,No,
BrainTumor_00840.jpg,No,Yes,,,,Yes,Yes,,No,Yes,Yes
BrainTumor_00841.jpg,Yes,,,Yes,Yes,Yes,No,Yes,,,Yes
BrainTumor_00842.jpg,,Yes,No,Yes,No,,Yes,,,No,
BrainTumor_00843.jpg,,Yes,No,,No,Yes,Yes,No,,No,No
BrainTumor_00844.jpg,Yes,No,No,Yes,Yes,Yes,Yes,Yes,,Yes,Yes
BrainTumor_00845.jpg,,,Yes,,,,,No,Yes,No,No
BrainTumor_00846.jpg,,,,No,No,No,No,No,No,No,
BrainTumor_00847.jpg,No,No,,Yes,No,,,,No,,No
BrainTumor_00848.jpg,No,,,No,,,,No,No,Yes,No
BrainTumor_00849.jpg,Yes,Yes,Yes,Yes,,Yes,,,No,No,
BrainTumor_00850.jpg,Yes,Yes,,,,No,No,No,Yes,,No
BrainTumor_00851.jpg,No,Yes,,No,Yes,No,Yes,No,Yes,,Yes
BrainTumor_00852.jpg,,Yes,No,,No,,,Yes,No,No,No
BrainTumor_00853.jpg,,Yes,,,,Yes,,Yes,,Yes,
BrainTumor_00854.jpg,,Yes,Yes,Yes,Yes,No,No,Yes,Yes,Yes,
BrainTumor_00855.jpg,Yes,No,,Yes,,Yes,No,,,,No
BrainTumor_00856.jpg,,,Yes,Yes,No,No,No,No,No,,No
BrainTumor_00857.jpg,,No,No,No,,No,No,No,Yes,,Yes
BrainTumor_00858.jpg,No,Yes,No,Yes,Yes,,No,No,,No,Yes
BrainTumor_00859.jpg,No,,No,No,Yes,No,No,,Yes,No,No
BrainTumor_00860.jpg,Yes,,,Yes,Yes,No,Yes,Yes,,Yes,No
BrainTumor_00861.jpg,,,,,,No,,Yes,Yes,,No
BrainTumor_00862.jpg,No,Yes,,,No,No,,No,Yes,Yes,Yes
BrainTumor_00863.jpg,,Yes,,Yes,No,,Yes,No,Yes,,Yes
BrainTumor_00864.jpg,No,,,No,Yes,Yes,,No,Yes,Yes,No
BrainTumor_00865.jpg,No,Yes,,Yes,No,Yes,No,,Yes,,Yes
BrainTumor_00866.jpg,No,,Yes,,Yes,No,,Yes,Yes,No,
BrainTumor_00867.jpg,,No,,,Yes,Yes,Yes,No,,No,
BrainTumor_00868.jpg,Yes,,Yes,,No,,Yes,,,No,Yes
BrainTumor_00869.jpg,No,Yes,,No,,,,,No,,Yes
BrainTumor_00870.jpg,Yes,No,No,,No,No,,No,No,,Yes
BrainTumor_00871.jpg,No,Yes,,No,Yes,No,Yes,No,Yes,,No
BrainTumor_00872.jpg,Yes,Yes,No,Yes,,No,,No,,Yes,No
BrainTumor_00873.jpg,,Yes,Yes,Yes,,Yes,No,No,No,,
BrainTumor_00874.jpg,No,No,No,,No,,,Yes,,Yes,
BrainTumor_00875.jpg,Yes,Yes,Yes,,Yes,,No,,,Yes,
BrainTumor_00876.jpg,,No,No,,,No,Yes,No,,Yes,Yes
BrainTumor_00877.jpg,Yes,,No,Yes,,,No,No,No,,Yes
BrainTumor_00878.jpg,No,No,,Yes,,No,,Yes,No,,
BrainTumor_00879.jpg,Yes,No,,,,,,Yes,,,No
BrainTumor_00880.jpg,Yes,Yes,,,Yes,No,,,,,No
BrainTumor_00881.jpg,No,,,,No,No,,,No,No,Yes
BrainTumor_00882.jpg,,Yes,,,No,No,No,Yes,No,Yes,Yes
BrainTumor_00883.jpg,No,,Yes,Yes,,Yes,,No,Yes,,No
BrainTumor_00884.jpg,Yes,Yes,Yes,No,No,Yes,,,Yes,Yes,Yes
BrainTumor_00885.jpg,,No,,Yes,Yes,No,,Yes,No,Yes,Yes
BrainTumor_00886.jpg,,Yes,Yes,,No,No,,No,,No,Yes
BrainTumor_00887.jpg,,Yes,No,No,No,No,No,Yes,,No,
BrainTumor_00888.jpg,Yes,Yes,No,No,No,,No,,Yes,Yes,
BrainTumor_00889.jpg,No,No,,,No,No,No,Yes,No,,No
BrainTumor_00890.jpg,Yes,No,,No,Yes,,,,,,
BrainTumor_00891.jpg,Yes,,,Yes,No,,No,,,Yes,
BrainTumor_00892.jpg,Yes,,,No,,,Yes,No,,No,
BrainTumor_00893.jpg,No,No,No,,,Yes,Yes,,No,No,No
BrainTumor_00894.jpg,Yes,No,,Yes,Yes,Yes,Yes,,Yes,,No
BrainTumor_00895.jpg,No,No,Yes,,No,No,Yes,No,,Yes,No
BrainTumor_00896.jpg,Yes,No,,,,,Yes,No,Yes,No,
BrainTumor_00897.jpg,Yes,No,No,No,,No,Yes,No,,Yes,Yes
BrainTumor_00898.jpg,Yes,No,,,Yes,,,Yes,,,Yes
BrainTumor_00899.jpg,No,Yes,No,Yes,Yes,Yes,Yes,No,No,Yes,Yes
BrainTumor_00900.jpg,No,Yes,Yes,No,No,No,,Yes,,No,
BrainTumor_00901.jpg,,Yes,,No,No,,,,Yes,Yes,Yes
BrainTumor_00902.jpg,Yes,Yes,Yes,,No,,,Yes,No,Yes,No
BrainTumor_00903.jpg,No,,,No,Yes,,,,,No,Yes
BrainTumor_00904.jpg,Yes,,Yes,No,No,,No,Yes,Yes,Yes,No
BrainTumor_00905.jpg,Yes,,Yes,No,No,,No,No,Yes,Yes,No
BrainTumor_00906.jpg,Yes,No,No,Yes,Yes,,,,,Yes,
BrainTumor_00907.jpg,,Yes,Yes,No,No,,No,No,,No,
BrainTumor_00908.jpg,,No,No,No,,No,No,Yes,,No,No
BrainTumor_00909.jpg,,Yes,,,,,,Yes,,,
BrainTumor_00910.jpg,Yes,Yes,No,Yes,,Yes,Yes,No,Yes,,Yes
BrainTumor_00911.jpg,,,No,,Yes,No,No,No,Yes,,
BrainTumor_00912.jpg,No,,,,Yes,Yes,No,No,,,No
BrainTumor_00913.jpg,No,Yes,No,No,Yes,No,No,Yes,Yes,Yes,
BrainTumor_00914.jpg,,Yes,No,No,Yes,No,,,No,,Yes
BrainTumor_00915.jpg,,No,,Yes,,Yes,Yes,Yes,No,No,
BrainTumor_00916.jpg,No,,,Yes,Yes,,No,No,,No,No
BrainTumor_00917.jpg,Yes,,,Yes,Yes,No,,,No,Yes,
BrainTumor_00918.jpg,,No,,,No,,Yes,Yes,,No,No
BrainTumor_00919.jpg,,No,Yes,No,No,,No,No,No,Yes,No
BrainTumor_00920.jpg,Yes,Yes,No,Yes,No,,,No,No,Yes,
BrainTumor_00921.jpg,Yes,No,No,,,Yes,,No,,Yes,
BrainTumor_00922.jpg,Yes,Yes,,Yes,No,No,Yes,,No,,No
BrainTumor_00923.jpg,,Yes,No,No,,,,,,,Yes
BrainTumor_00924.jpg,,No,No,No,No,,Yes,Yes,,Yes,Yes
BrainTumor_00925.jpg,,Yes,Yes,No,No,,No,,No,No,Yes
BrainTumor_00926.jpg,No,No,,No,,No,,No,Yes,,No
BrainTumor_00927.jpg,,No,No,No,,,Yes,,Yes,No,No
BrainTumor_00928.jpg,,Yes,Yes,Yes,No,,Yes,,No,Yes,No
BrainTumor_00929.jpg,,,Yes,Yes,,Yes,Yes,,No,,No
BrainTumor_00930.jpg,,Yes,,No,No,,No,,,,Yes
BrainTumor_00931.jpg,No,Yes,,No,,Yes,Yes,Yes,Yes,Yes,No
BrainTumor_00932.jpg,Yes,,,No,No,No,No,No,No,,Yes
BrainTumor_00933.jpg,Yes,,No,Yes,,,,,,No,Yes
BrainTumor_00934.jpg,No,No,No,No,Yes,No,Yes,,Yes,No,
BrainTumor_00935.jpg,No,No,,,Yes,Yes,,Yes,,,No
BrainTumor_00936.jpg,,No,,Yes,Yes,No,No,Yes,No,No,Yes
BrainTumor_00937.jpg,,,,Yes,No,No,,,Yes,,No
BrainTumor_00938.jpg,Yes,,,,Yes,Yes,No,,Yes,Yes,No
BrainTumor_00939.jpg,,,Yes,,No,Yes,,No,,Yes,
BrainTumor_00940.jpg,Yes,No,,Yes,No,Yes,,No,Yes,,Yes
BrainTumor_00941.jpg,,,Yes,No,No,No,No,Yes,,Yes,Yes
BrainTumor_00942.jpg,Yes,No,,Yes,No,No,,Yes,,No,Yes
BrainTumor_00943.jpg,No,Yes,Yes,Yes,Yes,No,No,Yes,No,Yes,Yes
BrainTumor_00944.jpg,,,No,,Yes,,,,Yes,Yes,No
BrainTumor_00945.jpg,Yes,Yes,,Yes,No,,Yes,,Yes,,
BrainTumor_00946.jpg,Yes,,Yes,Yes,Yes,,No,,Yes,No,
BrainTumor_00947.jpg,No,Yes,No,No,No,No,,Yes,Yes,No,No
BrainTumor_00948.jpg,,No,No,No,No,,Yes,Yes,No,,
BrainTumor_00949.jpg,Yes,No,Yes,No,Yes,,,Yes,,,
BrainTumor_00950.jpg,No,Yes,,,No,Yes,,No,,No,
BrainTumor_00951.jpg,,No,,No,No,No,Yes,,No,No,Yes
BrainTumor_00952.jpg,No,Yes,Yes,Yes,Yes,No,Yes,,Yes,No,
BrainTumor_00953.jpg,Yes,No,No,Yes,No,Yes,,Yes,No,Yes,No
BrainTumor_00954.jpg,Yes,,Yes,Yes,No,No,,,Yes,Yes,No
BrainTumor_00955.jpg,Yes,,No,Yes,No,Yes,Yes,,Yes,No,No
BrainTumor_00956.jpg,No,No,,,,Yes,Yes,Yes,No,No,
BrainTumor_00957.jpg,No,Yes,Yes,No,Yes,No,No,Yes,,Yes,No
BrainTumor_00958.jpg,Yes,,,No,Yes,,Yes,Yes,,,Yes
BrainTumor_00959.jpg,,Yes,Yes,Yes,,No,Yes,No,,,Yes
BrainTumor_00960.jpg,No,No,No,,No,,,No,No,No,
BrainTumor_00961.jpg,Yes,No,,Yes,,No,,Yes,,,Yes
BrainTumor_00962.jpg,Yes,,No,No,No,,Yes,Yes,Yes,No,
BrainTumor_00963.jpg,,Yes,,Yes,No,,No,No,No,,No
BrainTumor_00964.jpg,No,No,Yes,No,Yes,Yes,Yes,Yes,No,Yes,No
BrainTumor_00965.jpg,,Yes,Yes,,No,,No,No,,No,No
BrainTumor_00966.jpg,Yes,Yes,Yes,Yes,Yes,,No,Yes,Yes,No,Yes
BrainTumor_00967.jpg,Yes,No,,,Yes,No,Yes,Yes,,Yes,Yes
BrainTumor_00968.jpg,Yes,No,No,Yes,No,No,Yes,No,,,
BrainTumor_00969.jpg,,Yes,No,,Yes,,Yes,,No,,No
BrainTumor_00970.jpg,,,No,,Yes,,,Yes,,,Yes
BrainTumor_00971.jpg,No,No,Yes,Yes,,Yes,No,Yes,No,,No
BrainTumor_00972.jpg,Yes,No,,Yes,No,,Yes,,Yes,Yes,Yes
BrainTumor_00973.jpg,,Yes,No,Yes,,No,Yes,Yes,,Yes,No
BrainTumor_00974.jpg,,Yes,Yes,Yes,Yes,No,Yes,No,No,No,No
BrainTumor_00975.jpg,,No,Yes,Yes,,No,Yes,No,No,Yes,
BrainTumor_00976.jpg,,No,Yes,Yes,,,,,,Yes,
BrainTumor_00977.jpg,Yes,,Yes,,No,No,No,No,,,No
BrainTumor_00978.jpg,No,,No,,Yes,,,Yes,,Yes,No
BrainTumor_00979.jpg,No,No,No,,No,,Yes,,No,Yes,Yes
BrainTumor_00980.jpg,Yes,Yes,,No,,,,No,Yes,Yes,No
BrainTumor_00981.jpg,No,Yes,No,,No,No,,Yes,Yes,No,No
BrainTumor_00982.jpg,Yes,Yes,Yes,No,,No,,,No,,Yes
BrainTumor_00983.jpg,,Yes,Yes,Yes,No,No,,No,No,No,Yes
BrainTumor_00984.jpg,No,No,,No,Yes,No,No,,Yes,No,Yes
BrainTumor_00985.jpg,Yes,Yes,No,Yes,,,Yes,No,Yes,,Yes
BrainTumor_00986.jpg,No,No,Yes,Yes,Yes,No,,,,,
BrainTumor_00987.jpg,Yes,,,Yes,Yes,,No,No,,No,
BrainTumor_00988.jpg,Yes,Yes,No,,,Yes,Yes,,Yes,No,No
BrainTumor_00989.jpg,No,Yes,Yes,,No,,,Yes,Yes,,No
BrainTumor_00990.jpg,,No,No,Yes,,No,Yes,No,Yes,Yes,
BrainTumor_00991.jpg,,Yes,No,,No,Yes,No,,Yes,No,Yes
BrainTumor_00992.jpg,,No,,,Yes,,No,Yes,Yes,Yes,No
BrainTumor_00993.jpg,Yes,No,,No,,Yes,No,,Yes,Yes,
BrainTumor_00994.jpg,,Yes,,Yes,,No,Yes,,No,Yes,
BrainTumor_00995.jpg,Yes,Yes,No,,No,Yes,,Yes,,Yes,No
BrainTumor_00996.jpg,Yes,No,Yes,No,Yes,No,No,Yes,No,No,Yes
BrainTumor_00997.jpg,Yes,,,Yes,Yes,,,Yes,No,No,Yes
BrainTumor_00998.jpg,Yes,Yes,No,Yes,,Yes,Yes,No,Yes,Yes,Yes
BrainTumor_00999.jpg,,,,Yes,No,No,,,Yes,,No
BrainTumor_01000.jpg,No,,,,,No,,Yes,,Yes,
BrainTumor_01001.jpg,,,Yes,Yes,Yes,,,Yes,No,Yes,
BrainTumor_01002.jpg,Yes,Yes,No,Yes,Yes,No,Yes,No,,No,
BrainTumor_01003.jpg,Yes,Yes,No,No,Yes,Yes,,No,Yes,Yes,Yes
BrainTumor_01004.jpg,No,Yes,No,No,,Yes,No,Yes,Yes,No,No
BrainTumor_01005.jpg,No,No,,No,Yes,No,,Yes,No,No,
BrainTumor_01006.jpg,,,No,,No,No,,,,,Yes
BrainTumor_01007.jpg,No,,Yes,Yes,,Yes,Yes,No,No,,No
BrainTumor_01008.jpg,,No,No,Yes,No,,,Yes,,No,
BrainTumor_01009.jpg,No,,No,Yes,,Yes,,Yes,Yes,,No
BrainTumor_01010.jpg,Yes,,,,,,,No,Yes,Yes,
BrainTumor_01011.jpg,Yes,Yes,Yes,Yes,Yes,No,Yes,No,Yes,,No
BrainTumor_01012.jpg,No,,,Yes,,Yes,No,No,Yes,No,Yes
BrainTumor_01013.jpg,No,Yes,,,Yes,Yes,No,Yes,Yes,Yes,No
BrainTumor_01014.jpg,No,Yes,No,Yes,,,No,No,Yes,No,
BrainTumor_01015.jpg,No,No,,No,No,No,No,,Yes,No,No
BrainTumor_01016.jpg,,No,Yes,Yes,,,,,No,No,No
BrainTumor_01017.jpg,,No,No,Yes,No,No,Yes,,,Yes,No
BrainTumor_01018.jpg,Yes,,No,,No,,,,Yes,,
BrainTumor_01019.jpg,Yes,,,No,Yes,Yes,No,No,,Yes,No
BrainTumor_01020.jpg,Yes,,,Yes,Yes,Yes,,Yes,Yes,No,
BrainTumor_01021.jpg,,No,,Yes,Yes,Yes,,,Yes,No,Yes
BrainTumor_01022.jpg,Yes,No,,No,Yes,,,No,Yes,,Yes
BrainTumor_01023.jpg,,No,Yes,Yes,,No,Yes,,,Yes,No
BrainTumor_01024.jpg,,No,Yes,,Yes,Yes,,Yes,No,,Yes
BrainTumor_01025.jpg,Yes,Yes,,No,Yes,,Yes,Yes,Yes,Yes,
BrainTumor_01026.jpg,Yes,Yes,No,Yes,,,No,,,,
BrainTumor_01027.jpg,,Yes,No,No,,Yes,No,No,No,Yes,
BrainTumor_01028.jpg,,Yes,,Yes,,,,Yes,,,Yes
BrainTumor_01029.jpg,No,Yes,Yes,Yes,,No,No,,,,Yes
BrainTumor_01030.jpg,No,No,No,,,Yes,No,,No,Yes,Yes
BrainTumor_01031.jpg,No,,No,,Yes,,,Yes,No,,
BrainTumor_01032.jpg,Yes,Yes,No,,No,Yes,,Yes,No,No,
BrainTumor_01033.jpg,Yes,,No,,Yes,No,,,Yes,No,No
BrainTumor_01034.jpg,Yes,Yes,No,Yes,,Yes,No,,No,,
BrainTumor_01035.jpg,,No,Yes,No,,,No,,Yes,No,
BrainTumor_01036.jpg,,Yes,,,No,Yes,Yes,Yes,Yes,No,
BrainTumor_01037.jpg,Yes,No,No,Yes,,Yes,No,Yes,Yes,,
BrainTumor_01038.jpg,No,Yes,Yes,,No,,No,No,,Yes,No
BrainTumor_01039.jpg,Yes,No,,No,No,,Yes,Yes,,Yes,Yes
BrainTumor_01040.jpg,Yes,,No,Yes,Yes,No,,Yes,No,Yes,No
BrainTumor_01041.jpg,No,No,Yes,,Yes,Yes,Yes,,,,No
BrainTumor_01042.jpg,No,Yes,No,,Yes,Yes,No,Yes,No,,
BrainTumor_01043.jpg,,,No,Yes,Yes,No,No,,No,,
BrainTumor_01044.jpg,,No,No,Yes,No,,Yes,No,No,Yes,Yes
BrainTumor_01045.jpg,Yes,No,No,Yes,Yes,No,No,No,No,,No
BrainTumor_01046.jpg,No,,,No,No,No,,Yes,,,No
BrainTumor_01047.jpg,No,Yes,,Yes,No,,Yes,No,,Yes,
BrainTumor_01048.jpg,No,,Yes,No,,,,No,Yes,,No
BrainTumor_01049.jpg,No,No,Yes,Yes,,,No,Yes,,Yes,Yes
BrainTumor_01050.jpg,,,Yes,No,,,No,,,No,No
BrainTumor_01051.jpg,,Yes,Yes,No,No,Yes,,No,No,Yes,Yes
BrainTumor_01052.jpg,No,No,Yes,No,,,,No,,No,
BrainTumor_01053.jpg,Yes,Yes,Yes,Yes,No,No,Yes,No,No,No,No
BrainTumor_01054.jpg,Yes,Yes,No,Yes,No,,Yes,No,No,,No
BrainTumor_01055.jpg,Yes,,,Yes,No,No,,Yes,Yes,No,No
BrainTumor_01056.jpg,Yes,,Yes,No,,Yes,No,Yes,Yes,,
BrainTumor_01057.jpg,,,No,,,No,No,Yes,Yes,,
BrainTumor_01058.jpg,,,No,,No,Yes,No,Yes,Yes,Yes,No
BrainTumor_01059.jpg,Yes,,Yes,,No,No,,No,No,No,Yes
BrainTumor_01060.jpg,,,No,,,Yes,No,,,No,
BrainTumor_01061.jpg,No,No,,,,,No,No,Yes,No,No
BrainTumor_01062.jpg,,,Yes,No,,No,No,No,,,No
BrainTumor_01063.jpg,,Yes,No,,No,Yes,,No,No,Yes,
BrainTumor_01064.jpg,,No,No,Yes,Yes,,,,No,No,
BrainTumor_01065.jpg,Yes,No,,Yes,No,,,No,,Yes,Yes
BrainTumor_01066.jpg,,Yes,,Yes,No,,No,Yes,Yes,,No
BrainTumor_01067.jpg,Yes,Yes,No,,,No,,No,Yes,,Yes
BrainTumor_01068.jpg,,No,,Yes,Yes,Yes,,No,,No,
BrainTumor_01069.jpg,No,No,,Yes,Yes,,,,Yes,No,No
BrainTumor_01070.jpg,Yes,No,Yes,No,Yes,No,No,,Yes,,
BrainTumor_01071.jpg,Yes,Yes,,,,,No,,Yes,No,Yes
BrainTumor_01072.jpg,Yes,No,,Yes,,,No,Yes,No,Yes,Yes
BrainTumor_01073.jpg,No,No,,No,Yes,No,No,Yes,,Yes,
BrainTumor_01074.jpg,,,No,No,,Yes,Yes,,Yes,Yes,Yes
BrainTumor_01075.jpg,Yes,,Yes,,,Yes,No,No,No,,
BrainTumor_01076.jpg,Yes,No,,Yes,No,Yes,No,,No,,Yes
BrainTumor_01077.jpg,Yes,,No,,Yes,Yes,Yes,No,No,Yes,Yes
BrainTumor_01078.jpg,No,No,,No,,,No,Yes,,Yes,No
BrainTumor_01079.jpg,Yes,,Yes,No,No,Yes,No,Yes,No,No,No
BrainTumor_01080.jpg,Yes,,,,Yes,Yes,No,No,Yes,Yes,No
BrainTumor_01081.jpg,,,No,No,No,No,Yes,Yes,No,Yes,
BrainTumor_01082.jpg,Yes,Yes,Yes,Yes,Yes,No,,Yes,,No,No
BrainTumor_01083.jpg,No,No,Yes,Yes,,,Yes,No,Yes,,Yes
BrainTumor_01084.jpg,Yes,Yes,No,No,,No,Yes,,No,Yes,
BrainTumor_01085.jpg,,No,,Yes,,Yes,,No,,,No
BrainTumor_01086.jpg,Yes,,Yes,Yes,No,No,Yes,,No,No,Yes
BrainTumor_01087.jpg,,,,Yes,No,No,Yes,,,No,Yes
BrainTumor_01088.jpg,Yes,Yes,Yes,,,Yes,Yes,Yes,Yes,Yes,Yes
BrainTumor_01089.jpg,No,No,Yes,,No,,Yes,No,,,
BrainTumor_01090.jpg,,Yes,No,,,,No,,,No,
BrainTumor_01091.jpg,Yes,No,Yes,No,,Yes,Yes,No,Yes,No,No
BrainTumor_01092.jpg,No,,Yes,,Yes,,Yes,Yes,,No,Yes
BrainTumor_01093.jpg,,Yes,,No,No,Yes,,Yes,Yes,No,No
BrainTumor_01094.jpg,,Yes,,Yes,Yes,No,No,Yes,No,Yes,No
BrainTumor_01095.jpg,,No,Yes,No,No,,Yes,No,Yes,,
BrainTumor_01096.jpg,,,,,Yes,,,No,,No,Yes
BrainTumor_01097.jpg,,,,Yes,Yes,,Yes,,,No,No
BrainTumor_01098.jpg,No,No,Yes,No,No,No,No,,No,Yes,Yes
BrainTumor_01099.jpg,,,No,Yes,Yes,No,No,,Yes,Yes,Yes
BrainTumor_01100.jpg,,Yes,,,,Yes,No,No,No,,Yes
BrainTumor_01101.jpg,Yes,Yes,Yes,No,No,Yes,Yes,,No,Yes,No
BrainTumor_01102.jpg,,,Yes,Yes,Yes,No,Yes,,No,Yes,
BrainTumor_01103.jpg,No,,No,No,,No,No,,No,No,No
BrainTumor_01104.jpg,No,Yes,Yes,Yes,,No,,,No,No,
BrainTumor_01105.jpg,No,No,Yes,,No,,No,,No,No,No
BrainTumor_01106.jpg,No,,Yes,Yes,,No,,,No,,No
BrainTumor_01107.jpg,No,No,,,No,No,No,No,,,
BrainTumor_01108.jpg,,,Yes,,,Yes,,,,,No
BrainTumor_01109.jpg,,Yes,No,Yes,Yes,,Yes,,No,Yes,Yes
BrainTumor_01110.jpg,,No,No,,,No,No,No,,,
BrainTumor_01111.jpg,,Yes,No,Yes,,No,No,No,Yes,Yes,No
BrainTumor_01112.jpg,Yes,No,Yes,No,Yes,No,,Yes,,Yes,Yes
BrainTumor_01113.jpg,Yes,,No,Yes,Yes,,Yes,,Yes,,
BrainTumor_01114.jpg,,No,Yes,Yes,,No,,,,,
BrainTumor_01115.jpg,No,No,No,,Yes,,Yes,No,,,Yes
BrainTumor_01116.jpg,,Yes,Yes,No,No,Yes,Yes,Yes,No,,No
BrainTumor_01117.jpg,,Yes,No,,,Yes,,Yes,No,No,No
BrainTumor_01118.jpg,,,Yes,Yes,No,,No,,No,,No
BrainTumor_01119.jpg,,No,No,,Yes,No,No,No,Yes,No,No
BrainTumor_01120.jpg,,,,No,Yes,Yes,No,,Yes,No,No
BrainTumor_01121.jpg,,No,,Yes,,Yes,Yes,,Yes,No,No
BrainTumor_01122.jpg,Yes,No,No,,No,Yes,Yes,No,No,No,No
BrainTumor_01123.jpg,No,No,,,,Yes,Yes,,No,,No
BrainTumor_01124.jpg,Yes,Yes,No,Yes,No,,No,,Yes,,No
BrainTumor_01125.jpg,,Yes,,,Yes,No,Yes,No,No,No,Yes
BrainTumor_01126.jpg,Yes,No,Yes,No,Yes,Yes,Yes,Yes,Yes,No,No
BrainTumor_01127.jpg,Yes,No,,No,,,Yes,Yes,No,No,No
BrainTumor_01128.jpg,Yes,Yes,Yes,No,Yes,Yes,,No,No,,No
BrainTumor_01129.jpg,,No,No,Yes,Yes,No,Yes,Yes,Yes,,
BrainTumor_01130.jpg,No,,Yes,,Yes,,No,Yes,No,,
BrainTumor_01131.jpg,No,,,Yes,,,,Yes,No,No,Yes
BrainTumor_01132.jpg,,No,,,,,No,Yes,No,,
BrainTumor_01133.jpg,No,,,,Yes,,No,,,Yes,
BrainTumor_01134.jpg,Yes,,,No,,Yes,No,No,No,Yes,
BrainTumor_01135.jpg,No,No,No,No,Yes,Yes,No,No,Yes,No,
BrainTumor_01136.jpg,No,,Yes,,Yes,Yes,No,,No,Yes,
BrainTumor_01137.jpg,Yes,Yes,No,,,Yes,No,,No,,
BrainTumor_01138.jpg,No,Yes,Yes,,No,Yes,Yes,No,Yes,Yes,
BrainTumor_01139.jpg,No,,,Yes,No,,No,,,No,No
BrainTumor_01140.jpg,No,Yes,Yes,No,Yes,Yes,,Yes,,,
BrainTumor_01141.jpg,,No,Yes,Yes,,,,No,Yes,Yes,No
BrainTumor_01142.jpg,Yes,,,,No,No,,Yes,Yes,,
BrainTumor_01143.jpg,,No,No,Yes,Yes,No,No,Yes,Yes,Yes,No
BrainTumor_01144.jpg,Yes,Yes,No,,No,No,,No,,No,
BrainTumor_01145.jpg,,,,No,No,No,,Yes,No,Yes,No
BrainTumor_01146.jpg,No,No,No,Yes,,Yes,,,,No,No
BrainTumor_01147.jpg,Yes,,,,No,No,,Yes,Yes,No,Yes
BrainTumor_01148.jpg,,,,,,No,,,,Yes,Yes
BrainTumor_01149.jpg,Yes,Yes,No,,Yes,,Yes,No,Yes,No,
BrainTumor_01150.jpg,Yes,Yes,No,Yes,,No,Yes,Yes,,Yes,No
BrainTumor_01151.jpg,Yes,,No,,Yes,Yes,Yes,Yes,No,,
BrainTumor_01152.jpg,Yes,No,Yes,Yes,,,,Yes,No,No,Yes
BrainTumor_01153.jpg,,Yes,Yes,,Yes,Yes,No,Yes,,,
BrainTumor_01154.jpg,No,No,Yes,No,No,Yes,,No,,Yes,
BrainTumor_01155.jpg,,No,,No,Yes,Yes,Yes,Yes,,Yes,Yes
BrainTumor_01156.jpg,No,No,Yes,Yes,,Yes,Yes,No,Yes,,No
BrainTumor_01157.jpg,,Yes,Yes,No,No,,,Yes,,No,No
BrainTumor_01158.jpg,No,Yes,No,No,No,,No,,Yes,,Yes
BrainTumor_01159.jpg,Yes,No,Yes,No,No,,,,,No,
BrainTumor_01160.jpg,,Yes,Yes,,,,,Yes,No,No,No
BrainTumor_01161.jpg,No,,,Yes,,,No,No,Yes,No,Yes
BrainTumor_01162.jpg,No,No,Yes,Yes,,No,Yes,Yes,,No,No
BrainTumor_01163.jpg,Yes,No,No,Yes,,No,Yes,Yes,No,,
BrainTumor_01164.jpg,,Yes,,No,Yes,Yes,Yes,,Yes,,
BrainTumor_01165.jpg,No,Yes,Yes,,,Yes,Yes,No,No,No,Yes
BrainTumor_01166.jpg,Yes,Yes,No,No,No,Yes,No,No,,,No
BrainTumor_01167.jpg,No,,No,Yes,,,Yes,,No,,No
BrainTumor_01168.jpg,No,No,,,Yes,Yes,No,Yes,,No,
BrainTumor_01169.jpg,No,,,No,Yes,,Yes,,Yes,No,No
BrainTumor_01170.jpg,Yes,No,No,No,Yes,,Yes,,,No,Yes
BrainTumor_01171.jpg,,Yes,Yes,Yes,Yes,No,No,,,No,No
BrainTumor_01172.jpg,,,Yes,No,Yes,,,,,No,Yes
BrainTumor_01173.jpg,No,No,,Yes,,Yes,No,Yes,Yes,No,
BrainTumor_01174.jpg,Yes,No,Yes,,No,Yes,Yes,,,No,
BrainTumor_01175.jpg,,Yes,Yes,,Yes,,No,No,,Yes,
BrainTumor_01176.jpg,,No,Yes,No,Yes,No,No,Yes,Yes,,No
BrainTumor_01177.jpg,,,Yes,Yes,,Yes,No,No,No,No,No
BrainTumor_01178.jpg,No,,,,No,Yes,Yes,Yes,Yes,Yes,No
BrainTumor_01179.jpg,Yes,,Yes,,,Yes,No,,,,Yes
BrainTumor_01180.jpg,Yes,Yes,Yes,Yes,,No,Yes,No,Yes,No,Yes
BrainTumor_01181.jpg,,Yes,No,,No,,Yes,Yes,,No,Yes
BrainTumor_01182.jpg,Yes,,No,Yes,Yes,No,Yes,Yes,Yes,Yes,
BrainTumor_01183.jpg,No,No,,Yes,,,,,Yes,,No
BrainTumor_01184.jpg,,,,,,,No,,,Yes,
BrainTumor_01185.jpg,Yes,Yes,Yes,Yes,No,Yes,,No,No,No,No
BrainTumor_01186.jpg,Yes,No,No,Yes,,,Yes,No,No,Yes,No
BrainTumor_01187.jpg,,Yes,No,Yes,Yes,,Yes,,Yes,,Yes
BrainTumor_01188.jpg,No,Yes,Yes,,No,No,,No,Yes,Yes,Yes
BrainTumor_01189.jpg,No,No,Yes,,No,,No,No,No,No,Yes
BrainTumor_01190.jpg,No,Yes,,No,Yes,No,,No,,No,
BrainTumor_01191.jpg,No,Yes,,Yes,No,No,Yes,,Yes,No,No
BrainTumor_01192.jpg,No,Yes,No,No,,Yes,Yes,No,,Yes,No
BrainTumor_01193.jpg,Yes,Yes,Yes,,Yes,No,No,Yes,Yes,No,
BrainTumor_01194.jpg,No,,Yes,Yes,Yes,Yes,Yes,Yes,No,Yes,Yes
BrainTumor_01195.jpg,Yes,No,Yes,,Yes,No,Yes,,No,Yes,
BrainTumor_01196.jpg,,Yes,No,No,No,Yes,No,No,Yes,,No
BrainTumor_01197.jpg,Yes,,No,Yes,No,Yes,No,,Yes,Yes,No
BrainTumor_01198.jpg,,No,No,Yes,Yes,,Yes,Yes,Yes,Yes,Yes
BrainTumor_01199.jpg,Yes,No,,,,,,No,No,No,
BrainTumor_01200.jpg,,No,Yes,No,,,,,,Yes,Yes
BrainTumor_01201.jpg,,No,No,Yes,No,No,Yes,Yes,,Yes,
BrainTumor_01202.jpg,,,,No,Yes,No,,No,No,No,
BrainTumor_01203.jpg,Yes,Yes,Yes,,Yes,,No,Yes,Yes,No,Yes
BrainTumor_01204.jpg,No,Yes,No,Yes,,No,No,,Yes,,No
BrainTumor_01205.jpg,,Yes,,Yes,No,,,No,,,
BrainTumor_01206.jpg,,Yes,No,,No,Yes,,,No,No,Yes
BrainTumor_01207.jpg,No,No,Yes,,No,No,Yes,Yes,Yes,No,
BrainTumor_01208.jpg,No,,No,No,Yes,Yes,,,No,No,Yes
BrainTumor_01209.jpg,No,,,,No,,Yes,Yes,Yes,Yes,No
BrainTumor_01210.jpg,Yes,Yes,,Yes,No,,Yes,No,No,Yes,Yes
BrainTumor_01211.jpg,Yes,No,,,Yes,Yes,No,Yes,No,,Yes
BrainTumor_01212.jpg,,,No,Yes,No,No,,No,Yes,No,No
BrainTumor_01213.jpg,,Yes,,,,,,Yes,Yes,Yes,No
BrainTumor_01214.jpg,,,,,No,Yes,Yes,,,Yes,No
BrainTumor_01215.jpg,No,No,No,No,,No,Yes,,No,Yes,Yes
BrainTumor_01216.jpg,Yes,Yes,,Yes,No,No,Yes,No,,,No
BrainTumor_01217.jpg,,Yes,,Yes,Yes,Yes,Yes,No,No,Yes,Yes
BrainTumor_01218.jpg,Yes,,,Yes,No,Yes,Yes,Yes,Yes,,Yes
BrainTumor_01219.jpg,Yes,Yes,,Yes,,Yes,,Yes,,No,Yes
BrainTumor_01220.jpg,No,Yes,Yes,No,Yes,,,,,,No
BrainTumor_01221.jpg,No,,,,No,No,Yes,,,No,
BrainTumor_01222.jpg,,Yes,No,No,Yes,Yes,,Yes,No,,
BrainTumor_01223.jpg,,,Yes,,No,,No,No,,Yes,
BrainTumor_01224.jpg,,,Yes,,,No,,,Yes,No,Yes
BrainTumor_01225.jpg,No,Yes,,Yes,,,Yes,Yes,No,No,Yes
BrainTumor_01226.jpg,,No,No,Yes,,Yes,Yes,,Yes,,No
BrainTumor_01227.jpg,,,,No,No,,,No,,,No
BrainTumor_01228.jpg,No,,Yes,No,Yes,,No,No,No,No,No
BrainTumor_01229.jpg,,,,Yes,,,,No,,Yes,No
BrainTumor_01230.jpg,Yes,Yes,No,Yes,No,,Yes,,No,,Yes
BrainTumor_01231.jpg,No,No,No,,Yes,No,Yes,Yes,Yes,,Yes
BrainTumor_01232.jpg,,,,Yes,,,,No,No,,
BrainTumor_01233.jpg,No,,,,No,No,No,Yes,,Yes,No
BrainTumor_01234.jpg,Yes,Yes,Yes,Yes,,,,Yes,No,No,No
BrainTumor_01235.jpg,,,No,Yes,,Yes,Yes,Yes,No,Yes,Yes
BrainTumor_01236.jpg,,Yes,,No,Yes,,No,Yes,Yes,,
BrainTumor_01237.jpg,Yes,Yes,No,No,,No,Yes,Yes,No,,
BrainTumor_01238.jpg,,No,No,,No,Yes,No,,,,Yes
BrainTumor_01239.jpg,Yes,Yes,Yes,No,No,,,Yes,Yes,,No
BrainTumor_01240.jpg,Yes,Yes,No,,Yes,No,,Yes,Yes,,Yes
BrainTumor_01241.jpg,Yes,,,Yes,,No,No,,No,Yes,Yes
BrainTumor_01242.jpg,,Yes,,,,No,,No,Yes,Yes,Yes
BrainTumor_01243.jpg,,,No,No,Yes,No,No,No,,No,
BrainTumor_01244.jpg,,Yes,Yes,Yes,,,No,Yes,,,Yes
BrainTumor_01245.jpg,,No,,,Yes,No,Yes,Yes,Yes,No,No
BrainTumor_01246.jpg,Yes,No,No,,Yes,No,Yes,No,No,,No
BrainTumor_01247.jpg,No,Yes,,No,No,Yes,Yes,Yes,No,,No
BrainTumor_01248.jpg,,,Yes,No,Yes,Yes,No,No,No,,Yes
BrainTumor_01249.jpg,No,Yes,No,,Yes,,No,Yes,,No,
BrainTumor_01250.jpg,,No,No,Yes,No,No,,,Yes,Yes,Yes
BrainTumor_01251.jpg,No,Yes,No,Yes,Yes,,,,,No,No
BrainTumor_01252.jpg,No,,Yes,Yes,No,Yes,Yes,No,No,,
BrainTumor_01253.jpg,No,No,No,No,,No,No,No,No,No,No
BrainTumor_01254.jpg,Yes,Yes,No,No,No,No,No,,Yes,Yes,No
BrainTumor_01255.jpg,,No,Yes,Yes,No,Yes,Yes,No,No,,No
BrainTumor_01256.jpg,Yes,,No,,No,No,Yes,Yes,Yes,Yes,No
BrainTumor_01257.jpg,Yes,,,,,Yes,Yes,,,Yes,Yes
BrainTumor_01258.jpg,No,,,No,,No,No,,,Yes,Yes
BrainTumor_01259.jpg,Yes,No,Yes,,No,,,No,Yes,Yes,Yes
BrainTumor_01260.jpg,,,,,No,Yes,,Yes,,Yes,
BrainTumor_01261.jpg,,,No,Yes,No,No,No,Yes,No,,Yes
BrainTumor_01262.jpg,,No,No,No,Yes,Yes,No,Yes,Yes,No,
BrainTumor_01263.jpg,,No,,,Yes,,,No,No,No,Yes
BrainTumor_01264.jpg,,No,,,Yes,Yes,Yes,,No,No,No
BrainTumor_01265.jpg,No,No,Yes,Yes,No,Yes,Yes,Yes,No,Yes,Yes
BrainTumor_01266.jpg,No,Yes,No,,No,,Yes,No,Yes,,
BrainTumor_01267.jpg,Yes,No,,Yes,,,,No,,,No
BrainTumor_01268.jpg,No,,No,No,No,,,Yes,No,No,Yes
BrainTumor_01269.jpg,,Yes,Yes,Yes,,,,No,No,Yes,Yes
BrainTumor_01270.jpg,Yes,Yes,,Yes,,No,,No,No,No,
BrainTumor_01271.jpg,Yes,,Yes,No,,,Yes,No,No,No,Yes
BrainTumor_01272.jpg,Yes,,No,,No,,Yes,No,No,No,Yes
BrainTumor_01273.jpg,No,Yes,,,Yes,No,Yes,No,No,,No
BrainTumor_01274.jpg,Yes,,,Yes,No,,No,No,No,Yes,
BrainTumor_01275.jpg,,Yes,Yes,No,No,,,,,,
BrainTumor_01276.jpg,No,,Yes,Yes,Yes,Yes,Yes,,,Yes,Yes
BrainTumor_01277.jpg,,,Yes,Yes,,,,,No,,Yes
BrainTumor_01278.jpg,,No,Yes,,Yes,Yes,Yes,No,,No,Yes
BrainTumor_01279.jpg,,No,No,,,,,No,Yes,No,Yes
BrainTumor_01280.jpg,,Yes,,,Yes,No,No,,No,,
BrainTumor_01281.jpg,,Yes,,,Yes,No,No,,Yes,,
BrainTumor_01282.jpg,No,No,,Yes,Yes,Yes,,Yes,Yes,No,No
BrainTumor_01283.jpg,No,No,Yes,,Yes,Yes,,,Yes,No,No
BrainTumor_01284.jpg,,,Yes,Yes,,Yes,No,No,Yes,No,
BrainTumor_01285.jpg,,,No,,,No,,,,No,
BrainTumor_01286.jpg,Yes,No,No,,No,,No,,,Yes,
BrainTumor_01287.jpg,,No,No,No,,Yes,Yes,,,,Yes
BrainTumor_01288.jpg,No,No,Yes,No,,No,,No,No,,
BrainTumor_01289.jpg,No,No,,No,Yes,Yes,,,Yes,,No
BrainTumor_01290.jpg,,No,No,,,,Yes,Yes,No,Yes,No
BrainTumor_01291.jpg,Yes,,,,No,,No,Yes,No,,Yes
BrainTumor_01292.jpg,Yes,,No,,,No,No,No,,Yes,Yes
BrainTumor_01293.jpg,No,Yes,,No,Yes,No,Yes,No,Yes,No,No
BrainTumor_01294.jpg,Yes,,Yes,No,No,,No,Yes,Yes,Yes,No
BrainTumor_01295.jpg,No,Yes,No,No,No,,,Yes,No,Yes,No
BrainTumor_01296.jpg,Yes,,Yes,,,,Yes,Yes,,Yes,No
BrainTumor_01297.jpg,,Yes,Yes,Yes,,,Yes,,No,Yes,No
BrainTumor_01298.jpg,No,Yes,No,No,Yes,,Yes,No,Yes,,No
BrainTumor_01299.jpg,Yes,Yes,,No,No,No,Yes,No,No,,No
BrainTumor_01300.jpg,No,No,,,,Yes,Yes,,,,Yes
BrainTumor_01301.jpg,No,No,Yes,Yes,Yes,Yes,Yes,Yes,,No,Yes
BrainTumor_01302.jpg,No,Yes,,,Yes,,Yes,,Yes,,
BrainTumor_01303.jpg,,,No,No,No,Yes,,No,,Yes,
BrainTumor_01304.jpg,,No,Yes,No,,,No,No,No,,No
BrainTumor_01305.jpg,Yes,No,Yes,,Yes,,,No,No,,Yes
BrainTumor_01306.jpg,Yes,Yes,,,,Yes,No,,Yes,Yes,Yes
BrainTumor_01307.jpg,No,No,,,,No,Yes,Yes,,Yes,
BrainTumor_01308.jpg,,Yes,,,,Yes,,,No,Yes,
BrainTumor_01309.jpg,,,,No,No,No,Yes,Yes,,,No
BrainTumor_01310.jpg,No,Yes,,No,,,No,No,Yes,No,
BrainTumor_01311.jpg,No,,No,,Yes,No,Yes,No,Yes,Yes,No
BrainTumor_01312.jpg,,No,Yes,No,No,,,Yes,Yes,Yes,
BrainTumor_01313.jpg,,No,Yes,Yes,Yes,Yes,No,No,No,No,No
BrainTumor_01314.jpg,No,No,Yes,Yes,,No,Yes,,,,Yes
BrainTumor_01315.jpg,No,Yes,No,No,No,,No,No,No,No,
BrainTumor_01316.jpg,,,Yes,,,No,No,,Yes,Yes,
BrainTumor_01317.jpg,No,No,Yes,No,Yes,No,,No,,No,No
BrainTumor_01318.jpg,,No,,No,,,Yes,,,No,No
BrainTumor_01319.jpg,Yes,Yes,Yes,Yes,Yes,Yes,Yes,Yes,No,No,Yes
BrainTumor_01320.jpg,No,Yes,,,Yes,Yes,,Yes,,Yes,
BrainTumor_01321.jpg,No,No,No,,No,Yes,,,Yes,,No
BrainTumor_01322.jpg,No,No,Yes,,,,No,No,,,Yes
BrainTumor_01323.jpg,Yes,,,Yes,No,No,,No,,,Yes
BrainTumor_01324.jpg,Yes,,Yes,Yes,Yes,Yes,,,No,Yes,No
BrainTumor_01325.jpg,,Yes,Yes,,Yes,,,Yes,Yes,No,No
BrainTumor_01326.jpg,Yes,,No,,No,No,,Yes,,No,Yes
BrainTumor_01327.jpg,Yes,Yes,Yes,,,Yes,Yes,No,No,Yes,
BrainTumor_01328.jpg,,,No,,No,Yes,,Yes,,,
BrainTumor_01329.jpg,No,No,,No,,,Yes,Yes,No,Yes,Yes
BrainTumor_01330.jpg,Yes,Yes,,Yes,,,,,No,No,No
BrainTumor_01331.jpg,Yes,Yes,No,Yes,Yes,Yes,Yes,No,Yes,Yes,No
BrainTumor_01332.jpg,No,Yes,No,,,Yes,Yes,No,Yes,No,No
BrainTumor_01333.jpg,,No,,,Yes,Yes,,No,Yes,,No
BrainTumor_01334.jpg,No,No,Yes,No,No,Yes,Yes,No,Yes,,No
BrainTumor_01335.jpg,Yes,No,No,,,,,No,,No,No
BrainTumor_01336.jpg,,,No,No,No,,,Yes,,Yes,Yes
BrainTumor_01337.jpg,Yes,No,No,Yes,,,,Yes,No,,Yes
BrainTumor_01338.jpg,No,Yes,No,No,,No,Yes,No,,No,No
BrainTumor_01339.jpg,,,,Yes,No,No,No,No,,No,
BrainTumor_01340.jpg,Yes,No,Yes,No,No,Yes,Yes,,,Yes,Yes
BrainTumor_01341.jpg,Yes,No,No,Yes,No,Yes,,No,,No,Yes
BrainTumor_01342.jpg,No,,Yes,,,No,,Yes,No,No,
BrainTumor_01343.jpg,,No,No,Yes,,Yes,Yes,,,,Yes
BrainTumor_01344.jpg,Yes,Yes,,No,No,No,No,Yes,Yes,Yes,
BrainTumor_01345.jpg,,,No,Yes,No,,,Yes,Yes,,Yes
BrainTumor_01346.jpg,,,,No,Yes,Yes,Yes,Yes,No,Yes,Yes
BrainTumor_01347.jpg,,,,Yes,,Yes,,Yes,No,No,
BrainTumor_01348.jpg,No,No,,,,Yes,No,Yes,,No,Yes
BrainTumor_01349.jpg,,Yes,,,No,No,No,,,No,
BrainTumor_01350.jpg,Yes,Yes,Yes,Yes,Yes,No,,Yes,,Yes,No
BrainTumor_01351.jpg,,Yes,No,,Yes,No,Yes,Yes,Yes,No,No
BrainTumor_01352.jpg,Yes,No,,No,Yes,,Yes,,No,,
BrainTumor_01353.jpg,No,,,,Yes,,,Yes,No,No,No
BrainTumor_01354.jpg,Yes,,Yes,Yes,Yes,No,Yes,No,,Yes,No
BrainTumor_01355.jpg,,No,Yes,,No,No,,Yes,,No,
BrainTumor_01356.jpg,,,Yes,No,Yes,,No,Yes,,,
BrainTumor_01357.jpg,No,,,No,No,Yes,,Yes,,No,No
BrainTumor_01358.jpg,Yes,No,Yes,,No,Yes,Yes,No,,Yes,Yes
BrainTumor_01359.jpg,No,,,Yes,No,,No,No,No,Yes,Yes
BrainTumor_01360.jpg,Yes,Yes,,Yes,No,No,,,Yes,Yes,
BrainTumor_01361.jpg,No,,Yes,,Yes,No,Yes,Yes,,Yes,No
BrainTumor_01362.jpg,,,,Yes,,,,No,No,No,No
BrainTumor_01363.jpg,No,Yes,,No,No,No,,No,,,
BrainTumor_01364.jpg,,,,,,Yes,,No,,,Yes
BrainTumor_01365.jpg,,,Yes,,Yes,No,,Yes,,No,Yes
BrainTumor_01366.jpg,,,Yes,,,No,,No,,,
BrainTumor_01367.jpg,Yes,Yes,,No,,No,Yes,,No,No,No
BrainTumor_01368.jpg,,,Yes,Yes,Yes,Yes,No,No,,Yes,
BrainTumor_01369.jpg,,Yes,Yes,No,Yes,Yes,,,No,Yes,Yes
BrainTumor_01370.jpg,No,No,Yes,,No,,No,,Yes,,Yes
BrainTumor_01371.jpg,,Yes,No,,No,Yes,No,Yes,Yes,,
BrainTumor_01372.jpg,,,No,,No,Yes,No,Yes,No,,Yes
BrainTumor_01373.jpg,,No,,No,,Yes,Yes,,,Yes,Yes
BrainTumor_01374.jpg,Yes,No,Yes,No,No,No,,Yes,Yes,,Yes
BrainTumor_01375.jpg,Yes,Yes,Yes,No,,,No,No,No,Yes,Yes
BrainTumor_01376.jpg,Yes,No,,,No,No,Yes,Yes,No,,Yes
BrainTumor_01377.jpg,No,Yes,Yes,No,,No,No,Yes,,No,No
BrainTumor_01378.jpg,,Yes,Yes,Yes,,Yes,No,Yes,No,No,
BrainTumor_01379.jpg,No,Yes,No,,,No,Yes,No,,,
BrainTumor_01380.jpg,,,No,No,No,Yes,Yes,Yes,No,,
BrainTumor_01381.jpg,No,,Yes,Yes,No,Yes,,,No,Yes,
BrainTumor_01382.jpg,,Yes,Yes,Yes,Yes,Yes,No,,Yes,No,
BrainTumor_01383.jpg,No,Yes,,Yes,No,No,,Yes,,No,No
BrainTumor_01384.jpg,Yes,,Yes,,Yes,,Yes,Yes,Yes,No,Yes
BrainTumor_01385.jpg,No,,,No,Yes,,Yes,No,Yes,No,
BrainTumor_01386.jpg,,,,No,Yes,,No,No,Yes,Yes,Yes
BrainTumor_01387.jpg,Yes,No,,Yes,,,No,Yes,No,No,Yes
BrainTumor_01388.jpg,No,Yes,Yes,No,Yes,No,,,Yes,,No
BrainTumor_01389.jpg,,,No,Yes,,Yes,No,,Yes,No,
BrainTumor_01390.jpg,,Yes,Yes,,Yes,No,Yes,Yes,Yes,No,No
BrainTumor_01391.jpg,No,,No,,No,,,,,Yes,Yes
BrainTumor_01392.jpg,No,,Yes,Yes,,No,No,Yes,Yes,No,Yes
BrainTumor_01393.jpg,,No,,,,,No,,No,,Yes
BrainTumor_01394.jpg,Yes,,,,Yes,,,,No,No,
BrainTumor_01395.jpg,Yes,,No,,,No,Yes,,Yes,No,Yes
BrainTumor_01396.jpg,Yes,Yes,,No,No,Yes,Yes,Yes,Yes,,Yes
BrainTumor_01397.jpg,No,Yes,Yes,,Yes,No,,No,,No,Yes
BrainTumor_01398.jpg,No,Yes,,No,Yes,,No,,Yes,No,Yes
BrainTumor_01399.jpg,Yes,,No,No,Yes,Yes,Yes,No,No,Yes,Yes
BrainTumor_01400.jpg,No,,,No,,No,No,Yes,,Yes,
BrainTumor_01401.jpg,Yes,Yes,No,,,,,Yes,No,Yes,
BrainTumor_01402.jpg,No,Yes,,,,Yes,Yes,Yes,No,Yes,No
BrainTumor_01403.jpg,,Yes,,Yes,,Yes,Yes,,No,,
BrainTumor_01404.jpg,No,Yes,Yes,Yes,Yes,,No,,Yes,Yes,Yes
BrainTumor_01405.jpg,,,Yes,Yes,,,No,,Yes,,No
BrainTumor_01406.jpg,Yes,Yes,,Yes,Yes,No,Yes,Yes,,,
BrainTumor_01407.jpg,Yes,,Yes,No,No,Yes,Yes,Yes,,Yes,Yes
BrainTumor_01408.jpg,No,,No,No,,,Yes,Yes,Yes,,
BrainTumor_01409.jpg,,,Yes,No,Yes,No,Yes,No,No,Yes,Yes
BrainTumor_01410.jpg,Yes,,Yes,Yes,No,,Yes,Yes,,No,Yes
BrainTumor_01411.jpg,Yes,Yes,,Yes,Yes,No,Yes,,,Yes,Yes
BrainTumor_01412.jpg,No,,No,,Yes,,No,No,No,Yes,
BrainTumor_01413.jpg,No,Yes,,,No,,No,Yes,,,
BrainTumor_01414.jpg,Yes,No,,No,No,Yes,Yes,Yes,Yes,No,Yes
BrainTumor_01415.jpg,No,,No,No,Yes,No,,Yes,Yes,Yes,Yes
BrainTumor_01416.jpg,Yes,Yes,,Yes,,Yes,Yes,Yes,Yes,Yes,Yes
BrainTumor_01417.jpg,,,,Yes,,No,Yes,,Yes,Yes,No
BrainTumor_01418.jpg,No,No,No,Yes,No,,,No,No,Yes,No
BrainTumor_01419.jpg,No,,Yes,,,No,Yes,,Yes,Yes,Yes
BrainTumor_01420.jpg,Yes,No,Yes,Yes,No,No,Yes,No,Yes,,Yes
BrainTumor_01421.jpg,,,No,No,No,Yes,Yes,No,No,Yes,No
BrainTumor_01422.jpg,,Yes,No,No,Yes,,Yes,Yes,Yes,No,No
BrainTumor_01423.jpg,Yes,No,Yes,No,No,No,Yes,Yes,Yes,,No
BrainTumor_01424.jpg,Yes,,,Yes,No,Yes,Yes,Yes,No,Yes,No
BrainTumor_01425.jpg,No,Yes,,No,No,No,Yes,,,No,
BrainTumor_01426.jpg,,,,,,Yes,Yes,No,,No,
BrainTumor_01427.jpg,,,No,,Yes,No,No,Yes,,No,No
BrainTumor_01428.jpg,No,,,Yes,No,No,,,No,,No
BrainTumor_01429.jpg,No,Yes,,No,Yes,No,Yes,,,No,No
BrainTumor_01430.jpg,,Yes,Yes,No,,No,No,No,Yes,,No
BrainTumor_01431.jpg,Yes,No,,Yes,No,No,No,Yes,No,,No
BrainTumor_01432.jpg,Yes,No,Yes,,,Yes,No,,Yes,Yes,Yes
BrainTumor_01433.jpg,Yes,,No,,,,Yes,No,Yes,Yes,
BrainTumor_01434.jpg,No,No,,No,No,No,Yes,No,,Yes,
BrainTumor_01435.jpg,,Yes,No,,Yes,Yes,No,Yes,,Yes,
BrainTumor_01436.jpg,No,No,,Yes,,,No,,No,,
BrainTumor_01437.jpg,Yes,Yes,Yes,Yes,No,Yes,Yes,No,Yes,No,Yes
BrainTumor_01438.jpg,Yes,,Yes,No,No,No,No,Yes,,,Yes
BrainTumor_01439.jpg,Yes,,Yes,Yes,Yes,,No,Yes,Yes,,Yes
BrainTumor_01440.jpg,,Yes,No,Yes,No,,,,Yes,Yes,
BrainTumor_01441.jpg,No,No,Yes,No,No,No,No,,Yes,No,
BrainTumor_01442.jpg,Yes,Yes,No,No,No,No,No,,No,Yes,No
BrainTumor_01443.jpg,No,No,No,,No,No,No,,Yes,Yes,No
BrainTumor_01444.jpg,,No,Yes,Yes,Yes,Yes,,Yes,,Yes,No
BrainTumor_01445.jpg,Yes,No,Yes,,,No,,Yes,Yes,Yes,Yes
BrainTumor_01446.jpg,Yes,,Yes,,Yes,No,No,,Yes,No,
BrainTumor_01447.jpg,Yes,Yes,No,,Yes,No,Yes,,,Yes,Yes
BrainTumor_01448.jpg,,Yes,,No,No,,No,,Yes,Yes,
BrainTumor_01449.jpg,,Yes,No,,,No,No,,Yes,,Yes
BrainTumor_01450.jpg,,Yes,No,No,No,No,,,Yes,,No
BrainTumor_01451.jpg,,Yes,No,,Yes,,,,,Yes,
BrainTumor_01452.jpg,Yes,No,Yes,No,No,Yes,Yes,Yes,,,No
BrainTumor_01453.jpg,No,Yes,,,Yes,Yes,No,Yes,,Yes,No
BrainTumor_01454.jpg,Yes,Yes,No,Yes,Yes,,,No,Yes,,
BrainTumor_01455.jpg,No,,,Yes,,Yes,No,Yes,No,No,Yes
BrainTumor_01456.jpg,Yes,,,Yes,No,Yes,No,No,No,,
BrainTumor_01457.jpg,,Yes,Yes,,No,,,No,Yes,Yes,
BrainTumor_01458.jpg,No,Yes,No,No,No,Yes,No,No,,,Yes
BrainTumor_01459.jpg,Yes,No,Yes,No,No,Yes,No,Yes,,No,
BrainTumor_01460.jpg,,No,No,Yes,Yes,No,No,Yes,No,,Yes
BrainTumor_01461.jpg,Yes,No,No,No,No,Yes,,,,Yes,No
BrainTumor_01462.jpg,,Yes,,,,Yes,No,No,Yes,No,No
BrainTumor_01463.jpg,Yes,No,,No,,,,Yes,,,No
BrainTumor_01464.jpg,Yes,Yes,,No,,No,,,Yes,,No
BrainTumor_01465.jpg,,Yes,No,,No,Yes,Yes,Yes,No,No,Yes
BrainTumor_01466.jpg,No,No,,Yes,,Yes,Yes,No,,No,Yes
BrainTumor_01467.jpg,,Yes,No,,No,,Yes,,Yes,Yes,
BrainTumor_01468.jpg,Yes,Yes,,Yes,Yes,No,No,,No,No,
BrainTumor_01469.jpg,No,No,Yes,,,,No,,No,No,
BrainTumor_01470.jpg,,,,,Yes,No,Yes,Yes,,,Yes
BrainTumor_01471.jpg,Yes,No,,Yes,,Yes,,Yes,No,Yes,Yes
BrainTumor_01472.jpg,,,No,No,Yes,No,,No,No,No,
BrainTumor_01473.jpg,,,No,Yes,No,No,,No,,No,No
BrainTumor_01474.jpg,Yes,No,,No,No,No,Yes,Yes,No,No,No
BrainTumor_01475.jpg,,No,Yes,No,,No,No,,,No,Yes
BrainTumor_01476.jpg,,Yes,No,Yes,,,Yes,,,Yes,No
BrainTumor_01477.jpg,,Yes,No,,,Yes,No,No,,Yes,
BrainTumor_01478.jpg,,Yes,Yes,No,Yes,Yes,,No,No,No,No
BrainTumor_01479.jpg,Yes,No,Yes,No,Yes,,,,Yes,No,
BrainTumor_01480.jpg,,,No,,No,Yes,,,No,,
BrainTumor_01481.jpg,Yes,No,No,Yes,Yes,,,No,,,Yes
BrainTumor_01482.jpg,Yes,,,,,No,No,Yes,,No,No
BrainTumor_01483.jpg,Yes,No,No,No,,No,No,,No,,No
BrainTumor_01484.jpg,,No,,No,No,Yes,Yes,Yes,Yes,,Yes
BrainTumor_01485.jpg,,,,,No,Yes,Yes,,Yes,Yes,
BrainTumor_01486.jpg,,No,No,Yes,,,No,No,,Yes,Yes
BrainTumor_01487.jpg,,No,Yes,Yes,No,No,,,No,No,Yes
BrainTumor_01488.jpg,No,Yes,No,,Yes,,No,,,No,Yes
BrainTumor_01489.jpg,Yes,No,,No,Yes,,Yes,No,Yes,,
BrainTumor_01490.jpg,,No,No,No,No,Yes,Yes,,,Yes,
BrainTumor_01491.jpg,Yes,No,Yes,Yes,,No,No,Yes,Yes,Yes,Yes
BrainTumor_01492.jpg,,,No,Yes,Yes,Yes,No,No,,,No
BrainTumor_01493.jpg,,Yes,Yes,Yes,No,No,No,,Yes,No,
BrainTumor_01494.jpg,No,No,Yes,Yes,No,,No,Yes,Yes,No,No
BrainTumor_01495.jpg,Yes,Yes,,No,,,Yes,,,,
BrainTumor_01496.jpg,,Yes,No,Yes,,,,Yes,,,No
BrainTumor_01497.jpg,,,,No,,No,No,,Yes,No,Yes
BrainTumor_01498.jpg,Yes,No,No,No,No,Yes,No,,Yes,No,Yes
BrainTumor_01499.jpg,No,No,Yes,Yes,,,No,No,,,No
BrainTumor_01500.jpg,No,No,Yes,,Yes,,No,,,Yes,No
BrainTumor_01501.jpg,Yes,No,No,Yes,Yes,Yes,,,Yes,Yes,
BrainTumor_01502.jpg,,Yes,No,No,No,,Yes,,,Yes,
BrainTumor_01503.jpg,,No,No,Yes,Yes,No,Yes,,Yes,No,Yes
BrainTumor_01504.jpg,,,No,No,No,Yes,Yes,No,No,No,Yes
BrainTumor_01505.jpg,No,No,No,No,No,No,Yes,No,,No,No
BrainTumor_01506.jpg,No,No,Yes,,Yes,No,,,No,No,
BrainTumor_01507.jpg,No,No,No,Yes,Yes,Yes,No,No,Yes,Yes,
BrainTumor_01508.jpg,No,No,No,No,No,,,No,No,Yes,No
BrainTumor_01509.jpg,Yes,No,Yes,,,Yes,No,Yes,,Yes,
BrainTumor_01510.jpg,No,Yes,,No,,Yes,Yes,,No,Yes,Yes
BrainTumor_01511.jpg,Yes,No,,No,Yes,,Yes,Yes,No,No,Yes
BrainTumor_01512.jpg,Yes,Yes,,,No,Yes,No,No,Yes,,No
BrainTumor_01513.jpg,No,,Yes,No,,,No,No,,,
BrainTumor_01514.jpg,,,Yes,No,,,,,,,Yes
BrainTumor_01515.jpg,,Yes,Yes,Yes,Yes,No,,,,,
BrainTumor_01516.jpg,Yes,Yes,Yes,No,No,Yes,No,No,Yes,,
BrainTumor_01517.jpg,Yes,No,,,No,,No,No,Yes,No,Yes
BrainTumor_01518.jpg,No,Yes,,Yes,No,,,Yes,Yes,Yes,No
BrainTumor_01519.jpg,,No,Yes,,No,Yes,Yes,,Yes,No,Yes
BrainTumor_01520.jpg,Yes,Yes,No,,No,No,,No,No,Yes,Yes
BrainTumor_01521.jpg,No,Yes,No,Yes,,Yes,Yes,No,Yes,No,
BrainTumor_01522.jpg,Yes,No,No,Yes,No,Yes,No,No,,,
BrainTumor_01523.jpg,,,Yes,Yes,,Yes,,Yes,Yes,Yes,Yes
BrainTumor_01524.jpg,Yes,No,,,No,,No,Yes,Yes,Yes,
BrainTumor_01525.jpg,Yes,No,,,Yes,No,,,,No,No
BrainTumor_01526.jpg,,Yes,Yes,,Yes,,Yes,,Yes,No,Yes
BrainTumor_01527.jpg,Yes,Yes,No,No,No,,Yes,Yes,Yes,Yes,Yes
BrainTumor_01528.jpg,Yes,Yes,,Yes,No,No,Yes,,Yes,Yes,Yes
BrainTumor_01529.jpg,Yes,No,No,,,Yes,,No,Yes,No,No
BrainTumor_01530.jpg,,,,Yes,,,No,No,Yes,No,
BrainTumor_01531.jpg,Yes,Yes,Yes,,No,,,No,Yes,Yes,No
BrainTumor_01532.jpg,,,,,No,No,,No,Yes,Yes,
BrainTumor_01533.jpg,No,No,,Yes,No,Yes,,,,Yes,Yes
BrainTumor_01534.jpg,,,,Yes,Yes,,,,,Yes,Yes
BrainTumor_01535.jpg,No,,,Yes,No,No,No,Yes,Yes,,Yes
BrainTumor_01536.jpg,No,Yes,,Yes,Yes,No,,No,No,No,
BrainTumor_01537.jpg,No,No,,No,Yes,Yes,,No,No,No,Yes
BrainTumor_01538.jpg,No,Yes,No,,,,No,,No,No,No
BrainTumor_01539.jpg,,Yes,Yes,,,Yes,Yes,,No,,No
BrainTumor_01540.jpg,Yes,Yes,Yes,,,,Yes,,,Yes,Yes
BrainTumor_01541.jpg,No,No,,Yes,Yes,No,No,,No,No,No
BrainTumor_01542.jpg,Yes,Yes,,Yes,Yes,Yes,Yes,Yes,Yes,Yes,Yes
BrainTumor_01543.jpg,No,Yes,,No,,Yes,No,No,Yes,Yes,Yes
BrainTumor_01544.jpg,No,No,No,Yes,Yes,,Yes,Yes,Yes,No,
BrainTumor_01545.jpg,Yes,No,Yes,,,No,,Yes,No,,Yes
BrainTumor_01546.jpg,Yes,Yes,Yes,No,No,,Yes,No,Yes,No,Yes
BrainTumor_01547.jpg,No,Yes,No,No,,No,Yes,Yes,No,Yes,
BrainTumor_01548.jpg,Yes,No,Yes,No,,Yes,No,Yes,Yes,,Yes
BrainTumor_01549.jpg,No,Yes,No,Yes,No,No,Yes,Yes,,No,
BrainTumor_01550.jpg,No,No,,Yes,No,No,No,No,Yes,No,No
BrainTumor_01551.jpg,Yes,No,No,,No,No,No,,,,
BrainTumor_01552.jpg,,Yes,No,Yes,No,Yes,Yes,,Yes,,No
BrainTumor_01553.jpg,No,,Yes,No,No,,Yes,Yes,,Yes,
BrainTumor_01554.jpg,No,Yes,Yes,No,,No,No,No,,No,
BrainTumor_01555.jpg,Yes,Yes,Yes,No,,No,,No,Yes,,No
BrainTumor_01556.jpg,No,No,,No,,No,No,No,Yes,Yes,Yes
BrainTumor_01557.jpg,Yes,No,No,Yes,Yes,,Yes,,Yes,No,Yes
BrainTumor_01558.jpg,Yes,No,,Yes,No,,No,Yes,,Yes,Yes
BrainTumor_01559.jpg,Yes,No,No,No,,Yes,Yes,,,No,Yes
BrainTumor_01560.jpg,No,Yes,No,,No,,Yes,,Yes,Yes,Yes
BrainTumor_01561.jpg,No,Yes,,Yes,,Yes,Yes,Yes,Yes,No,Yes
BrainTumor_01562.jpg,Yes,,No,Yes,No,No,No,,Yes,No,Yes
BrainTumor_01563.jpg,,Yes,Yes,Yes,,Yes,No,Yes,,,Yes
BrainTumor_01564.jpg,,No,No,,Yes,No,No,,Yes,No,Yes
BrainTumor_01565.jpg,Yes,,,Yes,,Yes,No,,Yes,No,Yes
BrainTumor_01566.jpg,Yes,,,Yes,Yes,No,,,Yes,No,Yes
BrainTumor_01567.jpg,No,,Yes,No,,,Yes,,No,Yes,Yes
BrainTumor_01568.jpg,No,Yes,,,,No,No,No,No,Yes,
BrainTumor_01569.jpg,No,,No,Yes,Yes,,No,Yes,No,,Yes
BrainTumor_01570.jpg,,Yes,Yes,,Yes,No,Yes,Yes,,,Yes
BrainTumor_01571.jpg,No,,,,,Yes,Yes,,,Yes,
BrainTumor_01572.jpg,Yes,,,No,,Yes,No,Yes,No,,No
BrainTumor_01573.jpg,Yes,,Yes,Yes,No,,,Yes,Yes,No,Yes
BrainTumor_01574.jpg,Yes,Yes,Yes,Yes,Yes,,,,No,Yes,Yes
BrainTumor_01575.jpg,No,No,,,No,Yes,No,,,Yes,Yes
BrainTumor_01576.jpg,,,,No,,No,Yes,Yes,,,Yes
BrainTumor_01577.jpg,,Yes,Yes,Yes,No,,,Yes,,,No
BrainTumor_01578.jpg,Yes,Yes,No,No,No,,,Yes,Yes,Yes,Yes
BrainTumor_01579.jpg,Yes,Yes,Yes,Yes,No,,,,No,No,
BrainTumor_01580.jpg,No,,Yes,No,,No,,Yes,,No,Yes
BrainTumor_01581.jpg,No,,No,Yes,Yes,No,No,No,No,No,Yes
BrainTumor_01582.jpg,,,No,,,No,No,No,Yes,,Yes
BrainTumor_01583.jpg,Yes,No,Yes,Yes,,No,No,No,,No,
BrainTumor_01584.jpg,Yes,,No,No,,Yes,No,Yes,No,,Yes
BrainTumor_01585.jpg,Yes,No,,Yes,No,No,Yes,No,,No,
BrainTumor_01586.jpg,,Yes,No,Yes,Yes,,,Yes,,Yes,
BrainTumor_01587.jpg,No,,,,,Yes,Yes,No,Yes,No,
BrainTumor_01588.jpg,,,Yes,No,No,Yes,Yes,,,No,Yes
BrainTumor_01589.jpg,,Yes,Yes,,No,No,Yes,,No,No,
BrainTumor_01590.jpg,,,Yes,No,,No,,Yes,Yes,No,Yes
BrainTumor_01591.jpg,,Yes,No,No,No,No,,Yes,No,No,No
BrainTumor_01592.jpg,,,,No,,,Yes,No,Yes,No,Yes
BrainTumor_01593.jpg,No,Yes,Yes,Yes,,Yes,Yes,No,No,No,No
BrainTumor_01594.jpg,Yes,,No,,,,,,,,
BrainTumor_01595.jpg,Yes,,No,,,Yes,No,,Yes,,No
BrainTumor_01596.jpg,Yes,Yes,No,Yes,No,No,,Yes,Yes,,No
BrainTumor_01597.jpg,Yes,No,Yes,,,Yes,Yes,No,Yes,No,
BrainTumor_01598.jpg,Yes,No,Yes,Yes,,No,Yes,No,,No,Yes
BrainTumor_01599.jpg,Yes,Yes,,Yes,,,No,,Yes,Yes,No
BrainTumor_01600.jpg,Yes,,No,,No,No,,,No,No,
BrainTumor_01601.jpg,,,,No,,No,Yes,,Yes,,No
BrainTumor_01602.jpg,Yes,,Yes,,Yes,,Yes,No,,Yes,No
BrainTumor_01603.jpg,,No,,Yes,Yes,Yes,Yes,Yes,,No,Yes
BrainTumor_01604.jpg,,No,,No,,Yes,No,Yes,No,Yes,
BrainTumor_01605.jpg,,Yes,Yes,No,,,Yes,,No,,No
BrainTumor_01606.jpg,,No,No,Yes,Yes,,No,Yes,,No,
BrainTumor_01607.jpg,,Yes,No,,Yes,Yes,,,Yes,,
BrainTumor_01608.jpg,Yes,Yes,,No,,No,,,Yes,Yes,No
BrainTumor_01609.jpg,Yes,,,No,Yes,Yes,No,Yes,,No,No
BrainTumor_01610.jpg,Yes,,No,No,No,Yes,,,,,
BrainTumor_01611.jpg,Yes,No,No,Yes,Yes,No,,Yes,Yes,,Yes
BrainTumor_01612.jpg,No,,No,,Yes,No,,,No,Yes,
BrainTumor_01613.jpg,No,Yes,Yes,Yes,Yes,No,Yes,No,No,No,Yes
BrainTumor_01614.jpg,,No,Yes,No,Yes,Yes,,Yes,,No,Yes
BrainTumor_01615.jpg,Yes,,Yes,Yes,No,Yes,No,Yes,No,,Yes
BrainTumor_01616.jpg,No,,,No,No,No,No,,No,,Yes
BrainTumor_01617.jpg,Yes,No,,,,,,Yes,No,,Yes
BrainTumor_01618.jpg,Yes,No,Yes,No,,No,Yes,,,Yes,Yes
BrainTumor_01619.jpg,Yes,Yes,Yes,,Yes,Yes,No,Yes,,Yes,Yes
BrainTumor_01620.jpg,No,No,No,,No,,No,,No,No,Yes
BrainTumor_01621.jpg,,No,No,Yes,Yes,,No,No,,,
BrainTumor_01622.jpg,Yes,No,,,No,No,,Yes,Yes,No,Yes
BrainTumor_01623.jpg,,No,Yes,No,,,No,No,No,Yes,
BrainTumor_01624.jpg,Yes,,No,No,,No,Yes,No,,Yes,Yes
BrainTumor_01625.jpg,,,,Yes,,No,Yes,No,Yes,No,
BrainTumor_01626.jpg,No,No,No,Yes,Yes,,Yes,No,,Yes,Yes
BrainTumor_01627.jpg,,No,No,No,,Yes,No,Yes,No,No,No
BrainTumor_01628.jpg,,Yes,No,Yes,,,No,No,,,Yes
BrainTumor_01629.jpg,,,,Yes,,No,No,No,,Yes,Yes
BrainTumor_01630.jpg,,No,No,Yes,No,,Yes,Yes,,,
BrainTumor_01631.jpg,No,Yes,No,,,No,No,,No,Yes,No
BrainTumor_01632.jpg,No,No,Yes,,Yes,Yes,No,Yes,,Yes,
BrainTumor_01633.jpg,,No,Yes,,No,Yes,Yes,No,Yes,Yes,Yes
BrainTumor_01634.jpg,No,Yes,,Yes,,No,Yes,Yes,No,No,No
BrainTumor_01635.jpg,No,,No,Yes,Yes,No,No,No,,No,
BrainTumor_01636.jpg,Yes,,Yes,Yes,Yes,Yes,No,Yes,Yes,No,No
BrainTumor_01637.jpg,No,No,Yes,Yes,No,No,,No,Yes,Yes,
BrainTumor_01638.jpg,No,,Yes,,Yes,,Yes,No,Yes,,Yes
BrainTumor_01639.jpg,,No,,Yes,Yes,No,Yes,No,,,No
BrainTumor_01640.jpg,Yes,No,No,No,,No,Yes,No,No,,Yes
BrainTumor_01641.jpg,Yes,No,No,No,No,,,,,,Yes
BrainTumor_01642.jpg,No,,Yes,Yes,Yes,,Yes,No,No,Yes,Yes
BrainTumor_01643.jpg,Yes,No,Yes,Yes,,No,No,No,Yes,No,Yes
BrainTumor_01644.jpg,,,Yes,,Yes,Yes,,Yes,Yes,,No
BrainTumor_01645.jpg,Yes,,,No,No,Yes,No,Yes,Yes,,Yes
BrainTumor_01646.jpg,Yes,,,,No,Yes,,,,No,
BrainTumor_01647.jpg,No,Yes,Yes,Yes,No,Yes,,,,,No
BrainTumor_01648.jpg,Yes,Yes,Yes,Yes,Yes,Yes,,No,No,,
BrainTumor_01649.jpg,Yes,Yes,No,Yes,No,,Yes,Yes,,No,
BrainTumor_01650.jpg,Yes,No,Yes,,No,,,No,,,Yes
BrainTumor_01651.jpg,No,,No,,,No,Yes,,No,No,No
BrainTumor_01652.jpg,,,,,Yes,No,Yes,,No,,No
BrainTumor_01653.jpg,,Yes,Yes,,Yes,Yes,No,,Yes,No,No
BrainTumor_01654.jpg,Yes,Yes,Yes,No,,,No,,,,
BrainTumor_01655.jpg,,No,No,,,,No,,,,No
BrainTumor_01656.jpg,Yes,No,,Yes,No,Yes,Yes,Yes,No,,
BrainTumor_01657.jpg,No,Yes,No,No,Yes,No,No,Yes,Yes,,No
BrainTumor_01658.jpg,,No,,Yes,No,Yes,No,,Yes,,No
BrainTumor_01659.jpg,Yes,,,Yes,No,No,,No,,,
BrainTumor_01660.jpg,,,No,Yes,Yes,,Yes,Yes,No,No,
BrainTumor_01661.jpg,Yes,Yes,,No,,Yes,,,Yes,,Yes
BrainTumor_01662.jpg,,Yes,No,No,Yes,,,Yes,Yes,No,No
BrainTumor_01663.jpg,,,,Yes,Yes,Yes,Yes,No,No,No,Yes
BrainTumor_01664.jpg,,,,,No,No,No,,,,No
BrainTumor_01665.jpg,No,No,No,Yes,,Yes,Yes,Yes,No,No,
BrainTumor_01666.jpg,,,,No,No,Yes,No,,,No,
BrainTumor_01667.jpg,No,Yes,Yes,,Yes,,Yes,Yes,No,No,
BrainTumor_01668.jpg,No,Yes,Yes,Yes,No,No,Yes,No,Yes,Yes,
BrainTumor_01669.jpg,Yes,,Yes,Yes,Yes,No,No,Yes,,No,
BrainTumor_01670.jpg,Yes,Yes,Yes,,Yes,No,No,Yes,Yes,No,Yes
BrainTumor_01671.jpg,Yes,Yes,,No,Yes,No,No,No,Yes,,Yes
BrainTumor_01672.jpg,,,,,,Yes,No,Yes,,No,
BrainTumor_01673.jpg,No,Yes,,No,No,,,,,Yes,
BrainTumor_01674.jpg,No,Yes,,Yes,,Yes,No,Yes,,No,No
BrainTumor_01675.jpg,,Yes,No,No,,No,Yes,Yes,,Yes,Yes
BrainTumor_01676.jpg,Yes,Yes,,No,Yes,No,Yes,Yes,,Yes,No
BrainTumor_01677.jpg,Yes,Yes,,Yes,,Yes,Yes,No,Yes,,No
BrainTumor_01678.jpg,Yes,No,Yes,No,Yes,,No,No,,,
BrainTumor_01679.jpg,Yes,,,Yes,,,Yes,Yes,Yes,No,
BrainTumor_01680.jpg,,No,Yes,No,,,No,No,Yes,,
BrainTumor_01681.jpg,Yes,Yes,No,Yes,,,,,No,No,No
BrainTumor_01682.jpg,Yes,,Yes,No,No,Yes,Yes,Yes,Yes,No,
BrainTumor_01683.jpg,Yes,,Yes,,No,Yes,No,Yes,,Yes,
BrainTumor_01684.jpg,No,Yes,Yes,No,Yes,Yes,Yes,No,,No,
BrainTumor_01685.jpg,,Yes,No,No,No,Yes,,No,Yes,,No
BrainTumor_01686.jpg,No,No,,,No,No,,,Yes,No,No
BrainTumor_01687.jpg,No,Yes,No,,No,,Yes,No,,No,
BrainTumor_01688.jpg,Yes,,Yes,,Yes,Yes,,Yes,Yes,Yes,Yes
BrainTumor_01689.jpg,,No,No,No,No,,,Yes,No,,
BrainTumor_01690.jpg,No,Yes,Yes,,Yes,No,,No,Yes,No,
BrainTumor_01691.jpg,Yes,No,No,,Yes,Yes,Yes,No,No,,
BrainTumor_01692.jpg,No,No,No,,,Yes,Yes,No,Yes,,No
BrainTumor_01693.jpg,,No,No,,Yes,No,No,No,,Yes,Yes
BrainTumor_01694.jpg,,,Yes,Yes,Yes,,No,No,No,No,Yes
BrainTumor_01695.jpg,Yes,,No,,Yes,No,No,Yes,No,,Yes
BrainTumor_01696.jpg,No,Yes,No,Yes,No,,Yes,No,,No,Yes
BrainTumor_01697.jpg,Yes,Yes,,,,No,Yes,,,No,
BrainTumor_01698.jpg,Yes,Yes,,,Yes,,,,,No,
BrainTumor_01699.jpg,,,No,,,No,,Yes,,No,
BrainTumor_01700.jpg,No,Yes,,Yes,Yes,No,Yes,No,,No,Yes
BrainTumor_01701.jpg,,Yes,Yes,,Yes,,No,No,No,,No
BrainTumor_01702.jpg,No,Yes,Yes,,,Yes,Yes,,No,,Yes
BrainTumor_01703.jpg,,Yes,No,Yes,No,Yes,No,,,Yes,No
BrainTumor_01704.jpg,No,No,,,,Yes,No,Yes,No,Yes,Yes
BrainTumor_01705.jpg,No,Yes,No,No,No,Yes,Yes,No,Yes,Yes,Yes
BrainTumor_01706.jpg,No,Yes,No,,,Yes,No,,Yes,,Yes
BrainTumor_01707.jpg,Yes,Yes,,,Yes,No,Yes,No,No,,
BrainTumor_01708.jpg,No,Yes,No,,Yes,,No,Yes,Yes,,
BrainTumor_01709.jpg,Yes,No,,Yes,,,No,No,No,No,Yes
BrainTumor_01710.jpg,,No,,Yes,No,Yes,,Yes,Yes,No,Yes
BrainTumor_01711.jpg,Yes,Yes,No,Yes,No,Yes,No,Yes,Yes,No,Yes
BrainTumor_01712.jpg,,No,Yes,,,No,Yes,No,No,Yes,
BrainTumor_01713.jpg,,,Yes,,Yes,Yes,,No,No,,Yes
BrainTumor_01714.jpg,No,No,Yes,Yes,No,No,Yes,,No,No,No
BrainTumor_01715.jpg,Yes,,No,Yes,Yes,,,,No,No,No
BrainTumor_01716.jpg,No,Yes,Yes,No,Yes,No,,Yes,No,,Yes
BrainTumor_01717.jpg,Yes,Yes,Yes,Yes,No,No,Yes,No,,,No
BrainTumor_01718.jpg,Yes,,No,,Yes,,,Yes,,,Yes
BrainTumor_01719.jpg,Yes,Yes,No,,Yes,,No,Yes,Yes,,No
BrainTumor_01720.jpg,,Yes,No,Yes,Yes,No,,Yes,Yes,No,Yes
BrainTumor_01721.jpg,No,Yes,Yes,Yes,,,,,Yes,,No
BrainTumor_01722.jpg,Yes,Yes,Yes,No,Yes,Yes,,No,,Yes,
BrainTumor_01723.jpg,No,Yes,,Yes,Yes,Yes,No,,,,Yes
BrainTumor_01724.jpg,No,Yes,Yes,,,,No,Yes,No,Yes,No
BrainTumor_01725.jpg,,No,No,No,No,Yes,Yes,Yes,,Yes,
BrainTumor_01726.jpg,,Yes,No,No,Yes,No,Yes,,,,No
BrainTumor_01727.jpg,No,,No,No,No,,,,No,Yes,No
BrainTumor_01728.jpg,,Yes,Yes,No,,,Yes,,,Yes,Yes
BrainTumor_01729.jpg,No,,No,Yes,Yes,Yes,Yes,No,,Yes,
BrainTumor_01730.jpg,No,No,Yes,,,No,Yes,Yes,No,Yes,
BrainTumor_01731.jpg,,Yes,,No,Yes,No,No,No,Yes,No,No
BrainTumor_01732.jpg,No,,,,Yes,No,,Yes,No,Yes,
BrainTumor_01733.jpg,Yes,,No,No,Yes,No,,No,Yes,No,
BrainTumor_01734.jpg,Yes,No,,No,,Yes,,No,No,No,No
BrainTumor_01735.jpg,,,Yes,No,,,,No,Yes,,
BrainTumor_01736.jpg,,No,Yes,No,No,Yes,No,Yes,No,No,Yes
BrainTumor_01737.jpg,No,No,,No,No,,,No,Yes,Yes,No
BrainTumor_01738.jpg,Yes,,No,Yes,,,,,,Yes,Yes
BrainTumor_01739.jpg,,Yes,,No,Yes,,Yes,Yes,No,,No
BrainTumor_01740.jpg,No,Yes,,,Yes,No,Yes,,Yes,No,No
BrainTumor_01741.jpg,,Yes,,Yes,,,No,Yes,Yes,No,
BrainTumor_01742.jpg,,,,,Yes,,Yes,,No,No,No
BrainTumor_01743.jpg,,,Yes,Yes,,Yes,,,,Yes,Yes
BrainTumor_01744.jpg,,,Yes,Yes,Yes,Yes,No,No,No,,
BrainTumor_01745.jpg,Yes,,Yes,,,,No,No,,No,No
BrainTumor_01746.jpg,Yes,,,,No,,,No,No,,No
BrainTumor_01747.jpg,Yes,No,Yes,Yes,Yes,Yes,,Yes,No,Yes,No
BrainTumor_01748.jpg,No,No,Yes,,No,,No,No,No,,No
BrainTumor_01749.jpg,,No,,No,,No,,,,,
BrainTumor_01750.jpg,No,,Yes,Yes,Yes,No,No,,No,Yes,
BrainTumor_01751.jpg,No,No,Yes,,No,No,Yes,Yes,No,,No
BrainTumor_01752.jpg,Yes,,Yes,,No,,Yes,No,Yes,Yes,
BrainTumor_01753.jpg,No,,,,Yes,Yes,Yes,,No,No,No
BrainTumor_01754.jpg,Yes,Yes,No,No,Yes,Yes,,,No,,
BrainTumor_01755.jpg,,No,,,No,,Yes,Yes,No,Yes,
BrainTumor_01756.jpg,,,No,,No,Yes,Yes,Yes,Yes,No,No
BrainTumor_01757.jpg,No,,No,Yes,No,No,No,,,,Yes
BrainTumor_01758.jpg,No,Yes,No,Yes,Yes,No,Yes,,Yes,Yes,Yes
BrainTumor_01759.jpg,No,Yes,,Yes,,No,,No,No,No,Yes
BrainTumor_01760.jpg,Yes,,,No,,No,Yes,Yes,Yes,No,
BrainTumor_01761.jpg,Yes,No,No,Yes,,No,,No,Yes,,No
BrainTumor_01762.jpg,No,No,,,No,,Yes,No,Yes,No,Yes
BrainTumor_01763.jpg,No,,,Yes,,Yes,No,No,No,Yes,No
BrainTumor_01764.jpg,No,,Yes,,No,No,Yes,,,,Yes
BrainTumor_01765.jpg,No,,,No,Yes,Yes,,No,No,No,Yes
BrainTumor_01766.jpg,,No,Yes,,No,No,Yes,Yes,No,No,No
BrainTumor_01767.jpg,Yes,,No,,,Yes,,,No,No,
BrainTumor_01768.jpg,Yes,Yes,,No,Yes,,Yes,Yes,Yes,,Yes
BrainTumor_01769.jpg,Yes,,No,Yes,Yes,,,,,No,No
BrainTumor_01770.jpg,No,No,Yes,,Yes,Yes,Yes,,Yes,Yes,Yes
BrainTumor_01771.jpg,Yes,No,,,Yes,No,,,,No,No
BrainTumor_01772.jpg,,No,,Yes,,Yes,Yes,,No,,No
BrainTumor_01773.jpg,,Yes,No,No,Yes,No,No,,No,,
BrainTumor_01774.jpg,,,,No,Yes,No,No,No,No,Yes,
BrainTumor_01775.jpg,,Yes,No,,Yes,Yes,,,,No,No
BrainTumor_01776.jpg,No,Yes,,No,Yes,No,No,Yes,Yes,,No
BrainTumor_01777.jpg,No,,No,,No,Yes,Yes,No,Yes,No,No
BrainTumor_01778.jpg,No,,Yes,No,,Yes,,,,,
BrainTumor_01779.jpg,No,No,,No,Yes,No,No,No,Yes,No,No
BrainTumor_01780.jpg,No,Yes,Yes,Yes,,,Yes,Yes,No,Yes,No
BrainTumor_01781.jpg,No,,Yes,No,,Yes,Yes,,,,
BrainTumor_01782.jpg,No,Yes,Yes,No,,Yes,,No,,Yes,Yes
BrainTumor_01783.jpg,,No,No,No,,Yes,No,No,No,No,Yes
BrainTumor_01784.jpg,Yes,No,No,Yes,,No,Yes,,,No,No
BrainTumor_01785.jpg,Yes,,No,Yes,Yes,Yes,Yes,No,No,No,Yes
BrainTumor_01786.jpg,No,,Yes,Yes,,,Yes,Yes,,Yes,Yes
BrainTumor_01787.jpg,No,Yes,Yes,Yes,Yes,,,,No,,
BrainTumor_01788.jpg,,Yes,No,Yes,No,,No,Yes,No,Yes,
BrainTumor_01789.jpg,No,No,Yes,,Yes,,Yes,,Yes,No,No
BrainTumor_01790.jpg,,,Yes,Yes,No,,,No,Yes,No,
BrainTumor_01791.jpg,No,,Yes,Yes,,Yes,No,No,No,No,
BrainTumor_01792.jpg,,No,,No,Yes,,Yes,,Yes,,No
BrainTumor_01793.jpg,Yes,Yes,No,,Yes,,No,No,,No,Yes
BrainTumor_01794.jpg,No,No,,No,Yes,No,No,No,Yes,No,
BrainTumor_01795.jpg,Yes,,,No,No,No,No,Yes,Yes,Yes,
BrainTumor_01796.jpg,,No,Yes,Yes,No,No,,,No,,No
BrainTumor_01797.jpg,,Yes,,,Yes,,Yes,No,No,,No
BrainTumor_01798.jpg,Yes,No,No,Yes,No,Yes,,,Yes,Yes,
BrainTumor_01799.jpg,,,No,,Yes,Yes,No,Yes,Yes,,No
BrainTumor_01800.jpg,No,Yes,Yes,No,No,,,,,,No
BrainTumor_01801.jpg,Yes,Yes,,No,Yes,Yes,,,No,Yes,No
BrainTumor_01802.jpg,,,No,,No,,No,No,,Yes,No
BrainTumor_01803.jpg,Yes,Yes,No,,No,No,,,Yes,Yes,No
BrainTumor_01804.jpg,No,Yes,Yes,Yes,No,,No,,Yes,Yes,
BrainTumor_01805.jpg,Yes,No,,Yes,No,Yes,,,No,No,No
BrainTumor_01806.jpg,No,Yes,No,Yes,Yes,Yes,,No,Yes,Yes,
BrainTumor_01807.jpg,No,,No,Yes,,No,No,,No,No,
BrainTumor_01808.jpg,No,Yes,Yes,No,No,,Yes,,,No,Yes
BrainTumor_01809.jpg,Yes,,Yes,No,Yes,,,Yes,,No,No
BrainTumor_01810.jpg,Yes,,Yes,Yes,Yes,No,,No,Yes,No,
BrainTumor_01811.jpg,Yes,,,Yes,No,No,,,,,Yes
BrainTumor_01812.jpg,,,No,Yes,No,Yes,,,No,Yes,
BrainTumor_01813.jpg,,No,Yes,No,,,No,No,Yes,No,No
BrainTumor_01814.jpg,,Yes,No,No,,,,,Yes,No,No
BrainTumor_01815.jpg,No,,,No,No,,Yes,Yes,,Yes,No
BrainTumor_01816.jpg,,Yes,,No,Yes,Yes,No,,No,Yes,No
BrainTumor_01817.jpg,Yes,,,No,Yes,Yes,Yes,No,,No,No
BrainTumor_01818.jpg,No,Yes,No,No,,No,Yes,No,Yes,No,No
BrainTumor_01819.jpg,Yes,No,,Yes,No,Yes,No,Yes,,Yes,Yes
BrainTumor_01820.jpg,,,No,,Yes,Yes,No,,Yes,Yes,Yes
BrainTumor_01821.jpg,No,,No,No,Yes,,No,Yes,No,No,
BrainTumor_01822.jpg,Yes,,No,No,Yes,No,,,No,Yes,No
BrainTumor_01823.jpg,No,Yes,,No,,Yes,Yes,,No,Yes,
BrainTumor_01824.jpg,No,,Yes,Yes,Yes,No,Yes,Yes,Yes,,No
BrainTumor_01825.jpg,No,Yes,Yes,No,,Yes,,,Yes,Yes,
BrainTumor_01826.jpg,No,No,Yes,No,,No,No,Yes,,,No
BrainTumor_01827.jpg,No,Yes,,,No,,No,No,Yes,Yes,Yes
BrainTumor_01828.jpg,No,,No,,No,Yes,No,Yes,Yes,Yes,No
BrainTumor_01829.jpg,No,,No,No,No,No,Yes,,,Yes,
BrainTumor_01830.jpg,No,No,No,Yes,Yes,No,Yes,,No,No,Yes
BrainTumor_01831.jpg,,,,No,No,Yes,No,,No,No,
BrainTumor_01832.jpg,Yes,No,No,No,No,,No,No,,No,
BrainTumor_01833.jpg,,No,Yes,,Yes,No,Yes,Yes,No,,No
BrainTumor_01834.jpg,,,No,,,No,Yes,No,Yes,,
BrainTumor_01835.jpg,Yes,Yes,,No,No,,,,No,No,No
BrainTumor_01836.jpg,Yes,No,Yes,,No,,,No,Yes,No,No
BrainTumor_01837.jpg,No,,No,No,,,No,,,,Yes
BrainTumor_01838.jpg,No,No,No,No,,Yes,Yes,No,No,No,
BrainTumor_01839.jpg,No,,No,No,Yes,Yes,Yes,,,Yes,No
BrainTumor_01840.jpg,,Yes,No,Yes,,No,No,,Yes,,
BrainTumor_01841.jpg,,,,No,No,,,,No,Yes,Yes
BrainTumor_01842.jpg,,,No,No,Yes,No,,Yes,Yes,,
BrainTumor_01843.jpg,No,,,,No,No,Yes,No,No,,Yes
BrainTumor_01844.jpg,Yes,Yes,No,No,No,Yes,No,No,Yes,No,
BrainTumor_01845.jpg,Yes,Yes,No,Yes,Yes,,Yes,,No,Yes,No
BrainTumor_01846.jpg,Yes,Yes,Yes,Yes,,,Yes,No,Yes,No,Yes
BrainTumor_01847.jpg,,No,,Yes,Yes,Yes,Yes,Yes,,,
BrainTumor_01848.jpg,Yes,,,Yes,No,,Yes,No,,Yes,
BrainTumor_01849.jpg,Yes,,Yes,No,,,Yes,No,Yes,Yes,Yes
BrainTumor_01850.jpg,,No,No,Yes,Yes,,,No,,,
BrainTumor_01851.jpg,No,Yes,No,Yes,Yes,No,,Yes,,Yes,Yes
BrainTumor_01852.jpg,Yes,Yes,Yes,No,Yes,Yes,No,,Yes,,
BrainTumor_01853.jpg,Yes,No,Yes,,No,,No,,Yes,No,Yes
BrainTumor_01854.jpg,Yes,Yes,Yes,,No,,,No,No,,Yes
BrainTumor_01855.jpg,Yes,,Yes,Yes,No,,No,No,,No,Yes
BrainTumor_01856.jpg,,,,No,No,No,No,No,Yes,Yes,No
BrainTumor_01857.jpg,Yes,Yes,No,,,No,,,Yes,,No
BrainTumor_01858.jpg,No,No,Yes,,No,,,,Yes,Yes,
BrainTumor_01859.jpg,Yes,No,No,Yes,No,,Yes,,,Yes,
BrainTumor_01860.jpg,Yes,,No,No,Yes,No,No,No,Yes,,
BrainTumor_01861.jpg,No,No,No,Yes,No,,Yes,No,Yes,Yes,
BrainTumor_01862.jpg,Yes,Yes,No,No,No,,,No,,No,
BrainTumor_01863.jpg,No,No,Yes,Yes,No,,No,No,,,No
BrainTumor_01864.jpg,No,Yes,,No,,Yes,No,Yes,No,Yes,No
BrainTumor_01865.jpg,Yes,No,Yes,Yes,No,,,Yes,,No,Yes
BrainTumor_01866.jpg,Yes,,No,No,No,,Yes,,No,No,Yes
BrainTumor_01867.jpg,,Yes,,Yes,,Yes,No,Yes,Yes,Yes,No
BrainTumor_01868.jpg,,No,No,No,,,,No,,,No
BrainTumor_01869.jpg,No,Yes,,,,,Yes,,Yes,No,
BrainTumor_01870.jpg,,,,Yes,No,No,No,Yes,,No,No
BrainTumor_01871.jpg,,Yes,,No,Yes,No,Yes,No,,,
BrainTumor_01872.jpg,,Yes,Yes,,No,Yes,Yes,No,Yes,No,
BrainTumor_01873.jpg,,No,No,No,No,,Yes,No,No,,No
BrainTumor_01874.jpg,Yes,No,Yes,No,No,No,,,Yes,,No
BrainTumor_01875.jpg,Yes,No,Yes,No,No,No,,No,,Yes,
BrainTumor_01876.jpg,,,No,No,Yes,,No,,,Yes,Yes
BrainTumor_01877.jpg,Yes,Yes,No,No,,,Yes,No,No,No,
BrainTumor_01878.jpg,,No,,No,Yes,,,No,,,
BrainTumor_01879.jpg,,,,No,,,Yes,Yes,Yes,,No
BrainTumor_01880.jpg,No,,Yes,,No,,Yes,No,,Yes,
BrainTumor_01881.jpg,No,No,No,,,Yes,Yes,,,,No
BrainTumor_01882.jpg,,No,,,,Yes,,No,No,No,Yes
BrainTumor_01883.jpg,Yes,,No,Yes,Yes,No,Yes,No,Yes,No,Yes
BrainTumor_01884.jpg,Yes,Yes,No,No,No,Yes,,No,Yes,,Yes
BrainTumor_01885.jpg,Yes,,,No,,,No,,No,No,Yes
BrainTumor_01886.jpg,,Yes,,,Yes,,Yes,,Yes,Yes,
BrainTumor_01887.jpg,No,No,Yes,Yes,No,Yes,,,Yes,No,Yes
BrainTumor_01888.jpg,No,Yes,No,Yes,No,Yes,,No,Yes,No,
BrainTumor_01889.jpg,No,Yes,,No,No,No,Yes,No,,No,Yes
BrainTumor_01890.jpg,,Yes,,No,Yes,Yes,,No,Yes,,
BrainTumor_01891.jpg,,,,No,No,,,,,,
BrainTumor_01892.jpg,Yes,,,Yes,No,No,Yes,No,No,,No
BrainTumor_01893.jpg,No,No,Yes,No,Yes,Yes,Yes,,No,Yes,No
BrainTumor_01894.jpg,No,,No,,,Yes,,No,Yes,Yes,
BrainTumor_01895.jpg,,No,Yes,Yes,,Yes,Yes,Yes,No,Yes,
BrainTumor_01896.jpg,,Yes,Yes,,,No,,No,Yes,,No
BrainTumor_01897.jpg,,No,,No,,Yes,No,,,,
BrainTumor_01898.jpg,Yes,Yes,No,Yes,No,No,,,,No,Yes
BrainTumor_01899.jpg,No,,No,Yes,Yes,,Yes,Yes,,,No
BrainTumor_01900.jpg,No,No,Yes,No,,Yes,Yes,No,No,,
BrainTumor_01901.jpg,,,,Yes,Yes,No,,No,Yes,Yes,No
BrainTumor_01902.jpg,No,No,,Yes,No,No,No,,No,,No
BrainTumor_01903.jpg,No,Yes,Yes,No,,No,No,,No,Yes,
BrainTumor_01904.jpg,Yes,Yes,Yes,Yes,,Yes,,Yes,Yes,,Yes
BrainTumor_01905.jpg,Yes,No,Yes,No,Yes,No,No,,No,Yes,
BrainTumor_01906.jpg,No,,No,No,No,No,,Yes,No,Yes,
BrainTumor_01907.jpg,Yes,Yes,,No,Yes,No,No,Yes,No,,
BrainTumor_01908.jpg,Yes,Yes,Yes,No,Yes,No,Yes,No,No,No,No
BrainTumor_01909.jpg,No,No,No,,No,,,Yes,Yes,No,No
BrainTumor_01910.jpg,No,No,No,No,Yes,,,Yes,Yes,Yes,
BrainTumor_01911.jpg,Yes,Yes,,No,Yes,Yes,Yes,Yes,Yes,Yes,
BrainTumor_01912.jpg,,Yes,No,No,,,Yes,,No,Yes,Yes
BrainTumor_01913.jpg,Yes,,Yes,No,Yes,Yes,Yes,Yes,No,,Yes
BrainTumor_01914.jpg,Yes,,Yes,Yes,,Yes,,Yes,,,Yes
BrainTumor_01915.jpg,,Yes,Yes,No,Yes,Yes,Yes,No,,,No
BrainTumor_01916.jpg,,,,,,,No,,,No,
BrainTumor_01917.jpg,Yes,,Yes,No,Yes,Yes,,No,No,Yes,No
BrainTumor_01918.jpg,Yes,,,No,Yes,,,No,,,Yes
BrainTumor_01919.jpg,,,No,No,Yes,No,Yes,No,,Yes,No
BrainTumor_01920.jpg,No,,Yes,No,No,Yes,Yes,,Yes,,Yes
BrainTumor_01921.jpg,Yes,,Yes,Yes,Yes,Yes,Yes,,,Yes,No
BrainTumor_01922.jpg,Yes,No,No,,Yes,,No,,Yes,Yes,Yes
BrainTumor_01923.jpg,No,No,No,Yes,No,No,,Yes,Yes,Yes,No
BrainTumor_01924.jpg,,Yes,No,No,,No,Yes,Yes,Yes,No,Yes
BrainTumor_01925.jpg,No,Yes,Yes,Yes,Yes,No,Yes,Yes,No,,Yes
BrainTumor_01926.jpg,Yes,No,Yes,Yes,,No,No,Yes,Yes,,
BrainTumor_01927.jpg,,,,No,,No,No,No,,No,Yes
BrainTumor_01928.jpg,Yes,Yes,No,Yes,Yes,No,,,,Yes,
BrainTumor_01929.jpg,Yes,Yes,,No,No,,,Yes,Yes,,No
BrainTumor_01930.jpg,,No,No,,No,No,No,Yes,No,No,Yes
BrainTumor_01931.jpg,,No,,No,,,No,Yes,Yes,Yes,Yes
BrainTumor_01932.jpg,,,No,No,,Yes,Yes,Yes,No,,Yes
BrainTumor_01933.jpg,Yes,Yes,Yes,,Yes,No,No,No,No,Yes,No
BrainTumor_01934.jpg,,Yes,No,,,No,,Yes,No,,No
BrainTumor_01935.jpg,Yes,Yes,,,No,,Yes,,,Yes,
BrainTumor_01936.jpg,Yes,Yes,No,,Yes,Yes,,No,,No,
BrainTumor_01937.jpg,,No,No,No,No,Yes,No,,No,Yes,Yes
BrainTumor_01938.jpg,,Yes,Yes,,No,Yes,No,Yes,No,Yes,Yes
BrainTumor_01939.jpg,No,No,Yes,Yes,Yes,No,No,Yes,,Yes,No
BrainTumor_01940.jpg,,No,,Yes,No,,,No,Yes,Yes,No
BrainTumor_01941.jpg,Yes,,No,Yes,Yes,No,,No,,No,
BrainTumor_01942.jpg,,Yes,Yes,,Yes,Yes,,Yes,No,Yes,No
BrainTumor_01943.jpg,Yes,Yes,No,Yes,No,,No,No,,No,
BrainTumor_01944.jpg,No,No,,Yes,,Yes,Yes,Yes,Yes,No,No
BrainTumor_01945.jpg,No,Yes,No,,,,,Yes,No,Yes,No
BrainTumor_01946.jpg,Yes,,,,Yes,,,,Yes,Yes,Yes
BrainTumor_01947.jpg,No,Yes,Yes,No,,,,No,,No,
BrainTumor_01948.jpg,No,No,,,Yes,No,,Yes,,Yes,No
BrainTumor_01949.jpg,No,Yes,,Yes,Yes,No,,Yes,Yes,,No
BrainTumor_01950.jpg,Yes,No,,,,Yes,No,Yes,,Yes,
BrainTumor_01951.jpg,No,Yes,,Yes,Yes,Yes,Yes,Yes,No,Yes,Yes
BrainTumor_01952.jpg,,No,No,Yes,,No,,,,Yes,Yes
BrainTumor_01953.jpg,,Yes,,,No,Yes,No,No,No,,No
BrainTumor_01954.jpg,No,,,No,Yes,No,,Yes,Yes,,No
BrainTumor_01955.jpg,No,,Yes,No,,Yes,Yes,Yes,Yes,,No
BrainTumor_01956.jpg,,Yes,,,Yes,,No,Yes,Yes,Yes,Yes
BrainTumor_01957.jpg,,,No,Yes,,,,Yes,,No,No
BrainTumor_01958.jpg,Yes,,No,,No,Yes,No,No,,No,No
BrainTumor_01959.jpg,,,,Yes,No,,No,Yes,No,Yes,No
BrainTumor_01960.jpg,,No,,Yes,No,,No,Yes,,,Yes
BrainTumor_01961.jpg,Yes,,,,Yes,,Yes,Yes,,,No
BrainTumor_01962.jpg,,No,No,Yes,No,Yes,No,Yes,No,,
BrainTumor_01963.jpg,Yes,No,,,,Yes,No,Yes,Yes,No,Yes
BrainTumor_01964.jpg,,,No,,Yes,No,No,Yes,No,No,Yes
BrainTumor_01965.jpg,Yes,Yes,,No,No,Yes,Yes,No,No,,
BrainTumor_01966.jpg,No,,,,No,,,No,No,Yes,No
BrainTumor_01967.jpg,Yes,,Yes,,,,No,No,Yes,Yes,Yes
BrainTumor_01968.jpg,Yes,Yes,No,,,,,No,No,Yes,
BrainTumor_01969.jpg,,Yes,,No,No,No,No,No,,Yes,No
BrainTumor_01970.jpg,Yes,No,Yes,No,No,Yes,,,,No,Yes
BrainTumor_01971.jpg,,No,No,Yes,No,,Yes,Yes,,Yes,
BrainTumor_01972.jpg,No,No,No,No,No,,Yes,No,,Yes,Yes
BrainTumor_01973.jpg,,,,Yes,,,,,No,Yes,Yes
BrainTumor_01974.jpg,Yes,Yes,,,,,No,,No,,No
BrainTumor_01975.jpg,No,Yes,Yes,No,No,Yes,No,,,Yes,No
BrainTumor_01976.jpg,No,No,,,Yes,,Yes,,,Yes,No
BrainTumor_01977.jpg,Yes,,Yes,Yes,No,No,Yes,,,Yes,No
BrainTumor_01978.jpg,No,,,No,No,,Yes,,,Yes,
BrainTumor_01979.jpg,No,Yes,Yes,No,No,No,,Yes,No,Yes,
BrainTumor_01980.jpg,,No,Yes,,,No,Yes,,No,Yes,Yes
BrainTumor_01981.jpg,No,No,No,Yes,,Yes,,Yes,No,,Yes
BrainTumor_01982.jpg,Yes,No,No,No,Yes,,No,Yes,Yes,,Yes
BrainTumor_01983.jpg,,Yes,No,,No,No,,,Yes,No,Yes
BrainTumor_01984.jpg,Yes,Yes,Yes,,No,,Yes,,,No,No
BrainTumor_01985.jpg,,No,,,,No,,No,No,No,
BrainTumor_01986.jpg,,,No,,,,No,No,No,Yes,No
BrainTumor_01987.jpg,,Yes,Yes,Yes,,,No,Yes,No,,No
BrainTumor_01988.jpg,No,No,,No,No,Yes,,No,No,,No
BrainTumor_01989.jpg,,,Yes,No,No,No,,,,Yes,
BrainTumor_01990.jpg,No,No,,No,No,,,Yes,,,
BrainTumor_01991.jpg,Yes,,,No,No,,,,No,No,No
BrainTumor_01992.jpg,Yes,,No,,No,No,,,,No,Yes
BrainTumor_01993.jpg,No,Yes,No,,Yes,Yes,Yes,Yes,,No,Yes
BrainTumor_01994.jpg,Yes,No,No,,,No,,,,,No
BrainTumor_01995.jpg,,No,No,,,Yes,,,,Yes,
BrainTumor_01996.jpg,,Yes,Yes,Yes,No,No,Yes,No,Yes,,No
BrainTumor_01997.jpg,,,,No,No,Yes,Yes,No,No,Yes,No
BrainTumor_01998.jpg,Yes,Yes,No,Yes,No,No,Yes,No,,,Yes
BrainTumor_01999.jpg,No,Yes,Yes,Yes,No,,No,,,No,
BrainTumor_02000.jpg,,,No,,Yes,Yes,,Yes,,,Yes
BrainTumor_02001.jpg,Yes,,Yes,Yes,No,Yes,,,No,Yes,
BrainTumor_02002.jpg,,Yes,,,,No,,Yes,Yes,Yes,
BrainTumor_02003.jpg,,Yes,Yes,,No,No,Yes,Yes,,,Yes
BrainTumor_02004.jpg,,,,Yes,,Yes,Yes,No,No,,
BrainTumor_02005.jpg,,Yes,No,Yes,No,No,No,,No,Yes,
BrainTumor_02006.jpg,,Yes,Yes,No,,,Yes,Yes,No,,Yes
BrainTumor_02007.jpg,,No,,No,No,No,,Yes,,Yes,No
BrainTumor_02008.jpg,No,,,,No,Yes,Yes,No,No,Yes,No
BrainTumor_02009.jpg,No,,,Yes,Yes,No,No,,Yes,,No
BrainTumor_02010.jpg,No,,No,Yes,No,Yes,No,Yes,Yes,No,
BrainTumor_02011.jpg,Yes,Yes,No,No,,,,,,,
BrainTumor_02012.jpg,,,,No,No,,No,,Yes,,No
BrainTumor_02013.jpg,Yes,Yes,,,,,,No,No,,Yes
BrainTumor_02014.jpg,No,No,No,,Yes,Yes,,No,No,,
BrainTumor_02015.jpg,Yes,Yes,,,Yes,Yes,No,,No,,No
BrainTumor_02016.jpg,,Yes,Yes,Yes,Yes,Yes,,,No,No,Yes
BrainTumor_02017.jpg,,No,,,,Yes,,Yes,No,No,Yes
BrainTumor_02018.jpg,,No,No,,,,,,,Yes,Yes
BrainTumor_02019.jpg,No,Yes,Yes,Yes,No,Yes,,Yes,Yes,Yes,No
BrainTumor_02020.jpg,,Yes,No,,No,,No,,Yes,No,Yes
BrainTumor_02021.jpg,,Yes,Yes,No,Yes,No,,Yes,Yes,,Yes
BrainTumor_02022.jpg,Yes,,,No,Yes,Yes,,No,,,Yes
BrainTumor_02023.jpg,,Yes,No,Yes,Yes,No,Yes,,Yes,No,No
BrainTumor_02024.jpg,,Yes,No,No,No,No,,No,,Yes,Yes
BrainTumor_02025.jpg,Yes,No,No,No,No,No,,Yes,,No,No
BrainTumor_02026.jpg,,,Yes,No,,Yes,Yes,Yes,Yes,,No
BrainTumor_02027.jpg,,,,No,,Yes,No,,No,No,Yes
BrainTumor_02028.jpg,No,,Yes,Yes,No,,,No,Yes,,No
BrainTumor_02029.jpg,No,Yes,No,,,Yes,Yes,,,,No
BrainTumor_02030.jpg,No,No,No,Yes,No,Yes,No,,,Yes,
BrainTumor_02031.jpg,No,No,Yes,No,No,No,Yes,No,No,,No
BrainTumor_02032.jpg,No,Yes,,,Yes,Yes,No,Yes,Yes,,
BrainTumor_02033.jpg,Yes,No,Yes,No,Yes,No,,No,Yes,Yes,No
BrainTumor_02034.jpg,Yes,No,No,Yes,,Yes,,Yes,No,No,Yes
BrainTumor_02035.jpg,No,,No,Yes,No,No,Yes,,No,Yes,No
BrainTumor_02036.jpg,No,Yes,No,No,No,No,No,,,,No
BrainTumor_02037.jpg,,,Yes,No,,,Yes,,Yes,No,No
BrainTumor_02038.jpg,,Yes,,Yes,No,,,Yes,,,
BrainTumor_02039.jpg,No,Yes,,Yes,Yes,Yes,,No,,No,No
BrainTumor_02040.jpg,Yes,Yes,,No,No,No,,,No,No,No
BrainTumor_02041.jpg,,Yes,,Yes,No,,,Yes,No,Yes,
BrainTumor_02042.jpg,No,Yes,No,,Yes,No,Yes,No,Yes,Yes,No
BrainTumor_02043.jpg,Yes,,,,Yes,Yes,Yes,,,No,
BrainTumor_02044.jpg,Yes,,,No,Yes,Yes,Yes,No,Yes,No,Yes
BrainTumor_02045.jpg,No,,,No,No,Yes,No,,No,,Yes
BrainTumor_02046.jpg,No,No,Yes,,Yes,Yes,No,,No,Yes,Yes
BrainTumor_02047.jpg,,Yes,Yes,Yes,Yes,Yes,,,No,Yes,No
BrainTumor_02048.jpg,Yes,,No,,,,,,Yes,,
BrainTumor_02049.jpg,No,,Yes,Yes,Yes,,Yes,,Yes,No,Yes
BrainTumor_02050.jpg,Yes,Yes,Yes,Yes,,No,,No,,No,Yes
BrainTumor_02051.jpg,No,,Yes,Yes,No,Yes,Yes,Yes,,No,No
BrainTumor_02052.jpg,No,No,No,,,No,Yes,Yes,No,Yes,No
BrainTumor_02053.jpg,,,,Yes,Yes,,,,,,
BrainTumor_02054.jpg,No,Yes,Yes,Yes,No,Yes,,No,No,,
BrainTumor_02055.jpg,,,No,Yes,Yes,,,No,,Yes,No
BrainTumor_02056.jpg,Yes,Yes,,,No,No,No,Yes,,No,No
BrainTumor_02057.jpg,No,No,No,,,,,Yes,,Yes,No
BrainTumor_02058.jpg,No,No,No,,No,Yes,,,No,No,No
BrainTumor_02059.jpg,Yes,Yes,,No,No,,,Yes,No,Yes,
BrainTumor_02060.jpg,No,,No,,Yes,No,No,,Yes,,No
BrainTumor_02061.jpg,Yes,Yes,No,Yes,No,No,No,No,,Yes,Yes
BrainTumor_02062.jpg,No,Yes,,Yes,Yes,Yes,Yes,,,,Yes
BrainTumor_02063.jpg,No,,,No,,Yes,No,,No,Yes,No
BrainTumor_02064.jpg,No,Yes,,,No,No,,Yes,Yes,No,No
BrainTumor_02065.jpg,No,No,,,No,Yes,No,No,Yes,Yes,
BrainTumor_02066.jpg,,No,,,No,Yes,No,Yes,,Yes,No
BrainTumor_02067.jpg,Yes,,,No,,Yes,,Yes,No,No,Yes
BrainTumor_02068.jpg,Yes,Yes,,No,No,Yes,Yes,,,No,Yes
BrainTumor_02069.jpg,No,,No,,,No,No,Yes,Yes,No,
BrainTumor_02070.jpg,Yes,No,,Yes,,,,No,No,No,Yes
BrainTumor_02071.jpg,No,,Yes,Yes,,No,Yes,Yes,,Yes,
BrainTumor_02072.jpg,,Yes,,Yes,,No,,,Yes,,
BrainTumor_02073.jpg,No,No,,Yes,,,Yes,,Yes,,No
BrainTumor_02074.jpg,,Yes,,Yes,,Yes,No,Yes,,No,
BrainTumor_02075.jpg,No,,Yes,No,Yes,Yes,No,Yes,No,No,No
BrainTumor_02076.jpg,,No,,Yes,No,Yes,No,No,,No,
BrainTumor_02077.jpg,No,,No,,Yes,Yes,Yes,Yes,Yes,Yes,No
BrainTumor_02078.jpg,,,No,No,Yes,,,,Yes,No,No
BrainTumor_02079.jpg,Yes,Yes,,Yes,,Yes,,No,Yes,Yes,
BrainTumor_02080.jpg,No,,Yes,No,Yes,,,,,Yes,
BrainTumor_02081.jpg,Yes,Yes,,No,No,Yes,Yes,,No,Yes,Yes
BrainTumor_02082.jpg,Yes,Yes,,No,,No,Yes,Yes,,Yes,No
BrainTumor_02083.jpg,No,Yes,No,Yes,,No,Yes,,Yes,Yes,Yes
BrainTumor_02084.jpg,,No,Yes,Yes,No,No,No,,,No,Yes
BrainTumor_02085.jpg,No,,No,,,Yes,No,No,No,,Yes
BrainTumor_02086.jpg,,,Yes,Yes,Yes,No,,,Yes,Yes,No
BrainTumor_02087.jpg,Yes,No,,No,No,Yes,Yes,No,Yes,Yes,
BrainTumor_02088.jpg,,Yes,Yes,,Yes,No,Yes,Yes,Yes,,Yes
BrainTumor_02089.jpg,No,No,Yes,No,No,,Yes,No,No,No,
BrainTumor_02090.jpg,No,,,,No,,,No,,No,Yes
BrainTumor_02091.jpg,Yes,,No,,Yes,Yes,Yes,No,No,,No
BrainTumor_02092.jpg,No,No,No,,No,Yes,No,Yes,,Yes,
BrainTumor_02093.jpg,Yes,,No,No,Yes,Yes,,No,Yes,,
BrainTumor_02094.jpg,No,Yes,,Yes,No,Yes,,,No,No,Yes
BrainTumor_02095.jpg,Yes,,No,No,No,,,,Yes,Yes,Yes
BrainTumor_02096.jpg,,No,No,No,,Yes,,No,No,No,No
BrainTumor_02097.jpg,,,Yes,,Yes,,,Yes,,No,Yes
BrainTumor_02098.jpg,,Yes,Yes,,,Yes,,,,,Yes
BrainTumor_02099.jpg,No,Yes,,,No,No,,,Yes,,Yes
BrainTumor_02100.jpg,No,Yes,No,Yes,,Yes,No,No,Yes,Yes,No
BrainTumor_02101.jpg,,Yes,,No,No,,,,Yes,,No
BrainTumor_02102.jpg,Yes,Yes,,No,,No,No,,,No,No
BrainTumor_02103.jpg,,,Yes,,No,,Yes,,No,Yes,
BrainTumor_02104.jpg,Yes,No,No,,Yes,Yes,No,Yes,Yes,Yes,Yes
BrainTumor_02105.jpg,,,No,No,No,No,Yes,Yes,Yes,,
BrainTumor_02106.jpg,,Yes,No,,,No,Yes,Yes,Yes,,
BrainTumor_02107.jpg,No,Yes,Yes,No,Yes,,,Yes,No,No,No
BrainTumor_02108.jpg,No,,Yes,,,No,,Yes,No,,
BrainTumor_02109.jpg,,,No,No,,,,No,No,,Yes
BrainTumor_02110.jpg,Yes,Yes,No,Yes,Yes,,Yes,,,Yes,Yes
BrainTumor_02111.jpg,,No,,Yes,Yes,Yes,No,Yes,Yes,Yes,
BrainTumor_02112.jpg,No,,,Yes,Yes,Yes,Yes,No,No,,No
BrainTumor_02113.jpg,,No,No,,No,No,Yes,Yes,,,
BrainTumor_02114.jpg,Yes,Yes,Yes,Yes,Yes,No,Yes,,,No,No
BrainTumor_02115.jpg,No,,Yes,No,Yes,No,Yes,Yes,No,,
BrainTumor_02116.jpg,No,No,No,No,No,No,Yes,No,No,Yes,
BrainTumor_02117.jpg,,No,No,,Yes,,,No,,,
BrainTumor_02118.jpg,,,No,Yes,Yes,,Yes,No,No,Yes,No
BrainTumor_02119.jpg,Yes,No,No,,Yes,Yes,Yes,No,Yes,,No
BrainTumor_02120.jpg,Yes,No,,No,No,No,Yes,Yes,,No,
BrainTumor_02121.jpg,Yes,Yes,No,No,No,Yes,No,No,,No,No
BrainTumor_02122.jpg,No,,,,Yes,,Yes,Yes,,No,Yes
BrainTumor_02123.jpg,Yes,,,No,Yes,No,Yes,No,Yes,No,
BrainTumor_02124.jpg,Yes,No,No,,,No,No,No,No,,
BrainTumor_02125.jpg,,,,No,No,No,,,,No,Yes
BrainTumor_02126.jpg,No,Yes,Yes,No,Yes,No,,No,No,Yes,
BrainTumor_02127.jpg,,Yes,No,No,Yes,,Yes,,No,No,Yes
BrainTumor_02128.jpg,,,No,,,Yes,No,No,Yes,,Yes
BrainTumor_02129.jpg,,Yes,Yes,No,No,No,No,No,No,No,
BrainTumor_02130.jpg,,,Yes,No,Yes,Yes,No,No,,Yes,No
BrainTumor_02131.jpg,,No,Yes,,Yes,No,,,Yes,No,
BrainTumor_02132.jpg,No,No,No,No,No,,,Yes,,,No
BrainTumor_02133.jpg,No,No,No,No,No,Yes,,No,No,No,
BrainTumor_02134.jpg,No,No,,No,No,Yes,Yes,,No,No,
BrainTumor_02135.jpg,Yes,No,,No,Yes,Yes,,,No,Yes,No
BrainTumor_02136.jpg,Yes,Yes,Yes,,,Yes,,,Yes,Yes,
BrainTumor_02137.jpg,Yes,Yes,,,,Yes,No,,,Yes,
BrainTumor_02138.jpg,,Yes,No,No,Yes,No,Yes,,No,,
BrainTumor_02139.jpg,Yes,,No,Yes,Yes,No,Yes,,,Yes,Yes
BrainTumor_02140.jpg,No,Yes,Yes,,,No,,No,No,,No
BrainTumor_02141.jpg,,Yes,,Yes,Yes,No,No,Yes,Yes,,
BrainTumor_02142.jpg,No,,Yes,,No,,Yes,Yes,,Yes,No
BrainTumor_02143.jpg,,No,,,Yes,Yes,No,No,Yes,Yes,
BrainTumor_02144.jpg,,No,,Yes,No,No,,Yes,,,
BrainTumor_02145.jpg,,,No,Yes,Yes,No,No,,Yes,,
BrainTumor_02146.jpg,Yes,,Yes,No,,No,Yes,No,Yes,,Yes
BrainTumor_02147.jpg,No,No,No,,,,No,No,No,No,No
BrainTumor_02148.jpg,No,Yes,,,Yes,,,,Yes,No,Yes
BrainTumor_02149.jpg,,,Yes,Yes,Yes,,No,No,No,No,No
BrainTumor_02150.jpg,Yes,,No,No,Yes,No,No,No,,Yes,No
BrainTumor_02151.jpg,Yes,,,Yes,No,Yes,No,,No,Yes,No
BrainTumor_02152.jpg,No,No,Yes,Yes,No,Yes,No,No,No,Yes,Yes
BrainTumor_02153.jpg,,,Yes,No,Yes,No,No,No,Yes,,Yes
BrainTumor_02154.jpg,Yes,,,Yes,No,,Yes,No,,No,Yes
BrainTumor_02155.jpg,No,,Yes,No,Yes,No,,Yes,,Yes,Yes
BrainTumor_02156.jpg,,,Yes,,Yes,,Yes,No,,,No
BrainTumor_02157.jpg,No,No,,Yes,No,Yes,,,Yes,Yes,No
BrainTumor_02158.jpg,No,No,Yes,No,Yes,Yes,No,Yes,,Yes,Yes
BrainTumor_02159.jpg,Yes,No,,,Yes,Yes,Yes,No,,,
BrainTumor_02160.jpg,No,,Yes,,,Yes,Yes,No,,No,
BrainTumor_02161.jpg,Yes,Yes,,Yes,No,,No,No,,Yes,No
BrainTumor_02162.jpg,No,Yes,,Yes,No,No,,Yes,No,Yes,Yes
BrainTumor_02163.jpg,,Yes,Yes,Yes,,No,Yes,,,No,Yes
BrainTumor_02164.jpg,,No,,No,Yes,No,,Yes,,Yes,Yes
BrainTumor_02165.jpg,No,,No,Yes,,,No,No,,Yes,
BrainTumor_02166.jpg,Yes,Yes,No,No,Yes,Yes,,Yes,No,,
BrainTumor_02167.jpg,Yes,No,No,Yes,,Yes,Yes,,,Yes,
BrainTumor_02168.jpg,Yes,Yes,No,,No,,No,,,,No
BrainTumor_02169.jpg,,Yes,No,Yes,,No,,Yes,Yes,Yes,No
BrainTumor_02170.jpg,Yes,Yes,Yes,No,No,Yes,No,No,No,Yes,
BrainTumor_02171.jpg,No,Yes,No,Yes,Yes,No,Yes,,Yes,,Yes
BrainTumor_02172.jpg,,Yes,,No,,No,No,,Yes,,Yes
BrainTumor_02173.jpg,Yes,Yes,,No,No,No,,No,Yes,No,Yes
BrainTumor_02174.jpg,Yes,No,No,Yes,,,,No,Yes,No,No
BrainTumor_02175.jpg,No,Yes,Yes,,No,Yes,,No,Yes,Yes,Yes
BrainTumor_02176.jpg,,Yes,,,No,Yes,No,Yes,No,Yes,No
BrainTumor_02177.jpg,No,No,No,Yes,No,,Yes,,,No,No
BrainTumor_02178.jpg,Yes,,No,Yes,,,Yes,Yes,,Yes,Yes
BrainTumor_02179.jpg,,,,No,Yes,No,No,Yes,No,No,Yes
BrainTumor_02180.jpg,No,No,,No,Yes,Yes,Yes,No,Yes,,Yes
BrainTumor_02181.jpg,,Yes,No,,,,No,No,No,No,Yes
BrainTumor_02182.jpg,,,No,Yes,No,,Yes,No,,No,No
BrainTumor_02183.jpg,Yes,,Yes,Yes,Yes,,Yes,,,Yes,Yes
BrainTumor_02184.jpg,No,No,,,,Yes,Yes,,,Yes,Yes
BrainTumor_02185.jpg,No,Yes,Yes,Yes,No,,Yes,Yes,No,No,
BrainTumor_02186.jpg,Yes,,Yes,,Yes,,Yes,No,No,No,No
BrainTumor_02187.jpg,Yes,Yes,,,No,Yes,Yes,,No,Yes,
BrainTumor_02188.jpg,,,,Yes,,Yes,No,Yes,No,No,
BrainTumor_02189.jpg,Yes,No,,No,No,No,No,No,Yes,Yes,Yes
BrainTumor_02190.jpg,No,No,,,Yes,,Yes,Yes,Yes,,Yes
BrainTumor_02191.jpg,,Yes,Yes,No,No,,Yes,,No,No,
BrainTumor_02192.jpg,No,No,,No,,,No,Yes,,,No
BrainTumor_02193.jpg,,,Yes,Yes,Yes,Yes,,Yes,No,No,No
BrainTumor_02194.jpg,No,No,Yes,,No,Yes,No,Yes,,No,Yes
BrainTumor_02195.jpg,,No,,Yes,No,Yes,,No,,Yes,
BrainTumor_02196.jpg,,,No,No,,,Yes,No,Yes,,Yes
BrainTumor_02197.jpg,No,,Yes,No,Yes,No,Yes,,,,No
BrainTumor_02198.jpg,Yes,No,Yes,Yes,No,No,,Yes,No,No,
BrainTumor_02199.jpg,Yes,Yes,,,No,Yes,No,Yes,,No,
BrainTumor_02200.jpg,No,,,No,Yes,No,,Yes,No,,
BrainTumor_02201.jpg,Yes,No,,No,No,,Yes,Yes,Yes,No,
BrainTumor_02202.jpg,,Yes,,Yes,No,,Yes,,Yes,Yes,Yes
BrainTumor_02203.jpg,,No,No,No,Yes,,,,Yes,Yes,No
BrainTumor_02204.jpg,No,No,Yes,Yes,No,Yes,No,No,Yes,Yes,Yes
BrainTumor_02205.jpg,,,No,Yes,No,,No,,,,Yes
BrainTumor_02206.jpg,,Yes,No,No,No,Yes,,Yes,,Yes,
BrainTumor_02207.jpg,No,Yes,,,Yes,No,Yes,Yes,Yes,,
BrainTumor_02208.jpg,No,No,Yes,Yes,No,,,,,No,No
BrainTumor_02209.jpg,No,No,Yes,,,No,,No,,Yes,Yes
BrainTumor_02210.jpg,,No,No,,No,Yes,Yes,,Yes,Yes,
BrainTumor_02211.jpg,Yes,,,,Yes,No,No,,Yes,No,Yes
BrainTumor_02212.jpg,No,,,Yes,Yes,No,,Yes,Yes,No,No
BrainTumor_02213.jpg,No,Yes,,Yes,,,Yes,,No,No,
BrainTumor_02214.jpg,Yes,,Yes,Yes,Yes,,No,Yes,Yes,,No
BrainTumor_02215.jpg,,,,No,,Yes,Yes,,,,Yes
BrainTumor_02216.jpg,Yes,,,Yes,Yes,No,Yes,Yes,No,,
BrainTumor_02217.jpg,No,No,,Yes,,Yes,,,Yes,,Yes
BrainTumor_02218.jpg,,Yes,Yes,,,,Yes,,,,
BrainTumor_02219.jpg,Yes,Yes,,No,,,No,Yes,Yes,Yes,Yes
BrainTumor_02220.jpg,No,No,Yes,Yes,No,No,No,No,,Yes,No
BrainTumor_02221.jpg,Yes,,No,,,Yes,Yes,Yes,No,No,
BrainTumor_02222.jpg,,,No,Yes,Yes,Yes,,,Yes,,No
BrainTumor_02223.jpg,Yes,,,Yes,No,,Yes,,No,No,No
BrainTumor_02224.jpg,No,,,Yes,Yes,,No,Yes,,No,
BrainTumor_02225.jpg,Yes,Yes,,No,,No,,No,Yes,,Yes
BrainTumor_02226.jpg,,No,,,Yes,No,Yes,,No,Yes,No
BrainTumor_02227.jpg,,No,,No,No,,No,No,,No,No
BrainTumor_02228.jpg,,,Yes,,No,Yes,,Yes,,Yes,No
BrainTumor_02229.jpg,,No,,Yes,Yes,No,Yes,Yes,No,No,Yes
BrainTumor_02230.jpg,,,No,Yes,,Yes,No,,,No,
BrainTumor_02231.jpg,Yes,No,Yes,Yes,No,Yes,,No,Yes,Yes,Yes
BrainTumor_02232.jpg,Yes,No,,No,,No,,No,No,Yes,Yes
BrainTumor_02233.jpg,Yes,,,No,,No,No,No,Yes,Yes,
BrainTumor_02234.jpg,,Yes,No,No,,,,Yes,Yes,Yes,
BrainTumor_02235.jpg,,,No,,No,No,No,,No,Yes,
BrainTumor_02236.jpg,No,No,No,No,Yes,No,No,No,Yes,No,
BrainTumor_02237.jpg,No,No,No,,Yes,,Yes,Yes,,No,No
BrainTumor_02238.jpg,,Yes,Yes,No,No,,Yes,No,,,Yes
BrainTumor_02239.jpg,,No,,Yes,,,,,,Yes,
BrainTumor_02240.jpg,No,Yes,No,No,Yes,Yes,No,,,Yes,No
BrainTumor_02241.jpg,No,No,Yes,No,,,,,,Yes,No
BrainTumor_02242.jpg,No,,Yes,Yes,,,Yes,No,No,Yes,Yes
BrainTumor_02243.jpg,Yes,Yes,No,,Yes,No,No,No,Yes,Yes,No
BrainTumor_02244.jpg,,No,No,,Yes,,Yes,Yes,No,Yes,No
BrainTumor_02245.jpg,No,,Yes,Yes,,No,Yes,,Yes,Yes,Yes
BrainTumor_02246.jpg,,,Yes,No,No,No,No,Yes,,No,
BrainTumor_02247.jpg,No,No,Yes,No,,No,,Yes,Yes,Yes,
BrainTumor_02248.jpg,No,No,No,No,Yes,Yes,No,Yes,,Yes,No
BrainTumor_02249.jpg,,No,Yes,Yes,No,,No,,,Yes,
BrainTumor_02250.jpg,No,,Yes,No,No,,Yes,,Yes,No,Yes
BrainTumor_02251.jpg,Yes,Yes,Yes,No,Yes,,No,,No,,No
BrainTumor_02252.jpg,No,,Yes,,Yes,,No,Yes,Yes,,
BrainTumor_02253.jpg,,,No,No,Yes,Yes,Yes,No,,No,Yes
BrainTumor_02254.jpg,Yes,No,No,Yes,,Yes,Yes,No,No,,Yes
BrainTumor_02255.jpg,No,,,,No,Yes,,,,,
BrainTumor_02256.jpg,Yes,Yes,Yes,No,,Yes,No,Yes,Yes,No,Yes
BrainTumor_02257.jpg,,No,Yes,No,Yes,Yes,No,No,,No,Yes
BrainTumor_02258.jpg,,,,Yes,Yes,Yes,,No,No,Yes,Yes
BrainTumor_02259.jpg,No,Yes,,Yes,No,No,,,No,,No
BrainTumor_02260.jpg,Yes,,No,No,,No,Yes,No,Yes,No,
BrainTumor_02261.jpg,Yes,No,Yes,No,Yes,,No,No,Yes,No,No
BrainTumor_02262.jpg,Yes,Yes,,No,No,,,Yes,Yes,Yes,
BrainTumor_02263.jpg,,Yes,,Yes,,No,No,Yes,Yes,Yes,
BrainTumor_02264.jpg,,No,,,,No,,,,Yes,No
BrainTumor_02265.jpg,,Yes,No,,,No,No,,Yes,Yes,Yes
BrainTumor_02266.jpg,,Yes,No,Yes,No,No,No,No,Yes,,No
BrainTumor_02267.jpg,Yes,No,Yes,,,No,,,,,Yes
BrainTumor_02268.jpg,Yes,Yes,Yes,No,No,No,No,No,No,Yes,Yes
BrainTumor_02269.jpg,,No,No,,Yes,Yes,No,Yes,No,Yes,
BrainTumor_02270.jpg,Yes,No,Yes,Yes,Yes,,Yes,No,No,,No
BrainTumor_02271.jpg,No,Yes,No,Yes,No,Yes,No,,No,No,No
BrainTumor_02272.jpg,Yes,,No,,Yes,No,Yes,No,No,No,Yes
BrainTumor_02273.jpg,No,No,Yes,,Yes,Yes,Yes,Yes,Yes,,
BrainTumor_02274.jpg,,Yes,No,No,,,,Yes,Yes,No,
BrainTumor_02275.jpg,No,,Yes,,,No,Yes,,,Yes,
BrainTumor_02276.jpg,Yes,,No,,No,,,,No,No,No
BrainTumor_02277.jpg,No,,,,Yes,,Yes,No,Yes,No,Yes
BrainTumor_02278.jpg,Yes,Yes,Yes,,Yes,Yes,No,,,No,Yes
BrainTumor_02279.jpg,,No,Yes,,,No,,No,,,No
BrainTumor_02280.jpg,,Yes,No,,,No,,No,Yes,Yes,Yes
BrainTumor_02281.jpg,,Yes,Yes,Yes,,No,Yes,Yes,,No,
BrainTumor_02282.jpg,,Yes,,,Yes,No,Yes,No,No,No,No
BrainTumor_02283.jpg,,No,Yes,,Yes,Yes,,No,Yes,No,No
BrainTumor_02284.jpg,Yes,Yes,No,No,Yes,Yes,No,,Yes,,Yes
BrainTumor_02285.jpg,Yes,No,,Yes,Yes,,,No,No,No,
BrainTumor_02286.jpg,,No,No,Yes,No,Yes,No,No,,,No
BrainTumor_02287.jpg,No,Yes,Yes,,,No,,No,No,No,
BrainTumor_02288.jpg,No,No,Yes,,,Yes,,Yes,,Yes,Yes
BrainTumor_02289.jpg,No,Yes,Yes,Yes,Yes,No,No,Yes,No,,Yes
BrainTumor_02290.jpg,Yes,No,Yes,Yes,Yes,,,No,,No,No
BrainTumor_02291.jpg,Yes,Yes,No,,No,No,No,,Yes,Yes,
BrainTumor_02292.jpg,,,Yes,,,No,No,Yes,,,
BrainTumor_02293.jpg,,Yes,Yes,Yes,Yes,,Yes,,,Yes,Yes
BrainTumor_02294.jpg,No,Yes,,No,Yes,,No,No,,No,
BrainTumor_02295.jpg,Yes,No,,,No,Yes,,No,Yes,Yes,Yes
BrainTumor_02296.jpg,,Yes,No,,,No,,No,No,Yes,
BrainTumor_02297.jpg,No,,,Yes,,,,No,Yes,No,
BrainTumor_02298.jpg,Yes,Yes,No,,,,No,,,Yes,Yes
BrainTumor_02299.jpg,Yes,,,Yes,No,No,,Yes,Yes,No,
BrainTumor_02300.jpg,No,No,,,,Yes,,,,Yes,Yes
BrainTumor_02301.jpg,No,No,,No,Yes,Yes,,Yes,Yes,,Yes
BrainTumor_02302.jpg,,Yes,No,No,Yes,No,Yes,Yes,,Yes,No
BrainTumor_02303.jpg,No,Yes,Yes,No,Yes,Yes,,No,Yes,Yes,Yes
BrainTumor_02304.jpg,Yes,Yes,No,No,No,No,No,Yes,No,Yes,Yes
BrainTumor_02305.jpg,Yes,,Yes,Yes,,Yes,No,No,,No,
BrainTumor_02306.jpg,No,No,,No,,,No,No,,No,No
BrainTumor_02307.jpg,Yes,No,,No,,,,No,No,No,Yes
BrainTumor_02308.jpg,Yes,,,Yes,Yes,Yes,,Yes,No,Yes,No
BrainTumor_02309.jpg,No,,No,No,Yes,,,No,,No,Yes
BrainTumor_02310.jpg,No,Yes,No,Yes,Yes,No,Yes,,Yes,No,No
BrainTumor_02311.jpg,Yes,,,Yes,,,,Yes,Yes,Yes,No
BrainTumor_02312.jpg,Yes,,No,No,No,,Yes,No,,No,
BrainTumor_02313.jpg,Yes,Yes,,,,Yes,No,No,No,Yes,Yes
BrainTumor_02314.jpg,Yes,No,Yes,No,No,No,,Yes,,No,No
BrainTumor_02315.jpg,Yes,Yes,,No,,Yes,Yes,No,,Yes,No
BrainTumor_02316.jpg,,,Yes,No,Yes,No,,,No,No,Yes
BrainTumor_02317.jpg,Yes,No,Yes,Yes,,Yes,No,Yes,Yes,Yes,No
BrainTumor_02318.jpg,Yes,No,Yes,Yes,,,,Yes,,No,No
BrainTumor_02319.jpg,Yes,No,,No,,No,Yes,No,Yes,,Yes
BrainTumor_02320.jpg,No,,No,,,No,Yes,,,No,No
BrainTumor_02321.jpg,,Yes,,No,No,No,,,,Yes,Yes
BrainTumor_02322.jpg,Yes,No,,,Yes,Yes,,,No,,No
BrainTumor_02323.jpg,Yes,No,Yes,Yes,,Yes,No,No,Yes,No,No
BrainTumor_02324.jpg,Yes,Yes,,No,,,Yes,,No,No,Yes
BrainTumor_02325.jpg,Yes,Yes,Yes,,Yes,No,Yes,Yes,Yes,No,
BrainTumor_02326.jpg,,,Yes,Yes,No,,,,No,,No
BrainTumor_02327.jpg,No,Yes,Yes,No,No,Yes,,,Yes,Yes,No
BrainTumor_02328.jpg,,Yes,,,No,,,No,No,No,Yes
BrainTumor_02329.jpg,,,,,Yes,Yes,No,No,No,No,Yes
BrainTumor_02330.jpg,Yes,Yes,,No,No,No,,Yes,No,No,No
BrainTumor_02331.jpg,,,No,Yes,,Yes,Yes,No,No,Yes,Yes
BrainTumor_02332.jpg,Yes,No,Yes,,Yes,Yes,Yes,Yes,Yes,No,Yes
BrainTumor_02333.jpg,No,No,No,Yes,No,No,Yes,No,No,,No
BrainTumor_02334.jpg,Yes,,No,No,Yes,No,,No,Yes,,No
BrainTumor_02335.jpg,No,No,Yes,Yes,No,,No,,No,No,No
BrainTumor_02336.jpg,No,No,No,,No,Yes,No,No,No,No,Yes
BrainTumor_02337.jpg,,No,,No,Yes,No,,Yes,No,Yes,
BrainTumor_02338.jpg,Yes,No,Yes,No,No,,,,No,No,No
BrainTumor_02339.jpg,,Yes,,,No,,Yes,Yes,No,No,Yes
BrainTumor_02340.jpg,Yes,Yes,Yes,No,,Yes,No,Yes,No,Yes,No
BrainTumor_02341.jpg,,No,,No,Yes,Yes,Yes,No,No,No,
BrainTumor_02342.jpg,No,No,No,,No,,No,No,Yes,No,Yes
BrainTumor_02343.jpg,,Yes,Yes,,,No,No,,No,No,Yes
BrainTumor_02344.jpg,No,,Yes,Yes,Yes,Yes,No,Yes,Yes,Yes,No
BrainTumor_02345.jpg,No,Yes,,No,No,No,Yes,,No,No,Yes
BrainTumor_02346.jpg,Yes,Yes,Yes,Yes,No,,,,Yes,Yes,No
BrainTumor_02347.jpg,No,,No,No,Yes,Yes,Yes,Yes,No,Yes,Yes
BrainTumor_02348.jpg,,,No,No,Yes,Yes,Yes,Yes,No,,Yes
BrainTumor_02349.jpg,,No,Yes,No,,Yes,Yes,Yes,,No,Yes
BrainTumor_02350.jpg,,Yes,,,,No,,Yes,,Yes,No
BrainTumor_02351.jpg,No,No,,No,,Yes,,No,No,No,Yes
BrainTumor_02352.jpg,,,No,,Yes,No,,,,,No
BrainTumor_02353.jpg,,Yes,,,Yes,Yes,No,Yes,,Yes,No
BrainTumor_02354.jpg,No,No,No,Yes,Yes,,,No,Yes,,No
BrainTumor_02355.jpg,No,No,,No,No,,No,,No,Yes,No
BrainTumor_02356.jpg,,,,Yes,No,,No,No,,,
BrainTumor_02357.jpg,Yes,No,,No,Yes,No,Yes,Yes,,No,Yes
BrainTumor_02358.jpg,Yes,No,No,No,Yes,No,Yes,No,,No,
BrainTumor_02359.jpg,,Yes,,Yes,No,,No,,Yes,Yes,Yes
BrainTumor_02360.jpg,No,,Yes,Yes,No,No,,,Yes,,No
BrainTumor_02361.jpg,,Yes,Yes,No,Yes,Yes,,Yes,,,Yes
BrainTumor_02362.jpg,,Yes,Yes,No,Yes,,No,No,Yes,Yes,No
BrainTumor_02363.jpg,No,Yes,Yes,Yes,No,No,No,,No,No,
BrainTumor_02364.jpg,No,,Yes,,Yes,Yes,,No,,,
BrainTumor_02365.jpg,,No,Yes,,,No,,No,,No,No
BrainTumor_02366.jpg,,,No,,,Yes,Yes,,Yes,,Yes
BrainTumor_02367.jpg,,,Yes,,Yes,Yes,,,,,Yes
BrainTumor_02368.jpg,Yes,No,No,No,,,,No,,,
BrainTumor_02369.jpg,No,,No,,,No,No,No,,,Yes
BrainTumor_02370.jpg,,,Yes,Yes,Yes,Yes,,Yes,No,No,
BrainTumor_02371.jpg,,Yes,,Yes,,,Yes,,Yes,No,
BrainTumor_02372.jpg,Yes,Yes,Yes,No,Yes,Yes,Yes,,,Yes,Yes
BrainTumor_02373.jpg,,,,No,Yes,No,,,,Yes,Yes
BrainTumor_02374.jpg,,Yes,,,Yes,No,Yes,,Yes,Yes,Yes
BrainTumor_02375.jpg,No,,No,No,,Yes,No,Yes,No,No,Yes
BrainTumor_02376.jpg,Yes,Yes,Yes,Yes,No,No,,Yes,Yes,Yes,
BrainTumor_02377.jpg,,No,,No,Yes,Yes,,,No,No,Yes
BrainTumor_02378.jpg,No,No,Yes,,Yes,,,Yes,Yes,Yes,
BrainTumor_02379.jpg,No,No,,Yes,No,Yes,No,Yes,Yes,,
BrainTumor_02380.jpg,,Yes,No,No,Yes,No,No,No,No,Yes,Yes
BrainTumor_02381.jpg,,No,No,Yes,No,No,,,No,,
BrainTumor_02382.jpg,No,Yes,,Yes,,,Yes,Yes,Yes,Yes,
BrainTumor_02383.jpg,No,No,No,No,,No,No,No,,,Yes
BrainTumor_02384.jpg,,Yes,No,,No,,Yes,No,,No,Yes
BrainTumor_02385.jpg,No,Yes,No,,Yes,,Yes,No,No,Yes,
BrainTumor_02386.jpg,Yes,,,,,,,Yes,Yes,No,No
BrainTumor_02387.jpg,Yes,No,Yes,,,,Yes,Yes,No,,
BrainTumor_02388.jpg,Yes,,No,,,Yes,,Yes,No,Yes,No
BrainTumor_02389.jpg,No,,No,Yes,Yes,No,Yes,,,,Yes
BrainTumor_02390.jpg,,,Yes,Yes,No,No,No,Yes,,Yes,Yes
BrainTumor_02391.jpg,,Yes,,No,,,Yes,No,No,,No
BrainTumor_02392.jpg,,,Yes,Yes,No,,Yes,Yes,No,,
BrainTumor_02393.jpg,Yes,No,Yes,Yes,Yes,Yes,,No,,No,
BrainTumor_02394.jpg,No,No,,,Yes,,No,,Yes,,No
BrainTumor_02395.jpg,No,Yes,No,No,Yes,Yes,,No,Yes,,Yes
BrainTumor_02396.jpg,No,Yes,,Yes,No,No,No,,No,No,Yes
BrainTumor_02397.jpg,,,Yes,Yes,Yes,Yes,No,,,No,
BrainTumor_02398.jpg,No,No,Yes,,No,,,,No,No,No
BrainTumor_02399.jpg,,Yes,,Yes,No,Yes,,Yes,No,No,Yes
BrainTumor_02400.jpg,Yes,Yes,Yes,,Yes,No,,No,No,Yes,Yes
BrainTumor_02401.jpg,Yes,Yes,,No,No,,No,,No,,
BrainTumor_02402.jpg,,,Yes,Yes,,No,Yes,No,,No,Yes
BrainTumor_02403.jpg,No,Yes,Yes,Yes,,No,,No,No,Yes,
BrainTumor_02404.jpg,,Yes,,,No,,No,Yes,Yes,,Yes
BrainTumor_02405.jpg,Yes,,No,No,Yes,Yes,,Yes,Yes,Yes,No
BrainTumor_02406.jpg,Yes,,No,Yes,No,Yes,No,Yes,,,Yes
BrainTumor_02407.jpg,No,No,,Yes,No,Yes,Yes,Yes,,No,No
BrainTumor_02408.jpg,Yes,Yes,Yes,Yes,No,,,No,,No,
BrainTumor_02409.jpg,Yes,No,No,,,,No,No,No,No,Yes
BrainTumor_02410.jpg,Yes,,No,,No,,Yes,,,No,Yes
BrainTumor_02411.jpg,,Yes,,,Yes,,No,No,,,
BrainTumor_02412.jpg,No,Yes,,Yes,No,Yes,No,Yes,No,No,No
BrainTumor_02413.jpg,Yes,,,No,Yes,,Yes,Yes,Yes,,No
BrainTumor_02414.jpg,,No,No,,No,,Yes,,,Yes,No
BrainTumor_02415.jpg,No,No,Yes,,,,,Yes,,Yes,Yes
BrainTumor_02416.jpg,,Yes,Yes,,,,Yes,,,Yes,No
BrainTumor_02417.jpg,Yes,Yes,No,No,No,Yes,No,,No,,No
BrainTumor_02418.jpg,Yes,No,Yes,Yes,No,No,Yes,,No,No,
BrainTumor_02419.jpg,Yes,,Yes,,,No,No,No,,,
BrainTumor_02420.jpg,,No,Yes,No,Yes,No,No,No,No,Yes,
BrainTumor_02421.jpg,No,Yes,No,No,,,Yes,,No,No,
BrainTumor_02422.jpg,Yes,Yes,No,,No,Yes,,No,Yes,No,No
BrainTumor_02423.jpg,Yes,Yes,,No,Yes,,No,,No,,No
BrainTumor_02424.jpg,,,,,,Yes,Yes,Yes,Yes,,No
BrainTumor_02425.jpg,,,No,,,Yes,No,No,Yes,No,No
BrainTumor_02426.jpg,Yes,,No,No,No,,,No,No,Yes,Yes
BrainTumor_02427.jpg,,,,Yes,No,Yes,No,Yes,Yes,,No
BrainTumor_02428.jpg,Yes,Yes,No,,,,,Yes,Yes,Yes,
BrainTumor_02429.jpg,No,,No,,,,No,Yes,No,No,
BrainTumor_02430.jpg,Yes,,,,,No,,Yes,Yes,,
BrainTumor_02431.jpg,Yes,,No,No,No,,No,Yes,Yes,No,Yes
BrainTumor_02432.jpg,No,Yes,No,,Yes,No,,,Yes,Yes,
BrainTumor_02433.jpg,,No,No,Yes,Yes,Yes,Yes,,,,Yes
BrainTumor_02434.jpg,No,No,Yes,Yes,No,,No,No,No,No,Yes
BrainTumor_02435.jpg,Yes,Yes,,,Yes,No,No,Yes,Yes,Yes,Yes
BrainTumor_02436.jpg,Yes,,,No,,No,No,,,No,No
BrainTumor_02437.jpg,,Yes,Yes,No,Yes,No,Yes,Yes,No,,Yes
BrainTumor_02438.jpg,No,,,,,No,No,No,No,Yes,
BrainTumor_02439.jpg,Yes,Yes,,Yes,Yes,No,Yes,Yes,,Yes,Yes
BrainTumor_02440.jpg,,No,Yes,No,No,No,,No,Yes,No,Yes
BrainTumor_02441.jpg,No,,,,,Yes,,No,Yes,Yes,Yes
BrainTumor_02442.jpg,,,No,Yes,No,No,No,,No,Yes,Yes
BrainTumor_02443.jpg,No,No,Yes,No,Yes,,,,,No,No
BrainTumor_02444.jpg,Yes,No,,No,,,,,Yes,,No
BrainTumor_02445.jpg,,No,Yes,Yes,Yes,No,,Yes,Yes,Yes,
BrainTumor_02446.jpg,Yes,,No,Yes,No,No,,No,,,No
BrainTumor_02447.jpg,No,Yes,No,No,No,Yes,Yes,Yes,Yes,No,Yes
BrainTumor_02448.jpg,,,No,,,,,No,Yes,No,No
BrainTumor_02449.jpg,,Yes,No,,,Yes,No,Yes,Yes,Yes,Yes
BrainTumor_02450.jpg,,Yes,No,,,No,No,,Yes,,
BrainTumor_02451.jpg,No,No,Yes,No,,,Yes,,Yes,Yes,
BrainTumor_02452.jpg,,Yes,Yes,,Yes,Yes,No,,,,No
BrainTumor_02453.jpg,No,,No,No,,,Yes,,,Yes,No
BrainTumor_02454.jpg,Yes,No,No,Yes,No,No,No,Yes,No,Yes,No
BrainTumor_02455.jpg,,,Yes,Yes,Yes,Yes,No,Yes,No,Yes,
BrainTumor_02456.jpg,,No,No,No,Yes,No,Yes,Yes,No,Yes,Yes
BrainTumor_02457.jpg,Yes,Yes,,,Yes,,No,No,,No,No
BrainTumor_02458.jpg,No,No,Yes,No,No,Yes,Yes,Yes,Yes,No,
BrainTumor_02459.jpg,,No,Yes,Yes,No,,Yes,No,Yes,No,Yes
BrainTumor_02460.jpg,No,,,No,Yes,Yes,No,No,,Yes,No
BrainTumor_02461.jpg,No,No,No,No,,No,Yes,Yes,Yes,No,
BrainTumor_02462.jpg,No,Yes,Yes,,Yes,No,No,Yes,,No,Yes
BrainTumor_02463.jpg,No,Yes,Yes,No,Yes,,Yes,,,Yes,Yes
BrainTumor_02464.jpg,,Yes,Yes,Yes,,,No,Yes,,Yes,Yes
BrainTumor_02465.jpg,,No,,,Yes,No,No,No,No,No,No
BrainTumor_02466.jpg,No,,Yes,,Yes,Yes,Yes,,,,No
BrainTumor_02467.jpg,,,,Yes,No,Yes,Yes,No,No,No,Yes
BrainTumor_02468.jpg,,Yes,No,,No,,,Yes,Yes,,
BrainTumor_02469.jpg,Yes,,Yes,,Yes,,,Yes,No,Yes,Yes
BrainTumor_02470.jpg,Yes,Yes,,No,,,,,No,,No
BrainTumor_02471.jpg,Yes,,,No,No,,Yes,,Yes,No,No
BrainTumor_02472.jpg,Yes,Yes,No,No,Yes,Yes,Yes,Yes,,No,Yes
BrainTumor_02473.jpg,No,Yes,No,Yes,No,Yes,No,,No,,
BrainTumor_02474.jpg,Yes,Yes,No,,No,,No,,No,Yes,Yes
BrainTumor_02475.jpg,Yes,,Yes,,,Yes,Yes,,Yes,,No
BrainTumor_02476.jpg,Yes,No,,,Yes,,Yes,,,No,Yes
BrainTumor_02477.jpg,,,No,,Yes,No,,No,,No,No
BrainTumor_02478.jpg,Yes,No,No,Yes,No,,Yes,Yes,,,Yes
BrainTumor_02479.jpg,Yes,,Yes,Yes,Yes,No,,No,Yes,,Yes
BrainTumor_02480.jpg,Yes,,Yes,No,Yes,Yes,No,No,,No,
BrainTumor_02481.jpg,No,Yes,,Yes,,Yes,,No,Yes,No,No
BrainTumor_02482.jpg,,,No,Yes,No,No,No,Yes,,,No
BrainTumor_02483.jpg,Yes,No,No,Yes,No,,No,No,Yes,Yes,No
BrainTumor_02484.jpg,No,Yes,,Yes,,Yes,No,Yes,Yes,,
BrainTumor_02485.jpg,Yes,,Yes,,No,,,No,Yes,,
BrainTumor_02486.jpg,Yes,,No,No,Yes,Yes,,Yes,,No,Yes
BrainTumor_02487.jpg,No,Yes,Yes,,No,,Yes,Yes,No,Yes,No
BrainTumor_02488.jpg,No,Yes,,Yes,No,Yes,,Yes,Yes,Yes,Yes
BrainTumor_02489.jpg,No,,No,Yes,No,Yes,,Yes,Yes,No,Yes
BrainTumor_02490.jpg,,Yes,No,,,Yes,No,,,Yes,
BrainTumor_02491.jpg,,,No,,,,Yes,No,No,,
BrainTumor_02492.jpg,No,No,Yes,Yes,Yes,,,Yes,,No,
BrainTumor_02493.jpg,Yes,No,Yes,No,,No,,,Yes,,No
BrainTumor_02494.jpg,,Yes,,,Yes,No,Yes,Yes,,Yes,No
BrainTumor_02495.jpg,,No,No,,No,No,No,Yes,Yes,,
BrainTumor_02496.jpg,No,No,,,Yes,No,,,,Yes,Yes
BrainTumor_02497.jpg,,,Yes,No,,,,,,No,
BrainTumor_02498.jpg,,No,No,No,No,Yes,,Yes,,No,
BrainTumor_02499.jpg,,,,,No,,,Yes,Yes,Yes,No
BrainTumor_02500.jpg,Yes,,,No,,,,,No,,
BrainTumor_02501.jpg,,,Yes,,,,No,,,No,No
BrainTumor_02502.jpg,No,,Yes,,,,No,,No,Yes,No
BrainTumor_02503.jpg,No,No,Yes,Yes,Yes,No,Yes,No,No,No,
BrainTumor_02504.jpg,No,No,Yes,Yes,,,Yes,Yes,,No,No
BrainTumor_02505.jpg,Yes,No,No,,Yes,Yes,Yes,,No,,
BrainTumor_02506.jpg,No,,,,No,No,No,,No,,No
BrainTumor_02507.jpg,,,Yes,Yes,Yes,No,No,,,No,Yes
BrainTumor_02508.jpg,Yes,Yes,No,No,No,,No,,No,No,Yes
BrainTumor_02509.jpg,Yes,Yes,Yes,,No,Yes,Yes,No,Yes,,
BrainTumor_02510.jpg,No,Yes,Yes,,No,No,No,Yes,Yes,No,
BrainTumor_02511.jpg,Yes,No,Yes,No,,Yes,Yes,Yes,Yes,No,No
BrainTumor_02512.jpg,,,No,,Yes,Yes,,No,,,Yes
BrainTumor_02513.jpg,,,,Yes,,No,Yes,,Yes,Yes,Yes
BrainTumor_02514.jpg,,No,No,Yes,Yes,No,,,Yes,No,
BrainTumor_02515.jpg,No,No,Yes,Yes,,No,,No,No,No,No
BrainTumor_02516.jpg,,,Yes,Yes,No,Yes,No,Yes,Yes,Yes,No
BrainTumor_02517.jpg,Yes,Yes,Yes,No,No,No,No,No,No,Yes,
BrainTumor_02518.jpg,,Yes,Yes,No,No,Yes,,Yes,Yes,Yes,Yes
BrainTumor_02519.jpg,No,Yes,,,Yes,No,,,Yes,Yes,
BrainTumor_02520.jpg,No,Yes,No,,No,Yes,,,,Yes,No
BrainTumor_02521.jpg,,No,Yes,Yes,Yes,No,No,No,No,No,Yes
BrainTumor_02522.jpg,,,No,,,,Yes,Yes,,Yes,No
BrainTumor_02523.jpg,,Yes,,No,Yes,No,,Yes,No,,No
BrainTumor_02524.jpg,Yes,,Yes,No,Yes,No,Yes,,Yes,Yes,Yes
BrainTumor_02525.jpg,Yes,,No,Yes,Yes,,Yes,Yes,,,No
BrainTumor_02526.jpg,No,,No,,Yes,,Yes,Yes,,,Yes
BrainTumor_02527.jpg,Yes,,,,No,,Yes,Yes,No,No,No
BrainTumor_02528.jpg,Yes,,Yes,Yes,Yes,,,No,Yes,Yes,
BrainTumor_02529.jpg,Yes,,Yes,,No,,Yes,No,Yes,Yes,Yes
BrainTumor_02530.jpg,Yes,,Yes,No,No,No,,No,,Yes,
BrainTumor_02531.jpg,Yes,,Yes,,Yes,Yes,,No,,No,Yes
BrainTumor_02532.jpg,Yes,Yes,Yes,No,No,,No,Yes,Yes,No,No
BrainTumor_02533.jpg,No,Yes,,,No,,Yes,Yes,,No,No
BrainTumor_02534.jpg,Yes,,,No,No,No,No,No,Yes,,Yes
BrainTumor_02535.jpg,,Yes,,Yes,No,Yes,,Yes,Yes,No,No
BrainTumor_02536.jpg,No,Yes,Yes,,,Yes,No,No,,No,Yes
BrainTumor_02537.jpg,Yes,,No,,No,No,,Yes,Yes,No,Yes
BrainTumor_02538.jpg,No,,,Yes,,Yes,Yes,Yes,No,Yes,
BrainTumor_02539.jpg,No,No,Yes,,Yes,Yes,No,No,,,Yes
BrainTumor_02540.jpg,,,,Yes,,Yes,Yes,,,Yes,Yes
BrainTumor_02541.jpg,Yes,,No,No,No,,Yes,,No,,
BrainTumor_02542.jpg,Yes,No,Yes,Yes,No,Yes,,Yes,Yes,,
BrainTumor_02543.jpg,No,No,Yes,No,No,,,,Yes,No,Yes
BrainTumor_02544.jpg,No,,Yes,,,Yes,,,Yes,No,Yes
BrainTumor_02545.jpg,,,No,,Yes,,,,Yes,,
BrainTumor_02546.jpg,,Yes,,,,No,Yes,Yes,,No,
BrainTumor_02547.jpg,Yes,No,Yes,,No,No,,No,,Yes,
BrainTumor_02548.jpg,No,,,,,Yes,,,No,Yes,No
BrainTumor_02549.jpg,,No,,,No,,Yes,Yes,,,Yes
BrainTumor_02550.jpg,No,No,,,Yes,No,,,No,,No
BrainTumor_02551.jpg,No,,,Yes,Yes,,No,No,,Yes,Yes
BrainTumor_02552.jpg,No,,,,Yes,No,,No,No,,
BrainTumor_02553.jpg,,,,,Yes,No,No,,No,Yes,Yes
BrainTumor_02554.jpg,,No,,Yes,Yes,,Yes,No,Yes,,Yes
BrainTumor_02555.jpg,,Yes,Yes,Yes,No,Yes,Yes,,,Yes,
BrainTumor_02556.jpg,,,No,No,,No,Yes,,No,Yes,No
BrainTumor_02557.jpg,,Yes,No,Yes,,,,,No,,No
BrainTumor_02558.jpg,,No,Yes,,,No,Yes,Yes,Yes,Yes,No
BrainTumor_02559.jpg,Yes,Yes,No,No,Yes,,No,,Yes,,Yes
BrainTumor_02560.jpg,,,,No,No,,No,No,Yes,,
BrainTumor_02561.jpg,Yes,No,,,,No,No,Yes,Yes,Yes,No
BrainTumor_02562.jpg,No,,Yes,Yes,Yes,,Yes,,No,,No
BrainTumor_02563.jpg,No,Yes,No,No,,No,Yes,No,No,Yes,
BrainTumor_02564.jpg,,No,Yes,No,,No,No,,Yes,,
BrainTumor_02565.jpg,No,,No,No,,No,,Yes,Yes,,No
BrainTumor_02566.jpg,,No,Yes,No,No,,No,Yes,Yes,No,No
BrainTumor_02567.jpg,No,No,No,No,No,Yes,Yes,No,,,Yes
BrainTumor_02568.jpg,,,,No,Yes,No,,No,No,No,No
BrainTumor_02569.jpg,Yes,,No,,,No,Yes,Yes,No,Yes,
BrainTumor_02570.jpg,,Yes,,,,No,,Yes,Yes,Yes,Yes
BrainTumor_02571.jpg,Yes,,,,Yes,No,No,Yes,No,,
BrainTumor_02572.jpg,,No,Yes,Yes,,Yes,,,Yes,No,
BrainTumor_02573.jpg,,No,,,Yes,,,No,,Yes,
BrainTumor_02574.jpg,,,Yes,No,Yes,,Yes,Yes,Yes,No,Yes
BrainTumor_02575.jpg,No,,,,No,Yes,No,Yes,No,Yes,Yes
BrainTumor_02576.jpg,Yes,Yes,Yes,No,Yes,Yes,No,,Yes,Yes,No
BrainTumor_02577.jpg,Yes,Yes,,Yes,No,,,Yes,Yes,Yes,Yes
BrainTumor_02578.jpg,No,No,,No,No,,No,,Yes,,Yes
BrainTumor_02579.jpg,Yes,No,,No,Yes,No,No,No,Yes,Yes,Yes
BrainTumor_02580.jpg,Yes,No,,Yes,Yes,No,No,No,Yes,No,Yes
BrainTumor_02581.jpg,No,No,No,No,Yes,No,Yes,Yes,Yes,,No
BrainTumor_02582.jpg,,,Yes,Yes,Yes,,Yes,Yes,,Yes,No
BrainTumor_02583.jpg,Yes,Yes,,Yes,Yes,,,No,,Yes,Yes
BrainTumor_02584.jpg,No,No,Yes,,,,,Yes,,Yes,Yes
BrainTumor_02585.jpg,,,Yes,,Yes,,Yes,,,Yes,
BrainTumor_02586.jpg,Yes,No,,No,,Yes,Yes,Yes,,,
BrainTumor_02587.jpg,Yes,Yes,,No,No,No,No,Yes,No,,Yes
BrainTumor_02588.jpg,Yes,No,,No,Yes,Yes,,Yes,,,Yes
BrainTumor_02589.jpg,,No,Yes,,No,Yes,No,No,Yes,Yes,No
BrainTumor_02590.jpg,Yes,,Yes,,No,,No,Yes,,,
BrainTumor_02591.jpg,No,,No,,No,No,No,Yes,No,Yes,Yes
BrainTumor_02592.jpg,Yes,,,No,No,Yes,Yes,No,Yes,No,No
BrainTumor_02593.jpg,No,,,No,No,Yes,No,No,No,No,
BrainTumor_02594.jpg,,Yes,No,Yes,No,Yes,,No,No,No,
BrainTumor_02595.jpg,,Yes,Yes,,No,,No,,Yes,No,
BrainTumor_02596.jpg,Yes,No,No,Yes,Yes,Yes,,,No,No,
BrainTumor_02597.jpg,Yes,Yes,No,Yes,No,,Yes,No,Yes,No,
BrainTumor_02598.jpg,Yes,Yes,Yes,,No,,Yes,Yes,No,Yes,Yes
BrainTumor_02599.jpg,,,,Yes,No,Yes,No,Yes,No,No,No
BrainTumor_02600.jpg,No,No,Yes,No,No,,,No,Yes,No,Yes
BrainTumor_02601.jpg,Yes,No,Yes,Yes,No,Yes,,No,No,,
BrainTumor_02602.jpg,No,Yes,Yes,No,,,Yes,Yes,,No,No
BrainTumor_02603.jpg,Yes,No,,Yes,No,,No,,No,No,Yes
BrainTumor_02604.jpg,,Yes,,No,No,Yes,No,No,Yes,Yes,Yes
BrainTumor_02605.jpg,No,Yes,,Yes,Yes,No,Yes,No,,Yes,No
BrainTumor_02606.jpg,No,No,,,Yes,,,No,Yes,Yes,No
BrainTumor_02607.jpg,,Yes,,,No,Yes,No,No,Yes,Yes,No
BrainTumor_02608.jpg,Yes,,Yes,,,Yes,Yes,Yes,,Yes,Yes
BrainTumor_02609.jpg,Yes,No,,No,No,No,,,Yes,,No
BrainTumor_02610.jpg,No,,Yes,No,No,Yes,No,No,,No,No
BrainTumor_02611.jpg,Yes,Yes,,,No,,No,,Yes,,
BrainTumor_02612.jpg,No,No,,Yes,Yes,Yes,,No,No,,Yes
BrainTumor_02613.jpg,,,,No,Yes,Yes,No,No,,No,No
BrainTumor_02614.jpg,Yes,No,Yes,No,Yes,No,Yes,,No,,Yes
BrainTumor_02615.jpg,Yes,No,No,,Yes,No,,Yes,,Yes,Yes
BrainTumor_02616.jpg,No,No,No,,,Yes,Yes,,Yes,,No
BrainTumor_02617.jpg,Yes,,No,,No,,No,No,No,Yes,No
BrainTumor_02618.jpg,No,,No,No,No,No,,,Yes,Yes,No
BrainTumor_02619.jpg,No,No,Yes,No,,,No,Yes,Yes,,
BrainTumor_02620.jpg,,,,,,No,Yes,No,Yes,No,
BrainTumor_02621.jpg,Yes,Yes,,No,,,,,,Yes,
BrainTumor_02622.jpg,Yes,No,Yes,No,Yes,No,No,,No,No,Yes
BrainTumor_02623.jpg,Yes,,No,No,,Yes,,No,No,Yes,No
BrainTumor_02624.jpg,No,,,,No,No,Yes,,No,,
BrainTumor_02625.jpg,No,No,Yes,Yes,Yes,,No,No,No,Yes,No
BrainTumor_02626.jpg,Yes,No,No,,No,,No,,,,No
BrainTumor_02627.jpg,Yes,No,,,,No,,No,Yes,Yes,No
BrainTumor_02628.jpg,,Yes,No,No,No,,No,No,No,,Yes
BrainTumor_02629.jpg,No,,Yes,,No,Yes,,Yes,Yes,,No
BrainTumor_02630.jpg,,No,No,No,,No,No,Yes,,No,Yes
BrainTumor_02631.jpg,,,,Yes,Yes,,,,Yes,,No
BrainTumor_02632.jpg,No,Yes,Yes,Yes,No,,,No,,Yes,
BrainTumor_02633.jpg,No,Yes,,No,,No,,No,,No,No
BrainTumor_02634.jpg,No,Yes,No,,,Yes,No,,,Yes,Yes
BrainTumor_02635.jpg,Yes,No,,No,,No,,Yes,No,Yes,Yes
BrainTumor_02636.jpg,No,No,Yes,No,,Yes,Yes,Yes,No,No,
BrainTumor_02637.jpg,,Yes,,No,,No,No,,Yes,Yes,
BrainTumor_02638.jpg,,Yes,,,,Yes,,,No,No,No
BrainTumor_02639.jpg,Yes,,,No,,Yes,Yes,,Yes,Yes,Yes
BrainTumor_02640.jpg,No,No,No,No,,,Yes,,Yes,No,No
BrainTumor_02641.jpg,No,,Yes,No,,No,,Yes,No,No,
BrainTumor_02642.jpg,,No,No,No,,,Yes,No,,,
BrainTumor_02643.jpg,Yes,Yes,Yes,,No,No,,,,,
BrainTumor_02644.jpg,Yes,No,No,Yes,Yes,No,No,Yes,,No,No
BrainTumor_02645.jpg,Yes,,,Yes,,No,No,No,Yes,,
BrainTumor_02646.jpg,,Yes,Yes,No,,No,,Yes,,Yes,Yes
BrainTumor_02647.jpg,,Yes,No,,,No,Yes,,,No,Yes
BrainTumor_02648.jpg,,,,Yes,No,,No,Yes,Yes,Yes,No
BrainTumor_02649.jpg,No,,Yes,No,No,Yes,,No,,Yes,Yes
BrainTumor_02650.jpg,No,,No,No,No,,,Yes,,No,No
BrainTumor_02651.jpg,Yes,,,Yes,No,,Yes,No,Yes,,
BrainTumor_02652.jpg,No,Yes,,,No,,No,,Yes,,No
BrainTumor_02653.jpg,Yes,Yes,Yes,,,No,No,Yes,No,,No
BrainTumor_02654.jpg,,,,,No,Yes,Yes,No,,No,Yes
BrainTumor_02655.jpg,Yes,Yes,No,No,,Yes,,Yes,Yes,,Yes
BrainTumor_02656.jpg,No,Yes,No,No,Yes,No,,No,,,
BrainTumor_02657.jpg,No,,Yes,No,No,Yes,Yes,No,Yes,Yes,Yes
BrainTumor_02658.jpg,No,No,,No,Yes,,Yes,Yes,,,
BrainTumor_02659.jpg,Yes,No,No,No,Yes,No,Yes,Yes,,No,
BrainTumor_02660.jpg,No,,,,Yes,Yes,Yes,No,No,No,No
BrainTumor_02661.jpg,,Yes,Yes,Yes,Yes,No,Yes,,,No,Yes
BrainTumor_02662.jpg,,,No,No,Yes,Yes,No,Yes,No,,Yes
BrainTumor_02663.jpg,Yes,No,Yes,,,No,Yes,Yes,Yes,No,No
BrainTumor_02664.jpg,No,,,No,,No,Yes,No,,,No
BrainTumor_02665.jpg,,No,Yes,,Yes,Yes,,,,Yes,No
BrainTumor_02666.jpg,Yes,No,Yes,Yes,Yes,No,No,Yes,Yes,,Yes
BrainTumor_02667.jpg,Yes,No,Yes,Yes,No,,Yes,Yes,Yes,Yes,
BrainTumor_02668.jpg,,No,No,,Yes,No,Yes,Yes,,,No
BrainTumor_02669.jpg,,No,No,,,No,,Yes,,Yes,Yes
BrainTumor_02670.jpg,Yes,No,Yes,Yes,No,,No,,Yes,No,No
BrainTumor_02671.jpg,,No,Yes,Yes,,No,,,No,Yes,No
BrainTumor_02672.jpg,Yes,No,Yes,Yes,Yes,No,,No,No,,
BrainTumor_02673.jpg,Yes,No,Yes,,Yes,Yes,,No,,Yes,
BrainTumor_02674.jpg,,Yes,No,Yes,No,No,No,Yes,No,No,Yes
BrainTumor_02675.jpg,,Yes,,Yes,Yes,No,Yes,Yes,,No,No
BrainTumor_02676.jpg,,No,Yes,No,Yes,Yes,No,,No,,Yes
BrainTumor_02677.jpg,,Yes,No,No,Yes,Yes,Yes,No,,,Yes
BrainTumor_02678.jpg,No,Yes,,Yes,Yes,No,,Yes,No,,
BrainTumor_02679.jpg,No,No,,Yes,,Yes,,Yes,,Yes,
BrainTumor_02680.jpg,,No,,,,No,No,,,No,Yes
BrainTumor_02681.jpg,,,,,No,,No,,Yes,No,
BrainTumor_02682.jpg,No,,,No,No,No,,,No,,Yes
BrainTumor_02683.jpg,,Yes,Yes,No,Yes,,,Yes,No,No,Yes
BrainTumor_02684.jpg,No,No,Yes,No,,,Yes,,,,
BrainTumor_02685.jpg,,No,No,No,,Yes,No,Yes,No,No,No
BrainTumor_02686.jpg,Yes,,Yes,No,No,Yes,Yes,No,,,No
BrainTumor_02687.jpg,Yes,No,Yes,No,,Yes,Yes,Yes,,Yes,No
BrainTumor_02688.jpg,Yes,No,No,,Yes,Yes,No,,,,
BrainTumor_02689.jpg,Yes,Yes,No,Yes,No,Yes,Yes,No,Yes,Yes,Yes
BrainTumor_02690.jpg,,No,Yes,Yes,No,Yes,Yes,No,No,No,
BrainTumor_02691.jpg,Yes,Yes,,,,Yes,Yes,Yes,Yes,Yes,Yes
BrainTumor_02692.jpg,Yes,Yes,Yes,,No,No,,No,No,No,
BrainTumor_02693.jpg,Yes,Yes,No,No,No,No,,Yes,No,Yes,No
BrainTumor_02694.jpg,Yes,No,Yes,Yes,Yes,,Yes,,,Yes,Yes
BrainTumor_02695.jpg,Yes,Yes,No,No,Yes,Yes,No,,Yes,,No
BrainTumor_02696.jpg,Yes,Yes,,Yes,Yes,No,,Yes,No,Yes,
BrainTumor_02697.jpg,No,Yes,,No,,,No,No,Yes,,No
BrainTumor_02698.jpg,No,Yes,Yes,No,,,No,No,Yes,No,
BrainTumor_02699.jpg,,No,,Yes,,,No,,,Yes,No
BrainTumor_02700.jpg,Yes,,,,,Yes,No,,No,No,No
BrainTumor_02701.jpg,,Yes,Yes,Yes,No,,,Yes,,,No
BrainTumor_02702.jpg,Yes,No,Yes,,,,No,No,Yes,No,No
BrainTumor_02703.jpg,,Yes,Yes,No,Yes,No,Yes,,No,,Yes
BrainTumor_02704.jpg,No,No,,Yes,,Yes,,No,Yes,Yes,Yes
BrainTumor_02705.jpg,,No,Yes,No,No,Yes,No,,No,Yes,No
BrainTumor_02706.jpg,Yes,Yes,No,Yes,,,,No,No,No,
BrainTumor_02707.jpg,,,,Yes,No,No,,No,Yes,No,
BrainTumor_02708.jpg,,Yes,No,Yes,Yes,No,No,Yes,No,,No
BrainTumor_02709.jpg,No,No,No,,Yes,,,Yes,,No,Yes
BrainTumor_02710.jpg,No,,No,,,No,No,No,Yes,Yes,
BrainTumor_02711.jpg,,,,,Yes,Yes,Yes,No,Yes,No,Yes
BrainTumor_02712.jpg,Yes,,,No,Yes,,No,Yes,No,No,No
BrainTumor_02713.jpg,,No,Yes,No,Yes,Yes,No,No,No,No,
BrainTumor_02714.jpg,,No,,,,Yes,Yes,No,,,Yes
BrainTumor_02715.jpg,No,Yes,Yes,No,Yes,No,Yes,No,,,No
BrainTumor_02716.jpg,,No,,,No,Yes,No,,No,Yes,Yes
BrainTumor_02717.jpg,Yes,Yes,,,Yes,No,,Yes,No,No,No
BrainTumor_02718.jpg,,No,,,No,No,Yes,No,,Yes,
BrainTumor_02719.jpg,,,No,Yes,No,No,No,No,,No,
BrainTumor_02720.jpg,No,No,No,,Yes,No,No,No,,,No
BrainTumor_02721.jpg,,,,No,Yes,Yes,No,No,No,No,Yes
BrainTumor_02722.jpg,No,No,,,No,No,Yes,,,Yes,Yes
BrainTumor_02723.jpg,Yes,No,Yes,,,,Yes,,No,,No
BrainTumor_02724.jpg,Yes,No,,No,No,,No,No,,No,
BrainTumor_02725.jpg,Yes,Yes,No,,Yes,No,,Yes,,,Yes
BrainTumor_02726.jpg,No,Yes,Yes,,Yes,,,No,No,,
BrainTumor_02727.jpg,Yes,No,Yes,,,Yes,Yes,,No,No,
BrainTumor_02728.jpg,Yes,,Yes,Yes,No,,,Yes,,Yes,No
BrainTumor_02729.jpg,No,Yes,No,No,,Yes,,No,Yes,,No
BrainTumor_02730.jpg,No,No,,No,Yes,Yes,No,No,Yes,Yes,No
BrainTumor_02731.jpg,No,Yes,,,Yes,Yes,No,No,Yes,No,No
BrainTumor_02732.jpg,,,No,Yes,No,Yes,Yes,Yes,Yes,,
BrainTumor_02733.jpg,Yes,No,Yes,,No,,No,No,No,Yes,
BrainTumor_02734.jpg,,Yes,Yes,,No,,Yes,Yes,,No,No
BrainTumor_02735.jpg,,,No,Yes,No,No,,Yes,,Yes,Yes
BrainTumor_02736.jpg,No,,,No,,,No,,No,No,No
BrainTumor_02737.jpg,,No,No,,,Yes,Yes,Yes,Yes,Yes,No
BrainTumor_02738.jpg,Yes,Yes,Yes,Yes,Yes,,Yes,Yes,,,
BrainTumor_02739.jpg,,No,,,,No,No,Yes,Yes,Yes,
BrainTumor_02740.jpg,No,,,No,Yes,No,,Yes,,Yes,
BrainTumor_02741.jpg,No,No,,Yes,No,Yes,No,No,,,Yes
BrainTumor_02742.jpg,Yes,No,,Yes,Yes,No,Yes,No,Yes,No,Yes
BrainTumor_02743.jpg,,,Yes,No,,Yes,,Yes,,,
BrainTumor_02744.jpg,,,No,Yes,,,No,No,Yes,Yes,
BrainTumor_02745.jpg,,Yes,,Yes,,,Yes,No,Yes,Yes,
BrainTumor_02746.jpg,Yes,No,,Yes,No,No,No,,,No,No
BrainTumor_02747.jpg,No,No,Yes,No,Yes,No,,No,,Yes,Yes
BrainTumor_02748.jpg,No,Yes,,No,Yes,No,Yes,Yes,,,
BrainTumor_02749.jpg,Yes,,,,No,,No,,No,No,
BrainTumor_02750.jpg,,No,Yes,No,No,Yes,,Yes,No,,
BrainTumor_02751.jpg,No,No,Yes,,No,No,,,No,,
BrainTumor_02752.jpg,Yes,No,,,No,No,No,No,Yes,No,Yes
BrainTumor_02753.jpg,,Yes,,Yes,,No,No,,,,
BrainTumor_02754.jpg,No,,No,No,Yes,Yes,Yes,,,,No
BrainTumor_02755.jpg,,,Yes,,,No,,No,Yes,No,No
BrainTumor_02756.jpg,,,,No,Yes,,Yes,Yes,,No,No
BrainTumor_02757.jpg,Yes,,No,No,,Yes,,No,,Yes,
BrainTumor_02758.jpg,Yes,,Yes,Yes,,Yes,No,,Yes,Yes,No
BrainTumor_02759.jpg,,No,No,Yes,Yes,,No,Yes,,,Yes
BrainTumor_02760.jpg,Yes,Yes,Yes,Yes,No,Yes,No,,Yes,No,No
BrainTumor_02761.jpg,Yes,Yes,No,No,,Yes,Yes,,,No,No
BrainTumor_02762.jpg,No,Yes,Yes,Yes,No,No,Yes,,Yes,Yes,No
BrainTumor_02763.jpg,,,,,,No,No,,,,
BrainTumor_02764.jpg,No,No,Yes,,,No,,Yes,No,No,Yes
BrainTumor_02765.jpg,,,No,No,,No,,,Yes,No,Yes
BrainTumor_02766.jpg,Yes,,No,Yes,Yes,Yes,Yes,,Yes,Yes,Yes
BrainTumor_02767.jpg,,Yes,,,Yes,,Yes,,Yes,Yes,
BrainTumor_02768.jpg,,,No,Yes,Yes,Yes,No,,Yes,Yes,No
BrainTumor_02769.jpg,,Yes,No,No,No,No,Yes,,No,,No
BrainTumor_02770.jpg,No,Yes,Yes,No,,Yes,,No,No,Yes,Yes
BrainTumor_02771.jpg,No,,Yes,No,,No,,Yes,Yes,Yes,No
BrainTumor_02772.jpg,Yes,,Yes,Yes,Yes,No,Yes,No,No,Yes,
BrainTumor_02773.jpg,Yes,Yes,,No,No,,,No,Yes,,No
BrainTumor_02774.jpg,Yes,,,Yes,,,Yes,No,No,Yes,
BrainTumor_02775.jpg,No,No,Yes,,Yes,,,Yes,No,Yes,
BrainTumor_02776.jpg,,Yes,Yes,No,Yes,,,,,No,
BrainTumor_02777.jpg,No,Yes,No,No,Yes,Yes,,No,No,No,Yes
BrainTumor_02778.jpg,,No,,Yes,,No,,,,,
BrainTumor_02779.jpg,No,Yes,No,No,,,Yes,Yes,No,No,
BrainTumor_02780.jpg,Yes,Yes,Yes,No,,Yes,No,No,Yes,No,Yes
BrainTumor_02781.jpg,,Yes,Yes,,,,Yes,Yes,,Yes,
BrainTumor_02782.jpg,Yes,No,Yes,,No,,No,,,Yes,Yes
BrainTumor_02783.jpg,,,Yes,No,Yes,Yes,No,Yes,No,Yes,No
BrainTumor_02784.jpg,No,Yes,Yes,,Yes,,No,Yes,No,No,No
BrainTumor_02785.jpg,,No,Yes,Yes,No,No,No,No,No,No,
BrainTumor_02786.jpg,Yes,,,,Yes,Yes,,,,No,
BrainTumor_02787.jpg,No,No,Yes,No,Yes,,,No,No,No,Yes
BrainTumor_02788.jpg,,,No,Yes,Yes,No,Yes,,,,
BrainTumor_02789.jpg,,,No,Yes,No,,No,Yes,Yes,,
BrainTumor_02790.jpg,,,,,,No,No,Yes,No,,No
BrainTumor_02791.jpg,,Yes,,Yes,Yes,,No,Yes,,,No
BrainTumor_02792.jpg,No,,No,Yes,,Yes,,,Yes,Yes,
BrainTumor_02793.jpg,Yes,Yes,Yes,Yes,Yes,Yes,,,,,
BrainTumor_02794.jpg,,No,,Yes,Yes,,No,,No,No,
BrainTumor_02795.jpg,,No,,No,Yes,No,Yes,Yes,Yes,,Yes
BrainTumor_02796.jpg,No,,Yes,No,,No,No,Yes,No,,Yes
BrainTumor_02797.jpg,Yes,,,,No,No,No,No,,Yes,Yes
BrainTumor_02798.jpg,,No,,Yes,,No,No,Yes,No,,
BrainTumor_02799.jpg,,No,No,No,No,No,No,,No,Yes,No
BrainTumor_02800.jpg,,No,Yes,,,Yes,Yes,Yes,,No,Yes
BrainTumor_02801.jpg,Yes,No,,Yes,No,No,No,,,No,
BrainTumor_02802.jpg,Yes,Yes,Yes,Yes,No,Yes,Yes,Yes,,,No
BrainTumor_02803.jpg,No,No,Yes,No,,Yes,No,No,,,
BrainTumor_02804.jpg,,No,Yes,Yes,No,,,,No,Yes,Yes
BrainTumor_02805.jpg,No,No,Yes,Yes,,Yes,Yes,Yes,,Yes,Yes
BrainTumor_02806.jpg,No,No,No,Yes,No,No,,Yes,Yes,Yes,
BrainTumor_02807.jpg,Yes,,Yes,No,No,Yes,Yes,Yes,,No,No
BrainTumor_02808.jpg,Yes,,Yes,No,Yes,,Yes,Yes,No,,Yes
BrainTumor_02809.jpg,No,,Yes,Yes,,,No,Yes,,Yes,
BrainTumor_02810.jpg,,Yes,Yes,No,Yes,,Yes,No,,Yes,Yes
BrainTumor_02811.jpg,,,Yes,Yes,,,Yes,No,No,,No
BrainTumor_02812.jpg,,,Yes,No,No,Yes,No,Yes,Yes,Yes,
BrainTumor_02813.jpg,Yes,,No,No,,,No,No,No,,Yes
BrainTumor_02814.jpg,No,,No,Yes,,No,,,,,No
BrainTumor_02815.jpg,Yes,Yes,Yes,No,,No,No,Yes,Yes,Yes,Yes
BrainTumor_02816.jpg,No,,,,Yes,Yes,No,Yes,Yes,,Yes
BrainTumor_02817.jpg,Yes,No,No,,Yes,Yes,Yes,No,,No,Yes
BrainTumor_02818.jpg,,,No,No,No,Yes,Yes,,No,Yes,
BrainTumor_02819.jpg,No,No,,No,,Yes,No,,No,Yes,
BrainTumor_02820.jpg,No,No,,Yes,Yes,No,No,No,No,No,No
BrainTumor_02821.jpg,Yes,No,No,Yes,Yes,No,Yes,Yes,,,Yes
BrainTumor_02822.jpg,,No,No,Yes,No,No,,No,Yes,Yes,
BrainTumor_02823.jpg,Yes,Yes,,Yes,Yes,,,,,,No
BrainTumor_02824.jpg,No,,No,Yes,No,Yes,No,,,No,Yes
BrainTumor_02825.jpg,Yes,,No,,Yes,No,,,,Yes,Yes
BrainTumor_02826.jpg,Yes,No,No,No,No,Yes,No,No,,,Yes
BrainTumor_02827.jpg,No,Yes,No,,No,Yes,,,No,,No
BrainTumor_02828.jpg,,Yes,No,No,No,No,Yes,Yes,,Yes,No
BrainTumor_02829.jpg,Yes,No,Yes,No,No,,Yes,,Yes,,No
BrainTumor_02830.jpg,Yes,Yes,,Yes,No,Yes,Yes,No,,Yes,
BrainTumor_02831.jpg,No,No,Yes,Yes,,No,No,,,No,Yes
BrainTumor_02832.jpg,,Yes,No,,,,Yes,No,No,No,Yes
BrainTumor_02833.jpg,,No,Yes,,,,Yes,,Yes,,Yes
BrainTumor_02834.jpg,,Yes,No,No,,,,,Yes,No,No
BrainTumor_02835.jpg,,No,Yes,,,,No,No,,,
BrainTumor_02836.jpg,,No,No,No,Yes,No,Yes,,No,,Yes
BrainTumor_02837.jpg,No,Yes,No,Yes,No,No,,,,No,
BrainTumor_02838.jpg,No,,No,No,,No,No,Yes,No,,
BrainTumor_02839.jpg,No,Yes,,Yes,Yes,Yes,Yes,,,Yes,Yes
BrainTumor_02840.jpg,,No,,,No,No,No,Yes,,,
BrainTumor_02841.jpg,,No,Yes,,,,,Yes,No,,Yes
BrainTumor_02842.jpg,,Yes,No,Yes,Yes,,,No,No,,No
BrainTumor_02843.jpg,Yes,No,,Yes,Yes,Yes,Yes,No,,,No
BrainTumor_02844.jpg,Yes,,Yes,No,Yes,,Yes,,,Yes,No
BrainTumor_02845.jpg,Yes,,No,Yes,No,,,,No,Yes,No
BrainTumor_02846.jpg,,No,Yes,No,No,No,No,Yes,,Yes,Yes
BrainTumor_02847.jpg,No,No,No,Yes,No,No,Yes,,,No,Yes
BrainTumor_02848.jpg,No,No,,No,No,,No,No,,,No
BrainTumor_02849.jpg,,No,Yes,No,,No,Yes,,No,,
BrainTumor_02850.jpg,No,Yes,,Yes,No,No,,,Yes,,No
BrainTumor_02851.jpg,No,Yes,Yes,,Yes,No,Yes,,No,Yes,
BrainTumor_02852.jpg,Yes,Yes,Yes,,Yes,Yes,No,,,No,Yes
BrainTumor_02853.jpg,Yes,Yes,Yes,,,No,,Yes,No,,No
BrainTumor_02854.jpg,No,No,No,,Yes,Yes,,No,,Yes,Yes
BrainTumor_02855.jpg,No,No,No,Yes,No,,Yes,,Yes,No,Yes
BrainTumor_02856.jpg,,Yes,,Yes,Yes,,Yes,No,Yes,No,No
BrainTumor_02857.jpg,No,No,No,,No,Yes,,Yes,,Yes,Yes
BrainTumor_02858.jpg,Yes,No,,,No,Yes,,,Yes,Yes,No
BrainTumor_02859.jpg,Yes,Yes,No,No,No,Yes,,Yes,Yes,No,Yes
BrainTumor_02860.jpg,,,,Yes,No,Yes,No,Yes,Yes,No,No
BrainTumor_02861.jpg,,Yes,Yes,No,,No,Yes,,,No,
BrainTumor_02862.jpg,Yes,,Yes,,Yes,No,Yes,Yes,,,
BrainTumor_02863.jpg,,No,No,Yes,Yes,Yes,No,No,Yes,Yes,
BrainTumor_02864.jpg,No,Yes,Yes,Yes,Yes,No,,No,Yes,,
BrainTumor_02865.jpg,No,No,Yes,Yes,Yes,,,Yes,,,Yes
BrainTumor_02866.jpg,Yes,No,,Yes,Yes,No,No,No,,No,No
BrainTumor_02867.jpg,No,,,,Yes,,No,Yes,No,,No
BrainTumor_02868.jpg,Yes,Yes,Yes,No,Yes,Yes,,No,No,No,Yes
BrainTumor_02869.jpg,No,,,Yes,Yes,Yes,,Yes,No,No,No
BrainTumor_02870.jpg,,,No,No,,,,Yes,,Yes,Yes
BrainTumor_02871.jpg,Yes,Yes,,,No,Yes,Yes,Yes,No,No,Yes
BrainTumor_02872.jpg,,No,No,No,,No,Yes,,,Yes,Yes
BrainTumor_02873.jpg,Yes,Yes,No,Yes,No,No,Yes,,Yes,,Yes
BrainTumor_02874.jpg,,No,No,Yes,,No,No,Yes,Yes,,No
BrainTumor_02875.jpg,No,,No,Yes,,,,Yes,Yes,Yes,No
BrainTumor_02876.jpg,No,No,,No,,No,No,Yes,Yes,No,
BrainTumor_02877.jpg,Yes,Yes,Yes,No,Yes,No,,,,Yes,Yes
BrainTumor_02878.jpg,No,No,,Yes,,Yes,No,No,,Yes,Yes
BrainTumor_02879.jpg,,,,Yes,Yes,No,,No,Yes,Yes,Yes
BrainTumor_02880.jpg,No,No,,Yes,,No,No,Yes,,,Yes
BrainTumor_02881.jpg,No,,Yes,No,No,,No,,No,No,
BrainTumor_02882.jpg,Yes,,,Yes,No,No,Yes,,,,Yes
BrainTumor_02883.jpg,,,,,,,,Yes,Yes,Yes,Yes
BrainTumor_02884.jpg,Yes,Yes,Yes,Yes,Yes,Yes,Yes,Yes,,Yes,
BrainTumor_02885.jpg,Yes,Yes,Yes,Yes,,Yes,No,Yes,No,No,
BrainTumor_02886.jpg,No,Yes,Yes,,No,Yes,,No,,Yes,No
BrainTumor_02887.jpg,No,No,No,No,Yes,Yes,No,Yes,Yes,No,Yes
BrainTumor_02888.jpg,,,Yes,,Yes,Yes,No,Yes,Yes,No,
BrainTumor_02889.jpg,Yes,Yes,,Yes,Yes,,,Yes,,No,Yes
BrainTumor_02890.jpg,,No,No,No,Yes,,No,,No,,
BrainTumor_02891.jpg,,Yes,,Yes,Yes,No,No,Yes,No,No,No
BrainTumor_02892.jpg,Yes,No,Yes,No,Yes,No,Yes,Yes,,,No
BrainTumor_02893.jpg,Yes,Yes,Yes,,Yes,Yes,Yes,,No,No,No
BrainTumor_02894.jpg,No,,Yes,,,No,,Yes,Yes,No,
BrainTumor_02895.jpg,,Yes,,No,No,,,Yes,Yes,No,No
BrainTumor_02896.jpg,Yes,No,Yes,,Yes,No,No,Yes,Yes,Yes,Yes
BrainTumor_02897.jpg,No,Yes,No,No,,,,Yes,Yes,Yes,No
BrainTumor_02898.jpg,,Yes,,No,Yes,No,Yes,Yes,,No,Yes
BrainTumor_02899.jpg,Yes,No,No,No,,No,,,,No,Yes
BrainTumor_02900.jpg,,No,Yes,,No,No,Yes,No,,No,No
BrainTumor_02901.jpg,,No,No,,,Yes,No,,Yes,,
BrainTumor_02902.jpg,,No,Yes,Yes,No,,No,,,,Yes
BrainTumor_02903.jpg,No,,No,No,,Yes,No,Yes,Yes,No,
BrainTumor_02904.jpg,,No,No,Yes,,Yes,Yes,No,Yes,Yes,
BrainTumor_02905.jpg,No,No,No,No,,Yes,,,,No,Yes
BrainTumor_02906.jpg,,Yes,,Yes,,No,No,No,No,,No
BrainTumor_02907.jpg,,Yes,,Yes,Yes,,Yes,,Yes,Yes,No
BrainTumor_02908.jpg,Yes,,,,Yes,Yes,No,Yes,Yes,No,Yes
BrainTumor_02909.jpg,,Yes,Yes,No,Yes,No,Yes,,No,,Yes
BrainTumor_02910.jpg,Yes,No,Yes,Yes,No,Yes,,Yes,Yes,Yes,
BrainTumor_02911.jpg,No,No,No,Yes,No,No,,,Yes,No,No
BrainTumor_02912.jpg,Yes,No,,Yes,No,Yes,Yes,Yes,Yes,Yes,Yes
BrainTumor_02913.jpg,Yes,,,No,No,No,No,No,No,,No
BrainTumor_02914.jpg,Yes,No,Yes,Yes,,Yes,No,No,,Yes,
BrainTumor_02915.jpg,Yes,Yes,No,Yes,,Yes,No,No,,No,No
BrainTumor_02916.jpg,No,,,,Yes,No,,No,,,
BrainTumor_02917.jpg,,,Yes,No,,Yes,No,,No,Yes,
BrainTumor_02918.jpg,No,,No,Yes,No,No,Yes,No,Yes,No,
BrainTumor_02919.jpg,Yes,Yes,No,Yes,No,Yes,No,Yes,No,Yes,No
BrainTumor_02920.jpg,Yes,,Yes,No,,No,,No,No,Yes,
BrainTumor_02921.jpg,No,,No,No,,Yes,No,No,No,,
BrainTumor_02922.jpg,Yes,No,Yes,No,No,Yes,No,,Yes,,
BrainTumor_02923.jpg,,,,No,No,Yes,No,No,No,Yes,No
BrainTumor_02924.jpg,Yes,No,No,Yes,No,,Yes,No,No,Yes,
BrainTumor_02925.jpg,Yes,No,,No,Yes,Yes,No,No,Yes,Yes,Yes
BrainTumor_02926.jpg,No,No,Yes,,No,No,,Yes,No,Yes,No
BrainTumor_02927.jpg,No,,Yes,No,,,No,,No,,
BrainTumor_02928.jpg,Yes,,No,,,,,,No,No,
BrainTumor_02929.jpg,,Yes,Yes,No,No,,Yes,No,,No,No
BrainTumor_02930.jpg,No,,Yes,No,No,,No,,,Yes,
BrainTumor_02931.jpg,Yes,,Yes,No,,Yes,No,No,Yes,Yes,Yes
BrainTumor_02932.jpg,,Yes,,Yes,,,No,No,,,Yes
BrainTumor_02933.jpg,,,No,Yes,,,Yes,,,No,No
BrainTumor_02934.jpg,Yes,,No,,,,,,Yes,No,No
BrainTumor_02935.jpg,Yes,No,No,Yes,,Yes,No,Yes,Yes,No,
BrainTumor_02936.jpg,No,,No,Yes,Yes,Yes,Yes,,Yes,Yes,Yes
BrainTumor_02937.jpg,Yes,No,,,Yes,Yes,Yes,,,No,Yes
BrainTumor_02938.jpg,Yes,No,,,No,No,,,Yes,No,
BrainTumor_02939.jpg,Yes,,Yes,,Yes,Yes,,No,No,No,
BrainTumor_02940.jpg,Yes,Yes,,,,No,No,No,Yes,No,No
BrainTumor_02941.jpg,,,No,No,,,,No,Yes,,Yes
BrainTumor_02942.jpg,Yes,No,Yes,Yes,No,Yes,Yes,Yes,No,No,Yes
BrainTumor_02943.jpg,,,Yes,No,Yes,Yes,,Yes,,No,Yes
BrainTumor_02944.jpg,No,No,No,No,No,Yes,No,,No,No,
BrainTumor_02945.jpg,No,No,Yes,,No,No,,Yes,No,Yes,
BrainTumor_02946.jpg,Yes,,,Yes,No,,,Yes,Yes,Yes,No
BrainTumor_02947.jpg,No,,Yes,Yes,,,No,No,No,No,Yes
BrainTumor_02948.jpg,,Yes,,,No,,No,No,,,
BrainTumor_02949.jpg,Yes,,No,,No,,,No,No,No,Yes
BrainTumor_02950.jpg,No,Yes,,,No,No,Yes,No,Yes,No,No
BrainTumor_02951.jpg,,Yes,,No,No,No,No,Yes,,,
BrainTumor_02952.jpg,No,No,,,,,Yes,No,Yes,,No
BrainTumor_02953.jpg,,No,Yes,,No,Yes,Yes,No,Yes,Yes,Yes
BrainTumor_02954.jpg,,Yes,,,No,Yes,Yes,No,,Yes,No
BrainTumor_02955.jpg,Yes,,,Yes,No,Yes,,,,No,No
BrainTumor_02956.jpg,No,Yes,,,Yes,,No,No,,Yes,
BrainTumor_02957.jpg,,No,Yes,No,No,No,No,Yes,No,,Yes
BrainTumor_02958.jpg,Yes,,No,No,Yes,Yes,Yes,,No,No,Yes
BrainTumor_02959.jpg,,,,,No,,Yes,No,Yes,Yes,Yes
BrainTumor_02960.jpg,No,,Yes,No,Yes,No,,No,,,
BrainTumor_02961.jpg,,No,,,No,No,No,No,Yes,Yes,
BrainTumor_02962.jpg,,Yes,No,,Yes,Yes,,Yes,No,Yes,Yes
BrainTumor_02963.jpg,Yes,No,Yes,,Yes,Yes,No,No,Yes,No,No
BrainTumor_02964.jpg,No,No,,Yes,,No,No,Yes,,No,
BrainTumor_02965.jpg,,,No,No,Yes,No,,Yes,No,,Yes
BrainTumor_02966.jpg,,Yes,,No,No,No,,Yes,,,
BrainTumor_02967.jpg,,No,,,,No,,,Yes,No,Yes
BrainTumor_02968.jpg,Yes,No,No,No,No,Yes,Yes,Yes,Yes,,
BrainTumor_02969.jpg,Yes,,No,No,,No,,,No,,
BrainTumor_02970.jpg,,,No,Yes,,No,,Yes,No,,Yes
BrainTumor_02971.jpg,,No,No,Yes,Yes,Yes,No,Yes,Yes,No,Yes
BrainTumor_02972.jpg,Yes,No,,No,No,Yes,Yes,Yes,No,Yes,
BrainTumor_02973.jpg,Yes,No,No,Yes,,No,No,Yes,,,No
BrainTumor_02974.jpg,,Yes,Yes,Yes,,Yes,Yes,No,Yes,,No
BrainTumor_02975.jpg,No,,No,Yes,Yes,Yes,No,No,No,Yes,No
BrainTumor_02976.jpg,,No,Yes,No,No,Yes,No,Yes,Yes,,Yes
BrainTumor_02977.jpg,,Yes,,,No,,No,,No,Yes,No
BrainTumor_02978.jpg,No,No,,No,Yes,Yes,,,No,No,
BrainTumor_02979.jpg,No,No,,Yes,Yes,No,No,No,Yes,Yes,
BrainTumor_02980.jpg,,No,,No,,Yes,No,Yes,Yes,,No
BrainTumor_02981.jpg,,No,No,,Yes,Yes,No,Yes,No,Yes,Yes
BrainTumor_02982.jpg,,,Yes,No,,No,No,No,Yes,,
BrainTumor_02983.jpg,No,Yes,,No,No,No,,Yes,No,Yes,Yes
BrainTumor_02984.jpg,,No,No,No,Yes,No,,No,No,,
BrainTumor_02985.jpg,,,Yes,,No,Yes,Yes,No,No,,No
BrainTumor_02986.jpg,Yes,Yes,No,Yes,,,Yes,,,No,No
BrainTumor_02987.jpg,,Yes,No,No,No,Yes,Yes,Yes,Yes,No,
BrainTumor_02988.jpg,,,,Yes,Yes,,,,Yes,,No
BrainTumor_02989.jpg,,No,,Yes,,,No,No,No,Yes,
BrainTumor_02990.jpg,,No,No,Yes,,,,Yes,,,No
BrainTumor_02991.jpg,,No,Yes,No,Yes,No,No,Yes,,No,Yes
BrainTumor_02992.jpg,Yes,,,No,No,Yes,Yes,Yes,,,No
BrainTumor_02993.jpg,Yes,No,No,No,Yes,Yes,,,Yes,No,Yes
BrainTumor_02994.jpg,Yes,Yes,,Yes,No,No,Yes,Yes,,Yes,
BrainTumor_02995.jpg,Yes,,,No,,No,,No,No,No,
BrainTumor_02996.jpg,No,Yes,Yes,No,Yes,No,No,,Yes,No,Yes
BrainTumor_02997.jpg,Yes,,Yes,No,,Yes,No,Yes,No,Yes,Yes
BrainTumor_02998.jpg,No,No,,,,,,,No,No,
BrainTumor_02999.jpg,No,No,No,No,Yes,Yes,Yes,,,No,Yes
BrainTumor_03000.jpg,Yes,Yes,No,No,Yes,Yes,Yes,Yes,,Yes,Yes
BrainTumor_03001.jpg,No,,,Yes,No,,No,No,No,,Yes
BrainTumor_03002.jpg,Yes,Yes,No,Yes,No,,Yes,Yes,,No,
BrainTumor_03003.jpg,Yes,,No,No,No,No,No,No,No,Yes,No
BrainTumor_03004.jpg,,,No,Yes,Yes,No,,,No,No,No
BrainTumor_03005.jpg,Yes,No,,Yes,Yes,,No,No,,Yes,
BrainTumor_03006.jpg,No,No,,No,No,,Yes,Yes,No,,
BrainTumor_03007.jpg,Yes,,No,Yes,,,No,,,Yes,Yes
BrainTumor_03008.jpg,Yes,No,No,Yes,No,,,Yes,Yes,No,
BrainTumor_03009.jpg,,No,,No,,Yes,No,Yes,,Yes,
BrainTumor_03010.jpg,No,No,,No,Yes,Yes,,,Yes,Yes,
BrainTumor_03011.jpg,Yes,No,,,Yes,,Yes,No,No,No,Yes
BrainTumor_03012.jpg,No,No,,No,No,Yes,No,No,,No,
BrainTumor_03013.jpg,No,No,Yes,No,Yes,Yes,No,Yes,No,No,Yes
BrainTumor_03014.jpg,Yes,,Yes,Yes,,Yes,Yes,,Yes,Yes,No
BrainTumor_03015.jpg,No,,,Yes,No,Yes,Yes,No,Yes,Yes,
BrainTumor_03016.jpg,Yes,No,Yes,,Yes,Yes,,Yes,No,,No
BrainTumor_03017.jpg,Yes,No,No,Yes,,,Yes,No,,No,No
BrainTumor_03018.jpg,Yes,No,,No,No,,No,,No,Yes,No
BrainTumor_03019.jpg,No,No,Yes,Yes,Yes,No,No,No,No,Yes,Yes
BrainTumor_03020.jpg,Yes,,Yes,,No,,,No,No,,Yes
BrainTumor_03021.jpg,No,No,No,No,No,No,No,,No,No,
BrainTumor_03022.jpg,Yes,No,No,No,,,Yes,No,,No,No
BrainTumor_03023.jpg,Yes,Yes,,,No,Yes,,No,Yes,,Yes
BrainTumor_03024.jpg,Yes,No,,,,,No,Yes,Yes,No,Yes
BrainTumor_03025.jpg,Yes,,,No,Yes,,,,,Yes,No
BrainTumor_03026.jpg,Yes,Yes,Yes,Yes,Yes,No,,Yes,Yes,Yes,No
BrainTumor_03027.jpg,Yes,No,,,No,No,,Yes,Yes,,
BrainTumor_03028.jpg,No,,,Yes,,No,Yes,,No,,No
BrainTumor_03029.jpg,Yes,No,,Yes,No,,,,,,No
BrainTumor_03030.jpg,No,,Yes,No,Yes,,Yes,No,,,
BrainTumor_03031.jpg,Yes,,Yes,No,No,,Yes,Yes,Yes,Yes,Yes
BrainTumor_03032.jpg,No,Yes,Yes,Yes,No,,Yes,No,,,No
BrainTumor_03033.jpg,Yes,No,,Yes,No,Yes,No,,,,
BrainTumor_03034.jpg,,,No,Yes,No,Yes,No,,No,Yes,
BrainTumor_03035.jpg,,,,,Yes,,,No,No,Yes,
BrainTumor_03036.jpg,,Yes,Yes,No,,No,,Yes,No,,No
BrainTumor_03037.jpg,,Yes,No,No,No,,,No,,Yes,
BrainTumor_03038.jpg,No,Yes,Yes,Yes,,Yes,,Yes,Yes,No,No
BrainTumor_03039.jpg,No,,No,Yes,No,No,No,Yes,No,,No
BrainTumor_03040.jpg,,Yes,,,Yes,No,,,,Yes,No
BrainTumor_03041.jpg,No,Yes,No,,Yes,No,Yes,,,Yes,
BrainTumor_03042.jpg,No,,,Yes,Yes,,No,,No,,No
BrainTumor_03043.jpg,,Yes,Yes,,Yes,No,Yes,Yes,No,Yes,No
BrainTumor_03044.jpg,Yes,Yes,,,Yes,Yes,No,,Yes,Yes,No
BrainTumor_03045.jpg,No,No,No,No,,Yes,No,Yes,Yes,No,
BrainTumor_03046.jpg,Yes,Yes,Yes,Yes,Yes,,No,No,,Yes,
BrainTumor_03047.jpg,No,Yes,,,,,No,No,Yes,Yes,No
BrainTumor_03048.jpg,No,No,No,,No,No,Yes,Yes,,,No
BrainTumor_03049.jpg,Yes,No,No,Yes,No,No,No,,,No,No
BrainTumor_03050.jpg,,,,No,,No,Yes,,No,No,
BrainTumor_03051.jpg,No,,,,,Yes,,,Yes,No,
BrainTumor_03052.jpg,No,No,Yes,Yes,,Yes,,Yes,,Yes,
BrainTumor_03053.jpg,Yes,No,,,,No,,,Yes,,No
BrainTumor_03054.jpg,,No,Yes,,No,,Yes,,No,Yes,Yes
BrainTumor_03055.jpg,,Yes,Yes,,Yes,Yes,Yes,,,No,
BrainTumor_03056.jpg,Yes,,Yes,,Yes,Yes,Yes,No,Yes,,No
BrainTumor_03057.jpg,,Yes,Yes,No,No,No,,,Yes,Yes,No
BrainTumor_03058.jpg,,,,No,No,Yes,No,Yes,,No,No
BrainTumor_03059.jpg,Yes,Yes,No,Yes,Yes,Yes,Yes,,Yes,,No
BrainTumor_03060.jpg,No,No,No,No,No,,Yes,Yes,Yes,,Yes
BrainTumor_03061.jpg,No,Yes,Yes,,No,No,,,No,No,Yes
BrainTumor_03062.jpg,No,Yes,Yes,No,No,,No,,,,Yes
BrainTumor_03063.jpg,No,,Yes,No,No,Yes,,No,Yes,Yes,
BrainTumor_03064.jpg,,,No,No,,No,No,,Yes,Yes,No
BrainTumor_03065.jpg,Yes,,No,,,No,,Yes,Yes,Yes,
BrainTumor_03066.jpg,,Yes,,Yes,No,,,Yes,Yes,,No
BrainTumor_03067.jpg,,,,Yes,Yes,No,Yes,Yes,No,No,
BrainTumor_03068.jpg,,No,No,Yes,,No,Yes,No,Yes,No,Yes
BrainTumor_03069.jpg,,,Yes,Yes,Yes,No,Yes,,,No,
BrainTumor_03070.jpg,No,,,No,No,No,No,,,Yes,No
BrainTumor_03071.jpg,,Yes,,Yes,No,Yes,No,,No,Yes,No
BrainTumor_03072.jpg,,Yes,Yes,,,,Yes,,Yes,Yes,Yes
BrainTumor_03073.jpg,,No,Yes,No,No,No,Yes,No,,Yes,No
BrainTumor_03074.jpg,,,No,,Yes,Yes,No,Yes,,,
BrainTumor_03075.jpg,Yes,,Yes,No,,Yes,Yes,No,,,Yes
BrainTumor_03076.jpg,Yes,No,Yes,,Yes,,,No,Yes,,
BrainTumor_03077.jpg,,Yes,No,Yes,No,,,,,,No
BrainTumor_03078.jpg,Yes,,No,Yes,,Yes,,Yes,Yes,,No
BrainTumor_03079.jpg,,Yes,,Yes,Yes,No,Yes,No,,Yes,No
BrainTumor_03080.jpg,Yes,,Yes,Yes,Yes,Yes,Yes,No,Yes,Yes,Yes
BrainTumor_03081.jpg,,No,No,Yes,No,No,No,No,,No,Yes
BrainTumor_03082.jpg,Yes,No,Yes,Yes,No,No,,Yes,No,Yes,No
BrainTumor_03083.jpg,,,No,,No,,,,Yes,No,No
BrainTumor_03084.jpg,No,,,Yes,Yes,No,,,No,No,
BrainTumor_03085.jpg,No,No,No,No,,,,,No,No,No
BrainTumor_03086.jpg,,,No,Yes,No,No,,No,No,Yes,No
BrainTumor_03087.jpg,,No,,Yes,Yes,Yes,No,No,No,,Yes
BrainTumor_03088.jpg,,Yes,Yes,Yes,,No,No,No,,Yes,
BrainTumor_03089.jpg,,No,No,No,Yes,No,No,No,Yes,Yes,Yes
BrainTumor_03090.jpg,,No,No,No,Yes,,,,,,
BrainTumor_03091.jpg,Yes,,No,Yes,No,Yes,No,,,,No
BrainTumor_03092.jpg,Yes,Yes,,No,No,,No,,No,No,No
BrainTumor_03093.jpg,,Yes,Yes,,Yes,Yes,Yes,,No,No,No
BrainTumor_03094.jpg,,Yes,Yes,No,No,,,,,No,
BrainTumor_03095.jpg,No,No,,Yes,No,,,No,,Yes,No
BrainTumor_03096.jpg,,No,Yes,,Yes,,No,Yes,Yes,Yes,Yes
BrainTumor_03097.jpg,No,Yes,,No,Yes,No,No,No,No,Yes,No
BrainTumor_03098.jpg,,Yes,No,No,,Yes,No,,Yes,No,Yes
BrainTumor_03099.jpg,No,No,No,,No,No,,No,No,Yes,Yes
BrainTumor_03100.jpg,Yes,Yes,Yes,,,No,,No,,,Yes
BrainTumor_03101.jpg,,No,No,Yes,Yes,,No,Yes,Yes,Yes,
BrainTumor_03102.jpg,Yes,Yes,,No,Yes,Yes,No,,Yes,Yes,No
BrainTumor_03103.jpg,No,,Yes,,Yes,,Yes,,,,No
BrainTumor_03104.jpg,No,No,No,No,,Yes,No,,No,,Yes
BrainTumor_03105.jpg,Yes,No,,No,Yes,No,,No,,Yes,
BrainTumor_03106.jpg,No,Yes,Yes,Yes,,Yes,,No,No,Yes,No
BrainTumor_03107.jpg,Yes,,,,Yes,,Yes,Yes,No,No,No
BrainTumor_03108.jpg,No,,No,,,No,,,,Yes,Yes
BrainTumor_03109.jpg,No,,No,,No,,No,,No,Yes,Yes
BrainTumor_03110.jpg,Yes,Yes,No,Yes,Yes,No,No,Yes,No,No,
BrainTumor_03111.jpg,No,Yes,Yes,,Yes,,Yes,Yes,,Yes,Yes
BrainTumor_03112.jpg,No,Yes,No,,No,No,No,No,Yes,No,No
BrainTumor_03113.jpg,Yes,,Yes,No,No,,Yes,Yes,Yes,Yes,
BrainTumor_03114.jpg,No,No,No,,No,No,,Yes,,No,
BrainTumor_03115.jpg,Yes,Yes,,,,Yes,No,No,No,Yes,Yes
BrainTumor_03116.jpg,No,No,No,No,No,No,Yes,Yes,No,Yes,
BrainTumor_03117.jpg,Yes,Yes,No,No,,No,,,No,No,Yes
BrainTumor_03118.jpg,No,Yes,No,,Yes,,No,,No,,Yes
BrainTumor_03119.jpg,Yes,Yes,,,No,No,,Yes,No,No,
BrainTumor_03120.jpg,,Yes,No,Yes,,Yes,Yes,No,Yes,,Yes
BrainTumor_03121.jpg,Yes,No,No,No,No,,No,,No,,Yes
BrainTumor_03122.jpg,No,,,No,Yes,Yes,Yes,No,Yes,Yes,Yes
BrainTumor_03123.jpg,No,Yes,No,No,,No,,Yes,Yes,No,No
BrainTumor_03124.jpg,No,Yes,No,No,Yes,No,,Yes,,Yes,Yes
BrainTumor_03125.jpg,,Yes,No,No,Yes,No,Yes,,Yes,,No
BrainTumor_03126.jpg,Yes,,Yes,,,,,No,,Yes,
BrainTumor_03127.jpg,No,,Yes,No,,,,,No,Yes,No
BrainTumor_03128.jpg,,Yes,,No,,Yes,No,,No,,Yes
BrainTumor_03129.jpg,No,No,,Yes,,No,Yes,,Yes,,
BrainTumor_03130.jpg,Yes,No,Yes,Yes,Yes,Yes,,No,No,No,No
BrainTumor_03131.jpg,No,Yes,,Yes,Yes,Yes,Yes,No,No,Yes,Yes
BrainTumor_03132.jpg,,No,Yes,Yes,Yes,,,Yes,No,Yes,No
BrainTumor_03133.jpg,,Yes,,No,Yes,Yes,,No,No,Yes,No
BrainTumor_03134.jpg,Yes,,,,Yes,Yes,Yes,Yes,,Yes,No
BrainTumor_03135.jpg,Yes,Yes,Yes,,,Yes,No,Yes,No,No,No
BrainTumor_03136.jpg,,Yes,No,,No,,,No,,Yes,Yes
BrainTumor_03137.jpg,,,No,Yes,Yes,No,,,No,No,Yes
BrainTumor_03138.jpg,Yes,,Yes,No,Yes,No,No,,,Yes,No
BrainTumor_03139.jpg,Yes,,,Yes,,Yes,,,,,Yes
BrainTumor_03140.jpg,Yes,Yes,No,No,Yes,,No,No,No,,Yes
BrainTumor_03141.jpg,No,Yes,No,No,No,No,,No,No,Yes,No
BrainTumor_03142.jpg,No,No,,Yes,Yes,,,No,No,Yes,
BrainTumor_03143.jpg,Yes,,No,,,No,,No,,Yes,No
BrainTumor_03144.jpg,Yes,Yes,No,No,No,,No,Yes,No,,
BrainTumor_03145.jpg,No,Yes,Yes,,Yes,No,Yes,,Yes,,
BrainTumor_03146.jpg,,No,Yes,,Yes,No,No,Yes,No,,
BrainTumor_03147.jpg,No,No,,No,Yes,No,,Yes,No,No,
BrainTumor_03148.jpg,,Yes,Yes,No,,No,Yes,Yes,No,Yes,No
BrainTumor_03149.jpg,No,Yes,Yes,,Yes,No,,Yes,Yes,,No
BrainTumor_03150.jpg,,,No,Yes,,Yes,No,No,Yes,No,No
BrainTumor_03151.jpg,,,,Yes,,,Yes,,,Yes,Yes
BrainTumor_03152.jpg,Yes,No,,No,Yes,Yes,Yes,Yes,Yes,,Yes
BrainTumor_03153.jpg,Yes,,,,,,No,No,Yes,Yes,No
BrainTumor_03154.jpg,Yes,Yes,Yes,,No,No,,No,,Yes,
BrainTumor_03155.jpg,,,No,,Yes,,No,No,No,,No
BrainTumor_03156.jpg,Yes,,Yes,,No,Yes,No,Yes,,No,Yes
BrainTumor_03157.jpg,,,,,No,Yes,No,No,No,Yes,
BrainTumor_03158.jpg,Yes,,No,,No,Yes,No,No,Yes,,No
BrainTumor_03159.jpg,No,No,,No,No,Yes,,No,,Yes,
BrainTumor_03160.jpg,No,,No,,,No,,No,Yes,,
BrainTumor_03161.jpg,Yes,,,Yes,Yes,Yes,,,,Yes,
BrainTumor_03162.jpg,Yes,Yes,No,No,No,No,Yes,No,No,Yes,
BrainTumor_03163.jpg,,,No,No,,Yes,Yes,,No,,
BrainTumor_03164.jpg,,Yes,No,Yes,,,Yes,No,,,Yes
BrainTumor_03165.jpg,,No,Yes,,Yes,Yes,,Yes,,,No
BrainTumor_03166.jpg,Yes,No,No,Yes,,No,Yes,Yes,,No,No
BrainTumor_03167.jpg,Yes,Yes,Yes,Yes,No,,Yes,Yes,No,Yes,Yes
BrainTumor_03168.jpg,No,Yes,,No,No,No,Yes,Yes,No,No,Yes
BrainTumor_03169.jpg,No,Yes,Yes,No,Yes,No,Yes,No,No,Yes,Yes
BrainTumor_03170.jpg,,,,No,,Yes,No,,,No,No
BrainTumor_03171.jpg,Yes,No,Yes,No,No,,,No,No,,No
BrainTumor_03172.jpg,No,No,,,,Yes,Yes,No,Yes,Yes,Yes
BrainTumor_03173.jpg,,No,Yes,,,,Yes,Yes,No,Yes,
BrainTumor_03174.jpg,No,Yes,,,,No,Yes,,No,,
BrainTumor_03175.jpg,Yes,,No,No,Yes,No,No,No,No,Yes,No
BrainTumor_03176.jpg,,,,No,,,No,No,,No,No
BrainTumor_03177.jpg,,,No,Yes,No,,No,,Yes,No,Yes
BrainTumor_03178.jpg,No,Yes,No,,No,,No,,No,,Yes
BrainTumor_03179.jpg,,,Yes,,No,No,Yes,,Yes,Yes,No
BrainTumor_03180.jpg,,Yes,Yes,No,Yes,,No,,,Yes,
BrainTumor_03181.jpg,No,No,,Yes,Yes,,Yes,No,No,,Yes
BrainTumor_03182.jpg,Yes,,No,No,,No,,Yes,No,,Yes
BrainTumor_03183.jpg,,Yes,Yes,,Yes,,No,,No,,No
BrainTumor_03184.jpg,,Yes,,Yes,Yes,Yes,,Yes,No,No,No
BrainTumor_03185.jpg,No,Yes,Yes,Yes,,Yes,No,,No,Yes,Yes
BrainTumor_03186.jpg,Yes,,,,,No,No,,Yes,Yes,No
BrainTumor_03187.jpg,No,No,Yes,No,,No,No,Yes,,,No
BrainTumor_03188.jpg,No,,Yes,No,Yes,No,,Yes,,,
BrainTumor_03189.jpg,No,Yes,No,No,,No,Yes,No,No,No,Yes
BrainTumor_03190.jpg,,,No,,Yes,Yes,Yes,No,No,,No
BrainTumor_03191.jpg,,No,,No,Yes,No,,,Yes,No,Yes
BrainTumor_03192.jpg,No,No,No,No,No,No,Yes,No,No,Yes,No
BrainTumor_03193.jpg,Yes,No,,No,,,,No,No,No,
BrainTumor_03194.jpg,No,No,Yes,No,No,,Yes,No,No,Yes,No
BrainTumor_03195.jpg,,No,,,Yes,,No,No,Yes,,Yes
BrainTumor_03196.jpg,Yes,Yes,Yes,,,,No,Yes,Yes,Yes,Yes
BrainTumor_03197.jpg,,No,,,Yes,Yes,,No,Yes,,No
BrainTumor_03198.jpg,Yes,,No,Yes,Yes,No,No,No,Yes,No,No
BrainTumor_03199.jpg,,Yes,,,No,,Yes,Yes,,Yes,
BrainTumor_03200.jpg,,,,No,No,Yes,Yes,,Yes,,
BrainTumor_03201.jpg,Yes,Yes,Yes,,Yes,No,Yes,,No,No,No
BrainTumor_03202.jpg,,,,,No,,,,Yes,Yes,No
BrainTumor_03203.jpg,Yes,,Yes,No,Yes,No,,No,No,Yes,No
BrainTumor_03204.jpg,Yes,No,No,No,No,Yes,Yes,No,,,
BrainTumor_03205.jpg,,,No,,No,,No,No,Yes,No,No
BrainTumor_03206.jpg,No,,No,Yes,No,,Yes,Yes,,,No
BrainTumor_03207.jpg,Yes,Yes,Yes,Yes,No,No,No,,Yes,Yes,No
BrainTumor_03208.jpg,No,Yes,No,Yes,Yes,No,Yes,Yes,,No,Yes
BrainTumor_03209.jpg,No,,,Yes,,Yes,,Yes,,Yes,
BrainTumor_03210.jpg,No,,No,,,Yes,No,,No,Yes,
BrainTumor_03211.jpg,,Yes,,,No,,Yes,No,,Yes,
BrainTumor_03212.jpg,Yes,,,,,No,Yes,No,Yes,,
BrainTumor_03213.jpg,Yes,,,Yes,Yes,No,Yes,,Yes,No,
BrainTumor_03214.jpg,,,,,,Yes,,Yes,Yes,No,Yes
BrainTumor_03215.jpg,Yes,,,No,Yes,,No,Yes,No,,
BrainTumor_03216.jpg,No,Yes,Yes,Yes,No,Yes,Yes,Yes,Yes,No,Yes
BrainTumor_03217.jpg,Yes,,,No,Yes,,Yes,No,Yes,Yes,No
BrainTumor_03218.jpg,Yes,,,No,Yes,,,No,,No,No
BrainTumor_03219.jpg,Yes,No,,,No,,No,,,No,Yes
BrainTumor_03220.jpg,No,,Yes,Yes,No,No,,,No,No,Yes
BrainTumor_03221.jpg,No,,Yes,,No,Yes,No,Yes,No,Yes,No
BrainTumor_03222.jpg,Yes,No,Yes,No,Yes,No,Yes,No,No,,Yes
BrainTumor_03223.jpg,,Yes,No,No,Yes,Yes,Yes,Yes,Yes,,Yes
BrainTumor_03224.jpg,,No,No,,Yes,Yes,Yes,,No,Yes,
BrainTumor_03225.jpg,,,,,No,Yes,Yes,No,Yes,,
BrainTumor_03226.jpg,,Yes,Yes,Yes,,Yes,No,No,,No,
BrainTumor_03227.jpg,No,,Yes,No,,,Yes,No,No,No,Yes
BrainTumor_03228.jpg,,,No,,No,Yes,,,,No,
BrainTumor_03229.jpg,Yes,,Yes,No,Yes,,No,No,No,No,
BrainTumor_03230.jpg,,,,,No,Yes,Yes,,No,Yes,Yes
BrainTumor_03231.jpg,No,Yes,Yes,No,Yes,Yes,,,Yes,Yes,No
BrainTumor_03232.jpg,Yes,,Yes,Yes,,No,Yes,Yes,Yes,Yes,Yes
BrainTumor_03233.jpg,No,Yes,Yes,Yes,No,,No,,,,Yes
BrainTumor_03234.jpg,,,Yes,No,,No,,No,,No,
BrainTumor_03235.jpg,No,Yes,No,,Yes,Yes,,Yes,Yes,Yes,No
BrainTumor_03236.jpg,,Yes,,,No,No,Yes,Yes,Yes,,No
BrainTumor_03237.jpg,No,Yes,No,,,Yes,No,No,No,Yes,Yes
BrainTumor_03238.jpg,,Yes,Yes,Yes,No,No,,No,No,,Yes
BrainTumor_03239.jpg,,No,Yes,Yes,,No,Yes,,Yes,,No
BrainTumor_03240.jpg,,Yes,No,Yes,,,Yes,No,Yes,No,No
BrainTumor_03241.jpg,Yes,Yes,,,,,No,,No,No,
BrainTumor_03242.jpg,Yes,,No,Yes,,Yes,,,Yes,No,
BrainTumor_03243.jpg,Yes,No,No,,,No,,Yes,,,
BrainTumor_03244.jpg,,No,No,,,Yes,Yes,Yes,,Yes,
BrainTumor_03245.jpg,No,,,,Yes,Yes,No,,,,No
BrainTumor_03246.jpg,,,Yes,Yes,No,No,Yes,,Yes,Yes,
BrainTumor_03247.jpg,,,Yes,No,,No,No,No,,No,No
BrainTumor_03248.jpg,,,Yes,No,No,No,No,,,,Yes
BrainTumor_03249.jpg,,Yes,,Yes,,Yes,No,Yes,Yes,,Yes
BrainTumor_03250.jpg,,No,No,,Yes,No,No,Yes,No,No,No
BrainTumor_03251.jpg,,No,,Yes,,No,Yes,No,Yes,Yes,Yes
BrainTumor_03252.jpg,No,No,No,Yes,No,No,Yes,No,No,No,
BrainTumor_03253.jpg,No,Yes,Yes,,,Yes,No,,No,,Yes
BrainTumor_03254.jpg,Yes,,Yes,,Yes,,,,Yes,Yes,
BrainTumor_03255.jpg,No,Yes,,Yes,,No,Yes,,Yes,No,
BrainTumor_03256.jpg,No,No,,Yes,,No,,No,No,No,Yes
BrainTumor_03257.jpg,,Yes,,Yes,,No,No,Yes,,,Yes
BrainTumor_03258.jpg,No,Yes,No,Yes,No,No,Yes,No,No,,
BrainTumor_03259.jpg,,,,Yes,,,No,Yes,Yes,No,
BrainTumor_03260.jpg,,No,,Yes,,Yes,No,Yes,,,
BrainTumor_03261.jpg,Yes,,Yes,,Yes,,Yes,No,No,Yes,Yes
BrainTumor_03262.jpg,,,,No,,No,Yes,Yes,Yes,No,Yes
BrainTumor_03263.jpg,Yes,,,Yes,,No,,No,Yes,No,Yes
BrainTumor_03264.jpg,No,Yes,No,Yes,Yes,,No,Yes,,,No
BrainTumor_03265.jpg,,Yes,Yes,,,,,Yes,,Yes,
BrainTumor_03266.jpg,Yes,Yes,Yes,,,Yes,Yes,No,No,Yes,Yes
BrainTumor_03267.jpg,Yes,Yes,,,No,Yes,,,,,
BrainTumor_03268.jpg,No,Yes,Yes,Yes,,,Yes,,,,Yes
BrainTumor_03269.jpg,Yes,No,No,Yes,Yes,,,Yes,No,No,
BrainTumor_03270.jpg,No,,,No,No,No,No,Yes,,,Yes
BrainTumor_03271.jpg,,No,Yes,,Yes,,Yes,No,,Yes,No
BrainTumor_03272.jpg,Yes,,No,Yes,Yes,No,No,Yes,,No,
BrainTumor_03273.jpg,,,No,No,,No,No,Yes,Yes,,Yes
BrainTumor_03274.jpg,Yes,Yes,Yes,Yes,No,Yes,No,,No,No,No
BrainTumor_03275.jpg,,,No,,,Yes,No,Yes,,Yes,Yes
BrainTumor_03276.jpg,Yes,No,Yes,Yes,Yes,Yes,No,No,,,Yes
BrainTumor_03277.jpg,Yes,Yes,No,,,,No,,,No,
BrainTumor_03278.jpg,Yes,,Yes,Yes,Yes,No,Yes,,No,,No
BrainTumor_03279.jpg,,,,Yes,,Yes,Yes,No,Yes,No,
BrainTumor_03280.jpg,,,Yes,,No,Yes,,No,,Yes,No
BrainTumor_03281.jpg,No,Yes,No,Yes,,,,,,Yes,Yes
BrainTumor_03282.jpg,No,Yes,Yes,,,Yes,No,No,,Yes,Yes
BrainTumor_03283.jpg,Yes,,,,No,Yes,No,Yes,No,Yes,No
BrainTumor_03284.jpg,,,,Yes,,No,Yes,,,No,
BrainTumor_03285.jpg,No,No,,No,,,No,No,No,Yes,
BrainTumor_03286.jpg,,Yes,Yes,No,,No,No,No,No,No,
BrainTumor_03287.jpg,Yes,Yes,,Yes,,No,No,,Yes,,No
BrainTumor_03288.jpg,,Yes,Yes,,Yes,,,No,,Yes,Yes
BrainTumor_03289.jpg,No,No,Yes,,No,No,Yes,No,Yes,Yes,No
BrainTumor_03290.jpg,,No,Yes,,Yes,No,No,Yes,,Yes,Yes
BrainTumor_03291.jpg,Yes,Yes,,No,No,Yes,,Yes,No,Yes,
BrainTumor_03292.jpg,,No,Yes,,No,,Yes,No,,,
BrainTumor_03293.jpg,No,No,Yes,,Yes,No,,No,Yes,,No
BrainTumor_03294.jpg,,,No,,No,,No,,Yes,Yes,
BrainTumor_03295.jpg,No,,,,Yes,Yes,Yes,Yes,No,No,
BrainTumor_03296.jpg,,,No,Yes,Yes,Yes,No,No,,Yes,Yes
BrainTumor_03297.jpg,Yes,,Yes,Yes,,,Yes,,Yes,Yes,No
BrainTumor_03298.jpg,Yes,Yes,Yes,,,Yes,Yes,Yes,Yes,No,
BrainTumor_03299.jpg,,No,Yes,Yes,Yes,Yes,Yes,No,Yes,Yes,
BrainTumor_03300.jpg,No,No,,,Yes,No,,,,No,Yes
BrainTumor_03301.jpg,Yes,No,,Yes,,,Yes,No,,,
BrainTumor_03302.jpg,,,No,No,No,No,No,No,Yes,,Yes
BrainTumor_03303.jpg,,,No,,,No,Yes,No,,No,
BrainTumor_03304.jpg,,,,,No,No,Yes,No,Yes,,Yes
BrainTumor_03305.jpg,Yes,,Yes,,Yes,,No,Yes,No,No,Yes
BrainTumor_03306.jpg,No,,,,Yes,Yes,Yes,Yes,Yes,Yes,Yes
BrainTumor_03307.jpg,No,,Yes,,,,,Yes,No,Yes,
BrainTumor_03308.jpg,,No,,No,Yes,,,No,No,,Yes
BrainTumor_03309.jpg,,Yes,,No,No,No,Yes,Yes,No,,No
BrainTumor_03310.jpg,,,Yes,Yes,,,No,Yes,No,No,No
BrainTumor_03311.jpg,Yes,,Yes,No,Yes,Yes,Yes,Yes,Yes,,Yes
BrainTumor_03312.jpg,Yes,,Yes,Yes,,Yes,Yes,Yes,,No,Yes
BrainTumor_03313.jpg,No,,No,No,,Yes,Yes,Yes,No,,No
BrainTumor_03314.jpg,Yes,No,Yes,No,,,,No,,No,
BrainTumor_03315.jpg,,,,Yes,No,Yes,Yes,No,No,,Yes
BrainTumor_03316.jpg,Yes,Yes,,Yes,,,,Yes,,Yes,Yes
BrainTumor_03317.jpg,Yes,Yes,Yes,No,No,Yes,,Yes,No,,
BrainTumor_03318.jpg,,,,No,Yes,No,No,Yes,Yes,No,Yes
BrainTumor_03319.jpg,No,,No,,Yes,,No,Yes,Yes,No,Yes
BrainTumor_03320.jpg,Yes,No,No,No,,,,No,No,Yes,Yes
BrainTumor_03321.jpg,,Yes,,Yes,Yes,No,,Yes,Yes,,Yes
BrainTumor_03322.jpg,No,,,,,Yes,No,No,No,Yes,No
BrainTumor_03323.jpg,No,No,,,No,,,Yes,,Yes,Yes
BrainTumor_03324.jpg,,No,,Yes,No,Yes,,No,Yes,No,
BrainTumor_03325.jpg,,No,No,No,No,Yes,,No,Yes,No,No
BrainTumor_03326.jpg,Yes,No,No,No,No,No,No,No,Yes,No,Yes
BrainTumor_03327.jpg,No,Yes,No,Yes,,Yes,No,Yes,Yes,,No
BrainTumor_03328.jpg,No,No,,Yes,Yes,,,No,No,No,
BrainTumor_03329.jpg,No,Yes,No,No,Yes,,No,No,Yes,,No
BrainTumor_03330.jpg,No,,No,Yes,,No,No,No,No,No,No
BrainTumor_03331.jpg,No,Yes,No,,Yes,Yes,,,Yes,,Yes
BrainTumor_03332.jpg,Yes,Yes,Yes,No,Yes,,Yes,No,No,Yes,No
BrainTumor_03333.jpg,,,No,,,No,Yes,Yes,No,Yes,No
BrainTumor_03334.jpg,Yes,Yes,Yes,Yes,,No,,Yes,Yes,No,No
BrainTumor_03335.jpg,No,,,Yes,,Yes,,Yes,No,Yes,No
BrainTumor_03336.jpg,No,No,No,Yes,No,No,Yes,,No,No,
BrainTumor_03337.jpg,,Yes,No,Yes,,Yes,No,,,Yes,Yes
BrainTumor_03338.jpg,,,Yes,No,No,,Yes,,,Yes,No
BrainTumor_03339.jpg,,,,Yes,No,,No,,No,No,No
BrainTumor_03340.jpg,Yes,,Yes,,,,No,Yes,No,,Yes
BrainTumor_03341.jpg,No,No,No,No,,Yes,,No,Yes,Yes,
BrainTumor_03342.jpg,,No,No,Yes,No,Yes,No,,No,Yes,No
BrainTumor_03343.jpg,Yes,,,,,No,Yes,No,No,No,
BrainTumor_03344.jpg,No,Yes,,No,No,,Yes,,No,No,No
BrainTumor_03345.jpg,Yes,No,No,No,No,No,Yes,,,,Yes
BrainTumor_03346.jpg,Yes,,Yes,Yes,No,,No,No,No,Yes,
BrainTumor_03347.jpg,No,Yes,Yes,No,No,Yes,No,,Yes,No,
BrainTumor_03348.jpg,,,No,,,,No,Yes,,No,Yes
BrainTumor_03349.jpg,No,No,Yes,No,Yes,Yes,No,Yes,No,No,Yes
BrainTumor_03350.jpg,,Yes,No,,Yes,Yes,,No,No,,No
BrainTumor_03351.jpg,No,Yes,Yes,Yes,Yes,No,No,,Yes,,
BrainTumor_03352.jpg,No,,,,Yes,No,Yes,Yes,No,,Yes
BrainTumor_03353.jpg,,No,Yes,Yes,Yes,No,,,Yes,,No
BrainTumor_03354.jpg,Yes,,No,Yes,No,Yes,,No,No,,
BrainTumor_03355.jpg,,Yes,,No,,No,No,No,,Yes,
BrainTumor_03356.jpg,Yes,Yes,Yes,Yes,,No,No,,,No,No
BrainTumor_03357.jpg,Yes,No,Yes,,,No,Yes,Yes,No,,No
BrainTumor_03358.jpg,,,Yes,No,Yes,No,Yes,,Yes,No,No
BrainTumor_03359.jpg,No,,Yes,Yes,Yes,No,,Yes,Yes,,Yes
BrainTumor_03360.jpg,No,Yes,Yes,,,,No,No,No,Yes,No
BrainTumor_03361.jpg,,,Yes,Yes,Yes,No,No,No,,Yes,Yes
BrainTumor_03362.jpg,Yes,,Yes,Yes,No,No,Yes,,No,Yes,No
BrainTumor_03363.jpg,,Yes,,Yes,No,No,Yes,,,Yes,
BrainTumor_03364.jpg,No,No,No,No,No,No,No,No,,,Yes
BrainTumor_03365.jpg,,,,,No,,Yes,Yes,,No,Yes
BrainTumor_03366.jpg,Yes,No,Yes,,,,Yes,Yes,No,No,No
BrainTumor_03367.jpg,Yes,Yes,No,Yes,,Yes,No,,No,No,Yes
BrainTumor_03368.jpg,Yes,Yes,No,Yes,,Yes,No,Yes,No,,Yes
BrainTumor_03369.jpg,,No,,Yes,No,Yes,No,,,Yes,Yes
BrainTumor_03370.jpg,,,No,,,Yes,No,,,,Yes
BrainTumor_03371.jpg,No,Yes,Yes,Yes,,No,No,No,No,No,
BrainTumor_03372.jpg,No,Yes,,,No,,,No,No,Yes,
BrainTumor_03373.jpg,,No,,No,,Yes,,,No,,Yes
BrainTumor_03374.jpg,,Yes,Yes,,Yes,No,No,,Yes,,
BrainTumor_03375.jpg,No,No,Yes,No,,No,,Yes,,No,
BrainTumor_03376.jpg,Yes,,Yes,No,Yes,,Yes,,Yes,No,
BrainTumor_03377.jpg,Yes,Yes,Yes,No,No,Yes,,No,,Yes,
BrainTumor_03378.jpg,No,,No,No,,Yes,,,Yes,,
BrainTumor_03379.jpg,,Yes,Yes,Yes,Yes,,No,No,No,Yes,No
BrainTumor_03380.jpg,No,,,,,Yes,No,Yes,No,No,Yes
BrainTumor_03381.jpg,No,No,Yes,Yes,,Yes,No,Yes,Yes,,No
BrainTumor_03382.jpg,,No,,,No,,No,,No,No,No
BrainTumor_03383.jpg,Yes,No,Yes,No,,Yes,No,No,,No,
BrainTumor_03384.jpg,No,Yes,,Yes,Yes,No,,,No,No,No
BrainTumor_03385.jpg,No,No,Yes,Yes,,,,Yes,No,Yes,Yes
BrainTumor_03386.jpg,,No,No,Yes,,Yes,,Yes,Yes,Yes,Yes
BrainTumor_03387.jpg,Yes,,,No,,No,Yes,,,Yes,No
BrainTumor_03388.jpg,,Yes,Yes,No,Yes,Yes,Yes,No,Yes,,
BrainTumor_03389.jpg,No,Yes,No,Yes,,,,,Yes,Yes,
BrainTumor_03390.jpg,No,Yes,No,,,,No,No,No,Yes,Yes
BrainTumor_03391.jpg,,Yes,,Yes,Yes,,No,,Yes,,
BrainTumor_03392.jpg,No,No,No,,No,Yes,Yes,Yes,Yes,,
BrainTumor_03393.jpg,,Yes,Yes,,,,,Yes,,No,
BrainTumor_03394.jpg,,No,Yes,No,Yes,No,,Yes,No,Yes,Yes
BrainTumor_03395.jpg,No,No,No,Yes,,No,No,No,,Yes,No
BrainTumor_03396.jpg,Yes,No,,,Yes,Yes,No,,No,,No
BrainTumor_03397.jpg,Yes,,No,No,Yes,No,,Yes,No,,No
BrainTumor_03398.jpg,No,Yes,,Yes,Yes,,Yes,Yes,,No,No
BrainTumor_03399.jpg,Yes,,Yes,No,Yes,,No,No,No,,Yes
BrainTumor_03400.jpg,No,,Yes,,Yes,No,Yes,Yes,No,No,
BrainTumor_03401.jpg,No,Yes,No,No,,,,No,No,,
BrainTumor_03402.jpg,,No,,Yes,Yes,Yes,No,,Yes,No,No
BrainTumor_03403.jpg,No,,Yes,Yes,No,,Yes,No,Yes,Yes,Yes
BrainTumor_03404.jpg,Yes,,,No,No,No,Yes,No,,Yes,
BrainTumor_03405.jpg,No,,No,Yes,,No,,No,Yes,No,Yes
BrainTumor_03406.jpg,No,,Yes,Yes,Yes,,No,No,Yes,,No
BrainTumor_03407.jpg,Yes,,No,,Yes,,Yes,Yes,Yes,Yes,
BrainTumor_03408.jpg,,No,,,No,No,No,Yes,,No,
BrainTumor_03409.jpg,Yes,No,No,Yes,Yes,Yes,,No,,No,Yes
BrainTumor_03410.jpg,No,No,No,Yes,No,,Yes,Yes,Yes,No,No
BrainTumor_03411.jpg,,Yes,,No,No,No,Yes,,No,,Yes
BrainTumor_03412.jpg,No,Yes,Yes,,Yes,,,No,,Yes,No
BrainTumor_03413.jpg,Yes,No,No,Yes,No,,Yes,,Yes,,No
BrainTumor_03414.jpg,No,,Yes,No,,,,No,No,Yes,
BrainTumor_03415.jpg,,,,,No,No,No,Yes,Yes,Yes,Yes
BrainTumor_03416.jpg,No,No,Yes,,No,,Yes,No,,,
BrainTumor_03417.jpg,Yes,Yes,No,Yes,,No,Yes,No,,,No
BrainTumor_03418.jpg,Yes,No,Yes,,Yes,Yes,,No,Yes,No,Yes
BrainTumor_03419.jpg,,,,,Yes,Yes,Yes,Yes,Yes,,Yes
BrainTumor_03420.jpg,Yes,,Yes,Yes,Yes,,,,No,Yes,Yes
BrainTumor_03421.jpg,,No,Yes,No,,Yes,No,,,No,No
BrainTumor_03422.jpg,,Yes,,Yes,No,Yes,,No,No,No,No
BrainTumor_03423.jpg,Yes,,No,Yes,,No,Yes,,No,,Yes
BrainTumor_03424.jpg,No,No,Yes,Yes,,No,,Yes,Yes,,No
BrainTumor_03425.jpg,Yes,Yes,Yes,Yes,No,No,,No,Yes,,No
BrainTumor_03426.jpg,,No,No,,,No,No,Yes,,,
BrainTumor_03427.jpg,No,Yes,Yes,Yes,,,Yes,Yes,No,No,No
BrainTumor_03428.jpg,Yes,Yes,,Yes,No,No,No,No,Yes,No,
BrainTumor_03429.jpg,,,,,Yes,No,No,,No,,
BrainTumor_03430.jpg,No,,No,,Yes,Yes,,,No,Yes,No
BrainTumor_03431.jpg,No,No,No,,No,Yes,No,No,Yes,,Yes
BrainTumor_03432.jpg,,No,Yes,No,Yes,,,Yes,Yes,,No
BrainTumor_03433.jpg,Yes,No,Yes,No,No,Yes,,Yes,No,Yes,No
BrainTumor_03434.jpg,Yes,Yes,Yes,Yes,No,Yes,Yes,No,No,No,No
BrainTumor_03435.jpg,,No,,,Yes,,No,,No,Yes,No
BrainTumor_03436.jpg,No,No,No,,,,No,Yes,Yes,,
BrainTumor_03437.jpg,No,Yes,,Yes,No,Yes,Yes,Yes,,,No
BrainTumor_03438.jpg,No,No,,Yes,No,,,No,No,Yes,No
BrainTumor_03439.jpg,,,No,Yes,,No,Yes,,,,Yes
BrainTumor_03440.jpg,Yes,,No,No,Yes,,,Yes,Yes,,Yes
BrainTumor_03441.jpg,,No,,No,No,,,No,Yes,,
BrainTumor_03442.jpg,No,,Yes,,No,Yes,No,No,,No,No
BrainTumor_03443.jpg,Yes,Yes,Yes,No,No,No,,Yes,No,Yes,No
BrainTumor_03444.jpg,,,,No,Yes,Yes,Yes,Yes,,Yes,No
BrainTumor_03445.jpg,No,Yes,Yes,,No,Yes,No,Yes,No,No,No
BrainTumor_03446.jpg,,,,,Yes,No,No,No,Yes,No,Yes
BrainTumor_03447.jpg,Yes,No,Yes,Yes,,No,Yes,No,,,Yes
BrainTumor_03448.jpg,,Yes,Yes,Yes,No,No,Yes,No,,No,No
BrainTumor_03449.jpg,No,No,,Yes,Yes,Yes,,,No,,
BrainTumor_03450.jpg,No,No,No,Yes,,Yes,Yes,,Yes,No,
BrainTumor_03451.jpg,Yes,No,No,,No,,,,Yes,No,
BrainTumor_03452.jpg,No,Yes,No,No,No,,No,Yes,Yes,,Yes
BrainTumor_03453.jpg,No,Yes,,,,,No,,Yes,,No
BrainTumor_03454.jpg,Yes,,No,No,,Yes,No,,Yes,Yes,Yes
BrainTumor_03455.jpg,No,Yes,,,Yes,Yes,No,,No,No,Yes
BrainTumor_03456.jpg,Yes,No,,,,No,No,Yes,,Yes,No
BrainTumor_03457.jpg,Yes,No,No,No,Yes,,,,No,No,Yes
BrainTumor_03458.jpg,No,,,Yes,,No,Yes,,,,No
BrainTumor_03459.jpg,Yes,Yes,Yes,No,Yes,,No,No,,Yes,No
BrainTumor_03460.jpg,No,Yes,No,Yes,No,No,,,,,Yes
BrainTumor_03461.jpg,,,Yes,Yes,Yes,,,Yes,Yes,Yes,
BrainTumor_03462.jpg,Yes,Yes,No,,,Yes,No,Yes,,Yes,No
BrainTumor_03463.jpg,No,No,,No,,,Yes,No,,,
BrainTumor_03464.jpg,,,Yes,,Yes,Yes,,No,,Yes,Yes
BrainTumor_03465.jpg,,Yes,,Yes,,,Yes,,,,Yes
BrainTumor_03466.jpg,No,Yes,,,,Yes,,Yes,Yes,,Yes
BrainTumor_03467.jpg,Yes,,,,Yes,,Yes,,,,No
BrainTumor_03468.jpg,,No,Yes,No,No,No,Yes,,Yes,,No
BrainTumor_03469.jpg,,Yes,Yes,,,No,Yes,Yes,,Yes,Yes
BrainTumor_03470.jpg,No,No,,No,,,No,No,Yes,Yes,
BrainTumor_03471.jpg,No,No,No,No,No,Yes,Yes,Yes,Yes,,Yes
BrainTumor_03472.jpg,,No,No,No,No,,No,No,,No,No
BrainTumor_03473.jpg,,Yes,Yes,,No,No,,,,No,
BrainTumor_03474.jpg,,No,Yes,,No,Yes,No,No,No,,No
BrainTumor_03475.jpg,Yes,Yes,Yes,No,Yes,No,,Yes,Yes,No,Yes
BrainTumor_03476.jpg,No,No,Yes,,Yes,Yes,No,Yes,,,
BrainTumor_03477.jpg,No,,No,No,No,Yes,No,Yes,,Yes,Yes
BrainTumor_03478.jpg,Yes,No,Yes,Yes,,Yes,No,,,,No
BrainTumor_03479.jpg,Yes,,,,,,Yes,,Yes,No,Yes
BrainTumor_03480.jpg,No,Yes,,No,,,No,No,,,No
BrainTumor_03481.jpg,No,No,,No,,,No,,No,No,
BrainTumor_03482.jpg,Yes,No,,Yes,No,,,,,No,Yes
BrainTumor_03483.jpg,No,,Yes,No,No,,No,No,No,No,
BrainTumor_03484.jpg,No,No,Yes,,,Yes,Yes,No,Yes,,Yes
BrainTumor_03485.jpg,,No,,Yes,Yes,Yes,Yes,,,No,
BrainTumor_03486.jpg,,,No,Yes,Yes,,Yes,No,,No,No
BrainTumor_03487.jpg,No,No,Yes,,Yes,Yes,Yes,Yes,Yes,No,Yes
BrainTumor_03488.jpg,,Yes,,,No,Yes,No,No,,No,Yes
BrainTumor_03489.jpg,,Yes,,No,No,No,,No,Yes,Yes,No
BrainTumor_03490.jpg,No,No,Yes,Yes,Yes,No,No,Yes,Yes,,
BrainTumor_03491.jpg,No,Yes,,Yes,Yes,,,No,,No,Yes
BrainTumor_03492.jpg,,No,,Yes,Yes,No,,,Yes,,No
BrainTumor_03493.jpg,Yes,No,,Yes,,No,Yes,No,No,Yes,
BrainTumor_03494.jpg,,Yes,No,No,No,Yes,Yes,,Yes,No,Yes
BrainTumor_03495.jpg,,,No,,,Yes,No,Yes,Yes,,No
BrainTumor_03496.jpg,No,Yes,No,,,,Yes,Yes,No,,Yes
BrainTumor_03497.jpg,No,No,Yes,No,No,,Yes,No,,,No
BrainTumor_03498.jpg,,No,No,Yes,No,Yes,No,,,,Yes
BrainTumor_03499.jpg,No,Yes,Yes,,,No,Yes,Yes,,No,Yes
BrainTumor_03500.jpg,,Yes,No,,No,,Yes,,Yes,Yes,No
BrainTumor_03501.jpg,,Yes,No,Yes,No,Yes,Yes,Yes,,,No
BrainTumor_03502.jpg,No,No,,No,No,No,,No,No,Yes,No
BrainTumor_03503.jpg,No,No,No,No,No,Yes,,,No,,Yes
BrainTumor_03504.jpg,No,No,,,,No,,,,,
BrainTumor_03505.jpg,Yes,Yes,No,No,Yes,,No,,No,,Yes
BrainTumor_03506.jpg,,No,,,,,,Yes,,Yes,
BrainTumor_03507.jpg,Yes,Yes,Yes,,Yes,,,,,Yes,
BrainTumor_03508.jpg,Yes,No,,No,No,Yes,,No,,No,Yes
BrainTumor_03509.jpg,,No,No,Yes,Yes,Yes,Yes,,,,
BrainTumor_03510.jpg,No,Yes,,,,No,,No,Yes,,
BrainTumor_03511.jpg,,No,No,No,,No,Yes,Yes,Yes,No,No
BrainTumor_03512.jpg,Yes,Yes,No,,,No,No,Yes,Yes,Yes,No
BrainTumor_03513.jpg,,Yes,No,No,No,Yes,No,,No,,No
BrainTumor_03514.jpg,,Yes,Yes,Yes,No,No,No,Yes,Yes,,Yes
BrainTumor_03515.jpg,,,Yes,No,,,No,No,,Yes,No
BrainTumor_03516.jpg,Yes,Yes,,Yes,Yes,,No,No,,,Yes
BrainTumor_03517.jpg,Yes,,,Yes,No,,No,,,,Yes
BrainTumor_03518.jpg,No,No,Yes,,,No,Yes,,Yes,No,
BrainTumor_03519.jpg,Yes,Yes,No,No,Yes,,Yes,No,No,Yes,No
BrainTumor_03520.jpg,No,Yes,,Yes,No,,Yes,No,,,No
BrainTumor_03521.jpg,,Yes,No,Yes,Yes,Yes,No,,No,,No
BrainTumor_03522.jpg,,No,,,No,No,Yes,,,No,Yes
BrainTumor_03523.jpg,No,Yes,Yes,No,,,,,No,,No
BrainTumor_03524.jpg,No,Yes,,Yes,Yes,No,No,No,No,,No
BrainTumor_03525.jpg,No,,Yes,,No,Yes,Yes,No,Yes,,Yes
BrainTumor_03526.jpg,Yes,Yes,,Yes,No,,No,,,No,
BrainTumor_03527.jpg,Yes,,,No,No,Yes,No,,,No,
BrainTumor_03528.jpg,No,No,,No,No,Yes,No,Yes,,Yes,
BrainTumor_03529.jpg,No,Yes,No,No,No,Yes,Yes,Yes,Yes,Yes,Yes
BrainTumor_03530.jpg,No,Yes,No,,,No,,Yes,No,No,
BrainTumor_03531.jpg,Yes,Yes,Yes,Yes,,No,No,No,,No,Yes
BrainTumor_03532.jpg,Yes,No,Yes,No,,No,Yes,Yes,No,,
BrainTumor_03533.jpg,Yes,No,No,,Yes,Yes,Yes,Yes,,No,
BrainTumor_03534.jpg,Yes,No,No,,,,,,Yes,No,
BrainTumor_03535.jpg,Yes,No,Yes,,,Yes,No,,No,No,No
BrainTumor_03536.jpg,No,,,No,Yes,,No,,Yes,,
BrainTumor_03537.jpg,No,No,No,Yes,Yes,Yes,Yes,,Yes,No,No
BrainTumor_03538.jpg,,Yes,No,No,No,Yes,Yes,Yes,No,Yes,No
BrainTumor_03539.jpg,Yes,No,Yes,Yes,No,,,No,Yes,Yes,Yes
BrainTumor_03540.jpg,,No,,Yes,,,,,,,Yes
BrainTumor_03541.jpg,,Yes,Yes,No,,,,,,,Yes
BrainTumor_03542.jpg,,No,Yes,Yes,Yes,,No,,,Yes,No
BrainTumor_03543.jpg,No,No,Yes,Yes,No,No,Yes,,No,No,Yes
BrainTumor_03544.jpg,,Yes,Yes,Yes,No,No,No,Yes,Yes,Yes,
BrainTumor_03545.jpg,Yes,Yes,No,Yes,Yes,No,,,,,Yes
BrainTumor_03546.jpg,,,No,,Yes,Yes,No,Yes,Yes,No,
BrainTumor_03547.jpg,Yes,Yes,Yes,,No,No,No,,Yes,,
BrainTumor_03548.jpg,Yes,Yes,Yes,No,No,Yes,,Yes,Yes,Yes,Yes
BrainTumor_03549.jpg,No,Yes,Yes,Yes,,Yes,Yes,No,No,,No
BrainTumor_03550.jpg,,Yes,Yes,,,Yes,Yes,,No,,Yes
BrainTumor_03551.jpg,Yes,,No,,No,Yes,No,Yes,,,
BrainTumor_03552.jpg,,,No,Yes,No,,Yes,No,Yes,Yes,
BrainTumor_03553.jpg,Yes,No,Yes,Yes,No,,,Yes,No,Yes,
BrainTumor_03554.jpg,No,Yes,,Yes,Yes,Yes,No,,No,Yes,Yes
BrainTumor_03555.jpg,No,Yes,No,No,No,Yes,Yes,No,Yes,Yes,
BrainTumor_03556.jpg,Yes,No,,No,No,No,Yes,,,,
BrainTumor_03557.jpg,No,Yes,No,Yes,Yes,No,Yes,Yes,,,No
BrainTumor_03558.jpg,No,,,,Yes,,No,Yes,No,No,
BrainTumor_03559.jpg,No,,Yes,Yes,No,No,Yes,Yes,Yes,,Yes
BrainTumor_03560.jpg,No,No,No,,,,No,Yes,Yes,,
BrainTumor_03561.jpg,Yes,No,,,No,No,Yes,Yes,,No,No
BrainTumor_03562.jpg,No,Yes,Yes,Yes,No,,Yes,Yes,No,,
BrainTumor_03563.jpg,Yes,,No,No,,,,,Yes,No,
BrainTumor_03564.jpg,,Yes,,Yes,Yes,,,No,,,Yes
BrainTumor_03565.jpg,Yes,,Yes,No,,Yes,,No,,,Yes
BrainTumor_03566.jpg,No,Yes,,,No,,No,Yes,No,No,No
BrainTumor_03567.jpg,Yes,Yes,Yes,Yes,Yes,Yes,,No,No,Yes,Yes
BrainTumor_03568.jpg,Yes,Yes,Yes,,,Yes,Yes,Yes,Yes,Yes,No
BrainTumor_03569.jpg,Yes,No,,,Yes,,No,,,Yes,Yes
BrainTumor_03570.jpg,Yes,Yes,Yes,Yes,No,No,,No,Yes,No,
BrainTumor_03571.jpg,,,No,,No,,No,,,Yes,No
BrainTumor_03572.jpg,No,No,No,,Yes,,Yes,,Yes,,No
BrainTumor_03573.jpg,Yes,No,,Yes,Yes,No,Yes,No,No,No,Yes
BrainTumor_03574.jpg,Yes,No,No,,No,,No,No,,,No
BrainTumor_03575.jpg,Yes,Yes,Yes,,No,No,,,No,No,No
BrainTumor_03576.jpg,Yes,Yes,Yes,,Yes,No,No,Yes,,Yes,
BrainTumor_03577.jpg,Yes,,Yes,Yes,Yes,,Yes,,,Yes,Yes
BrainTumor_03578.jpg,,Yes,No,,No,,Yes,No,Yes,No,Yes
BrainTumor_03579.jpg,No,,No,,,,,,Yes,No,No
BrainTumor_03580.jpg,,,No,No,Yes,,No,,No,Yes,No
BrainTumor_03581.jpg,Yes,No,Yes,Yes,No,No,,,No,,
BrainTumor_03582.jpg,,,No,No,,No,No,No,,No,Yes
BrainTumor_03583.jpg,No,,,Yes,,Yes,Yes,Yes,Yes,No,
BrainTumor_03584.jpg,,Yes,Yes,Yes,Yes,,No,,Yes,Yes,No
BrainTumor_03585.jpg,Yes,No,No,Yes,,Yes,Yes,No,No,,
BrainTumor_03586.jpg,No,,No,Yes,,,,Yes,,No,No
BrainTumor_03587.jpg,Yes,Yes,,Yes,Yes,,,No,Yes,Yes,Yes
BrainTumor_03588.jpg,,,,Yes,Yes,No,,Yes,No,,Yes
BrainTumor_03589.jpg,No,Yes,No,,,,No,,Yes,No,Yes
BrainTumor_03590.jpg,No,Yes,No,No,Yes,Yes,,No,No,No,No
BrainTumor_03591.jpg,Yes,No,No,No,,,Yes,No,Yes,Yes,No
BrainTumor_03592.jpg,No,Yes,,,,Yes,,,,,
BrainTumor_03593.jpg,No,No,No,,No,No,Yes,No,No,,Yes
BrainTumor_03594.jpg,Yes,Yes,Yes,No,No,Yes,No,No,,Yes,
BrainTumor_03595.jpg,Yes,No,,Yes,No,No,Yes,,No,Yes,
BrainTumor_03596.jpg,No,Yes,Yes,,,No,,,,Yes,Yes
BrainTumor_03597.jpg,Yes,Yes,No,,No,No,Yes,,,,Yes
BrainTumor_03598.jpg,No,No,No,,No,No,Yes,Yes,Yes,,No
BrainTumor_03599.jpg,No,,,,No,,No,Yes,Yes,No,Yes
BrainTumor_03600.jpg,Yes,No,No,No,Yes,Yes,Yes,Yes,Yes,No,No
BrainTumor_03601.jpg,,,Yes,No,,Yes,No,No,No,Yes,No
BrainTumor_03602.jpg,,Yes,No,,,Yes,No,,Yes,No,No
BrainTumor_03603.jpg,,No,Yes,,Yes,No,No,,,Yes,Yes
BrainTumor_03604.jpg,No,,No,Yes,Yes,Yes,Yes,No,No,No,Yes
BrainTumor_03605.jpg,,No,,Yes,Yes,No,Yes,No,No,,
BrainTumor_03606.jpg,Yes,,Yes,,Yes,,Yes,,Yes,No,
BrainTumor_03607.jpg,,Yes,,No,Yes,No,Yes,,,Yes,No
BrainTumor_03608.jpg,No,No,No,Yes,Yes,No,Yes,Yes,,,No
BrainTumor_03609.jpg,Yes,,No,,,No,No,No,,No,No
BrainTumor_03610.jpg,,,,,Yes,,,No,Yes,Yes,No
BrainTumor_03611.jpg,,Yes,Yes,,No,No,,No,Yes,,Yes
BrainTumor_03612.jpg,,Yes,Yes,,Yes,,No,No,,Yes,Yes
BrainTumor_03613.jpg,Yes,No,No,Yes,,Yes,Yes,No,,Yes,Yes
BrainTumor_03614.jpg,No,No,Yes,No,Yes,No,,Yes,,,No
BrainTumor_03615.jpg,Yes,No,No,No,,No,Yes,,Yes,,
BrainTumor_03616.jpg,,Yes,,Yes,Yes,No,,,Yes,Yes,No
BrainTumor_03617.jpg,No,No,,Yes,,,No,No,Yes,No,Yes
BrainTumor_03618.jpg,No,Yes,No,,Yes,Yes,,Yes,Yes,,
BrainTumor_03619.jpg,,No,,,,Yes,No,Yes,Yes,No,
BrainTumor_03620.jpg,Yes,No,Yes,,No,No,No,,No,,No
BrainTumor_03621.jpg,No,Yes,No,,Yes,,No,No,No,No,No
BrainTumor_03622.jpg,No,No,,,No,No,No,Yes,,Yes,
BrainTumor_03623.jpg,,,,No,,,Yes,,Yes,,Yes
BrainTumor_03624.jpg,No,,,Yes,Yes,No,,,Yes,No,
BrainTumor_03625.jpg,,,Yes,Yes,No,Yes,,No,,No,Yes
BrainTumor_03626.jpg,Yes,Yes,,Yes,No,,Yes,No,No,No,No
BrainTumor_03627.jpg,No,Yes,No,,No,,,,,No,Yes
BrainTumor_03628.jpg,,No,No,No,No,,,,Yes,No,
BrainTumor_03629.jpg,,Yes,Yes,,No,No,Yes,No,Yes,Yes,
BrainTumor_03630.jpg,No,Yes,Yes,Yes,Yes,,No,No,No,,No
BrainTumor_03631.jpg,,,No,Yes,,Yes,No,,,Yes,Yes
BrainTumor_03632.jpg,No,Yes,No,Yes,Yes,Yes,Yes,Yes,No,No,Yes
BrainTumor_03633.jpg,,No,No,,,Yes,,No,,No,No
BrainTumor_03634.jpg,Yes,Yes,,No,,,No,No,No,,Yes
BrainTumor_03635.jpg,,Yes,No,,,No,,No,No,,
BrainTumor_03636.jpg,No,,,Yes,No,,No,No,,,Yes
BrainTumor_03637.jpg,,Yes,Yes,No,,Yes,Yes,,,No,No
BrainTumor_03638.jpg,,No,,,Yes,Yes,,,No,No,No
BrainTumor_03639.jpg,Yes,Yes,,Yes,Yes,Yes,,,Yes,Yes,Yes
BrainTumor_03640.jpg,No,Yes,,No,Yes,,No,No,Yes,Yes,No
BrainTumor_03641.jpg,,Yes,Yes,No,,,,Yes,Yes,Yes,Yes
BrainTumor_03642.jpg,Yes,,Yes,Yes,,Yes,,,No,Yes,No
BrainTumor_03643.jpg,,No,,Yes,,Yes,Yes,Yes,Yes,No,Yes
BrainTumor_03644.jpg,No,,,,No,Yes,Yes,Yes,,Yes,
BrainTumor_03645.jpg,No,No,Yes,Yes,Yes,Yes,,Yes,Yes,Yes,No
BrainTumor_03646.jpg,,Yes,Yes,Yes,,No,No,No,Yes,No,
BrainTumor_03647.jpg,Yes,Yes,,,Yes,Yes,Yes,,No,,No
BrainTumor_03648.jpg,No,,Yes,Yes,No,No,Yes,Yes,Yes,Yes,Yes
BrainTumor_03649.jpg,Yes,No,Yes,,Yes,,No,No,No,No,Yes
BrainTumor_03650.jpg,No,Yes,,No,,No,Yes,Yes,,Yes,Yes
BrainTumor_03651.jpg,Yes,,No,Yes,Yes,,,Yes,No,,No
BrainTumor_03652.jpg,No,No,No,No,Yes,Yes,Yes,,Yes,No,No
BrainTumor_03653.jpg,Yes,,,,No,Yes,No,Yes,,Yes,
BrainTumor_03654.jpg,,Yes,No,No,Yes,Yes,Yes,Yes,Yes,Yes,Yes
BrainTumor_03655.jpg,No,Yes,No,,Yes,,,No,Yes,No,
BrainTumor_03656.jpg,No,Yes,Yes,Yes,,No,No,Yes,,No,
BrainTumor_03657.jpg,,Yes,,Yes,,No,,Yes,No,Yes,
BrainTumor_03658.jpg,,Yes,,Yes,,Yes,Yes,No,,No,
BrainTumor_03659.jpg,Yes,,No,Yes,,No,Yes,Yes,Yes,No,No
BrainTumor_03660.jpg,No,No,Yes,No,,Yes,Yes,,No,Yes,Yes
BrainTumor_03661.jpg,Yes,No,No,No,No,No,,No,,,Yes
BrainTumor_03662.jpg,No,,No,,,Yes,No,No,Yes,,
BrainTumor_03663.jpg,Yes,Yes,,No,,,No,,,Yes,Yes
BrainTumor_03664.jpg,No,No,No,No,Yes,No,No,No,,No,Yes
BrainTumor_03665.jpg,No,No,Yes,No,No,Yes,,,No,Yes,Yes
BrainTumor_03666.jpg,No,,Yes,No,,No,Yes,No,Yes,Yes,No
BrainTumor_03667.jpg,,Yes,Yes,No,,No,No,Yes,,,No
BrainTumor_03668.jpg,No,,,No,No,Yes,No,,,No,No
BrainTumor_03669.jpg,No,No,,Yes,Yes,,No,,No,Yes,Yes
BrainTumor_03670.jpg,,No,No,Yes,Yes,Yes,,No,Yes,No,
BrainTumor_03671.jpg,No,Yes,,,Yes,Yes,Yes,,Yes,Yes,Yes
BrainTumor_03672.jpg,Yes,No,,,No,No,No,,,No,
BrainTumor_03673.jpg,,,Yes,No,,Yes,,,Yes,Yes,
BrainTumor_03674.jpg,No,,No,No,,,,No,Yes,Yes,Yes
BrainTumor_03675.jpg,,No,,No,,Yes,No,Yes,No,,Yes
BrainTumor_03676.jpg,,,,,,,,No,Yes,Yes,No
BrainTumor_03677.jpg,No,Yes,,Yes,Yes,,Yes,No,No,,
BrainTumor_03678.jpg,,No,Yes,Yes,No,Yes,No,,No,Yes,
BrainTumor_03679.jpg,,No,No,No,Yes,No,No,Yes,Yes,No,
BrainTumor_03680.jpg,Yes,Yes,Yes,Yes,No,,Yes,Yes,,No,No
BrainTumor_03681.jpg,Yes,No,Yes,Yes,,No,No,Yes,No,No,
BrainTumor_03682.jpg,,No,Yes,,Yes,No,,,Yes,No,No
BrainTumor_03683.jpg,,Yes,Yes,Yes,Yes,No,No,No,No,,No
BrainTumor_03684.jpg,No,,,,,Yes,Yes,No,Yes,,No
BrainTumor_03685.jpg,No,,No,Yes,Yes,,Yes,Yes,Yes,Yes,No
BrainTumor_03686.jpg,Yes,No,,No,Yes,No,No,No,Yes,Yes,Yes
BrainTumor_03687.jpg,No,No,No,Yes,Yes,,No,Yes,Yes,No,No
BrainTumor_03688.jpg,Yes,Yes,No,No,Yes,Yes,No,No,,Yes,Yes
BrainTumor_03689.jpg,,Yes,,,Yes,Yes,Yes,No,,,Yes
BrainTumor_03690.jpg,No,,No,No,No,No,Yes,No,No,,No
BrainTumor_03691.jpg,No,,,Yes,No,Yes,,,,No,Yes
BrainTumor_03692.jpg,,Yes,No,,Yes,Yes,No,,Yes,,
BrainTumor_03693.jpg,No,Yes,Yes,No,No,No,Yes,No,Yes,No,
BrainTumor_03694.jpg,,Yes,,Yes,Yes,No,Yes,No,,No,
BrainTumor_03695.jpg,,Yes,,,Yes,,Yes,No,,Yes,Yes
BrainTumor_03696.jpg,,,,Yes,No,Yes,Yes,No,,Yes,No
BrainTumor_03697.jpg,,,No,No,Yes,No,,Yes,,,Yes
BrainTumor_03698.jpg,No,No,No,,,No,No,,No,No,No
BrainTumor_03699.jpg,,,Yes,No,,,Yes,,,,Yes
BrainTumor_03700.jpg,No,No,Yes,No,No,No,,Yes,No,,Yes
BrainTumor_03701.jpg,No,,,No,,,,No,Yes,No,Yes
BrainTumor_03702.jpg,Yes,Yes,No,,Yes,No,Yes,,Yes,Yes,Yes
BrainTumor_03703.jpg,,Yes,No,Yes,Yes,No,,,,No,No
BrainTumor_03704.jpg,,No,No,,,No,No,No,,No,No
BrainTumor_03705.jpg,,Yes,Yes,,No,Yes,,Yes,Yes,,
BrainTumor_03706.jpg,,Yes,,Yes,No,,,No,,No,Yes
BrainTumor_03707.jpg,No,,Yes,Yes,Yes,No,,Yes,Yes,,Yes
BrainTumor_03708.jpg,Yes,No,No,Yes,No,,No,,,No,Yes
BrainTumor_03709.jpg,Yes,No,,No,,,,Yes,No,No,No
BrainTumor_03710.jpg,,No,,Yes,No,No,,No,,No,
BrainTumor_03711.jpg,No,,Yes,No,Yes,,Yes,Yes,Yes,Yes,Yes
BrainTumor_03712.jpg,No,Yes,,Yes,No,No,Yes,,,Yes,No
BrainTumor_03713.jpg,,No,Yes,No,No,Yes,,Yes,No,No,No
BrainTumor_03714.jpg,,No,,,,Yes,,No,No,Yes,No
BrainTumor_03715.jpg,No,Yes,Yes,Yes,,Yes,Yes,,Yes,Yes,
BrainTumor_03716.jpg,No,No,No,No,No,No,Yes,,,Yes,
BrainTumor_03717.jpg,Yes,,Yes,Yes,Yes,,No,No,,Yes,No
BrainTumor_03718.jpg,Yes,No,No,,No,Yes,No,Yes,,,
BrainTumor_03719.jpg,Yes,,Yes,,,No,Yes,,,Yes,Yes
BrainTumor_03720.jpg,No,,,Yes,Yes,,Yes,,No,,
BrainTumor_03721.jpg,,Yes,No,No,No,No,,Yes,,No,Yes
BrainTumor_03722.jpg,,Yes,,Yes,Yes,No,No,,,,
BrainTumor_03723.jpg,Yes,No,Yes,,No,No,Yes,No,Yes,No,No
BrainTumor_03724.jpg,No,,Yes,No,No,,Yes,Yes,Yes,No,
BrainTumor_03725.jpg,No,No,,No,Yes,,,,,No,Yes
BrainTumor_03726.jpg,,No,,No,,No,No,,Yes,Yes,No
BrainTumor_03727.jpg,Yes,Yes,Yes,,,,Yes,Yes,,Yes,Yes
BrainTumor_03728.jpg,No,,Yes,Yes,Yes,No,No,No,No,,Yes
BrainTumor_03729.jpg,Yes,No,No,,No,Yes,No,No,Yes,,
BrainTumor_03730.jpg,,Yes,,Yes,No,Yes,Yes,No,,No,Yes
BrainTumor_03731.jpg,No,,,No,No,,,Yes,No,,Yes
BrainTumor_03732.jpg,Yes,No,No,,Yes,Yes,Yes,No,Yes,Yes,
BrainTumor_03733.jpg,Yes,,Yes,No,Yes,,No,,,Yes,No
BrainTumor_03734.jpg,No,,No,,No,,Yes,Yes,No,Yes,Yes
BrainTumor_03735.jpg,,Yes,,No,Yes,No,Yes,Yes,Yes,Yes,Yes
BrainTumor_03736.jpg,,Yes,Yes,No,,Yes,,Yes,,Yes,Yes
BrainTumor_03737.jpg,No,No,,Yes,,No,Yes,Yes,,,No
BrainTumor_03738.jpg,Yes,Yes,,No,No,Yes,,,,No,Yes
BrainTumor_03739.jpg,No,Yes,,No,No,Yes,,No,,No,Yes
BrainTumor_03740.jpg,Yes,,,,No,No,Yes,Yes,No,,Yes
BrainTumor_03741.jpg,,Yes,No,,No,Yes,,No,Yes,No,No
BrainTumor_03742.jpg,,,No,Yes,Yes,,No,No,,No,Yes
BrainTumor_03743.jpg,Yes,Yes,No,,No,Yes,Yes,No,,,Yes
BrainTumor_03744.jpg,,Yes,,No,No,Yes,,,Yes,No,No
BrainTumor_03745.jpg,No,,,,Yes,,,Yes,Yes,,No
BrainTumor_03746.jpg,No,Yes,No,Yes,Yes,Yes,,No,,Yes,No
BrainTumor_03747.jpg,Yes,,,,,Yes,,,,Yes,No
BrainTumor_03748.jpg,Yes,Yes,No,Yes,No,No,No,,Yes,,
BrainTumor_03749.jpg,,Yes,,,,Yes,No,No,,No,No
BrainTumor_03750.jpg,Yes,Yes,Yes,No,No,Yes,No,No,,Yes,No
BrainTumor_03751.jpg,,Yes,No,,No,Yes,No,Yes,,,Yes
BrainTumor_03752.jpg,No,Yes,No,No,,,Yes,Yes,Yes,No,
BrainTumor_03753.jpg,Yes,No,,Yes,,No,,No,No,Yes,Yes
BrainTumor_03754.jpg,No,,,Yes,No,Yes,Yes,,Yes,Yes,No
BrainTumor_03755.jpg,Yes,Yes,No,Yes,Yes,No,,Yes,Yes,Yes,
BrainTumor_03756.jpg,,Yes,No,No,,No,No,No,Yes,No,No
BrainTumor_03757.jpg,Yes,Yes,No,,,,No,No,No,No,Yes
BrainTumor_03758.jpg,,,No,,,,,,Yes,,
BrainTumor_03759.jpg,,,No,Yes,No,Yes,Yes,,,No,No
BrainTumor_03760.jpg,No,Yes,No,,,No,,Yes,No,No,No
BrainTumor_03761.jpg,,Yes,,,No,,No,Yes,Yes,Yes,Yes
BrainTumor_03762.jpg,Yes,,No,No,Yes,,,,No,,Yes
BrainTumor_03763.jpg,No,,No,No,,No,Yes,Yes,,No,
BrainTumor_03764.jpg,,,No,Yes,,,,No,,Yes,Yes
BrainTumor_03765.jpg,,,Yes,No,No,No,No,Yes,,,No
BrainTumor_03766.jpg,,,No,Yes,No,,Yes,,,Yes,
BrainTumor_03767.jpg,,,No,Yes,Yes,Yes,,,Yes,Yes,
BrainTumor_03768.jpg,Yes,,No,,Yes,,,Yes,Yes,,
BrainTumor_03769.jpg,Yes,No,,No,,,Yes,No,Yes,Yes,
BrainTumor_03770.jpg,,,No,,No,,,,No,,No
BrainTumor_03771.jpg,Yes,,Yes,No,Yes,Yes,No,,Yes,,Yes
BrainTumor_03772.jpg,,,,Yes,No,Yes,No,No,No,Yes,No
BrainTumor_03773.jpg,,Yes,,Yes,,Yes,Yes,No,No,,No
BrainTumor_03774.jpg,,Yes,Yes,,,,Yes,No,Yes,,
BrainTumor_03775.jpg,No,No,Yes,Yes,Yes,Yes,No,No,Yes,No,
BrainTumor_03776.jpg,,Yes,Yes,,No,No,,No,Yes,,
BrainTumor_03777.jpg,Yes,No,No,Yes,No,No,No,Yes,No,Yes,Yes
BrainTumor_03778.jpg,Yes,No,,,,Yes,Yes,Yes,No,Yes,Yes
BrainTumor_03779.jpg,,No,No,Yes,Yes,Yes,No,Yes,,,Yes
BrainTumor_03780.jpg,,No,Yes,,Yes,Yes,,Yes,Yes,No,Yes
BrainTumor_03781.jpg,Yes,No,No,No,Yes,Yes,No,,Yes,,Yes
BrainTumor_03782.jpg,Yes,No,Yes,No,Yes,No,Yes,,No,,No
BrainTumor_03783.jpg,,Yes,No,No,Yes,Yes,Yes,,Yes,No,No
BrainTumor_03784.jpg,Yes,Yes,No,Yes,No,No,Yes,Yes,No,No,No
BrainTumor_03785.jpg,No,No,No,,Yes,No,No,,,Yes,Yes
BrainTumor_03786.jpg,Yes,,Yes,Yes,,No,No,No,,,
BrainTumor_03787.jpg,Yes,,No,No,,Yes,No,No,Yes,,Yes
BrainTumor_03788.jpg,Yes,No,Yes,,No,,,,No,Yes,Yes
BrainTumor_03789.jpg,Yes,Yes,Yes,No,Yes,Yes,No,No,Yes,No,Yes
BrainTumor_03790.jpg,,,No,Yes,No,Yes,Yes,,No,,No
BrainTumor_03791.jpg,Yes,,Yes,Yes,Yes,No,,,No,Yes,Yes
BrainTumor_03792.jpg,No,Yes,Yes,No,,Yes,No,,,,
BrainTumor_03793.jpg,Yes,,Yes,Yes,Yes,No,,Yes,,No,
BrainTumor_03794.jpg,Yes,Yes,No,,,,No,No,Yes,No,
BrainTumor_03795.jpg,Yes,,,Yes,No,No,No,No,Yes,Yes,
BrainTumor_03796.jpg,,,No,,No,,Yes,Yes,Yes,Yes,No
BrainTumor_03797.jpg,No,Yes,No,No,Yes,Yes,,No,,Yes,No
BrainTumor_03798.jpg,,,Yes,No,Yes,Yes,,Yes,No,Yes,No
BrainTumor_03799.jpg,,No,Yes,,Yes,No,No,No,Yes,Yes,No
BrainTumor_03800.jpg,No,,,Yes,,Yes,,,No,Yes,Yes
BrainTumor_03801.jpg,No,Yes,,,No,Yes,Yes,No,No,No,No
BrainTumor_03802.jpg,No,,,Yes,Yes,,Yes,Yes,No,Yes,Yes
BrainTumor_03803.jpg,No,Yes,Yes,,Yes,,No,No,,No,No
BrainTumor_03804.jpg,Yes,No,Yes,Yes,No,,,Yes,,Yes,Yes
BrainTumor_03805.jpg,No,,,Yes,Yes,,,No,No,No,No
BrainTumor_03806.jpg,No,Yes,Yes,No,Yes,,,No,No,No,Yes
BrainTumor_03807.jpg,,,,,No,No,No,No,Yes,No,
BrainTumor_03808.jpg,No,Yes,Yes,No,No,,No,,No,Yes,No
BrainTumor_03809.jpg,Yes,,Yes,,,,,No,,Yes,Yes
BrainTumor_03810.jpg,,Yes,Yes,Yes,No,Yes,Yes,No,No,No,
BrainTumor_03811.jpg,Yes,Yes,,Yes,Yes,,,,,,No
BrainTumor_03812.jpg,,Yes,,No,No,Yes,Yes,No,Yes,Yes,
BrainTumor_03813.jpg,,,Yes,Yes,Yes,,Yes,,No,No,Yes
BrainTumor_03814.jpg,,,No,No,No,No,,No,Yes,,No
BrainTumor_03815.jpg,Yes,Yes,No,Yes,,No,No,,Yes,No,Yes
BrainTumor_03816.jpg,Yes,,No,Yes,,,Yes,No,,,No
BrainTumor_03817.jpg,,,No,No,,,,,Yes,No,Yes
BrainTumor_03818.jpg,No,,No,No,Yes,Yes,Yes,No,No,,No
BrainTumor_03819.jpg,No,,No,Yes,No,Yes,,No,,,Yes
BrainTumor_03820.jpg,Yes,No,,Yes,,,No,,Yes,Yes,Yes
BrainTumor_03821.jpg,Yes,,,,Yes,No,Yes,Yes,No,,
BrainTumor_03822.jpg,No,,No,,No,Yes,,No,Yes,No,
BrainTumor_03823.jpg,,Yes,No,,No,,Yes,No,,Yes,No
BrainTumor_03824.jpg,No,No,,Yes,Yes,,No,No,Yes,No,Yes
BrainTumor_03825.jpg,No,No,Yes,,No,No,,Yes,Yes,Yes,
BrainTumor_03826.jpg,,Yes,Yes,,No,,Yes,,Yes,,
BrainTumor_03827.jpg,No,,No,Yes,No,No,,Yes,No,,No
BrainTumor_03828.jpg,,Yes,Yes,Yes,,No,No,No,,,Yes
BrainTumor_03829.jpg,,No,Yes,No,No,Yes,,,,,No
BrainTumor_03830.jpg,,No,No,,,Yes,No,No,,No,No
BrainTumor_03831.jpg,No,Yes,No,,No,No,Yes,,Yes,,Yes
BrainTumor_03832.jpg,,No,No,,Yes,Yes,,Yes,,Yes,Yes
BrainTumor_03833.jpg,Yes,No,No,Yes,Yes,No,Yes,No,Yes,,No
BrainTumor_03834.jpg,Yes,,Yes,No,,,No,Yes,,Yes,No
BrainTumor_03835.jpg,,,No,Yes,,Yes,Yes,No,Yes,Yes,
BrainTumor_03836.jpg,,Yes,No,No,No,Yes,Yes,,,No,Yes
BrainTumor_03837.jpg,,,,Yes,Yes,,,,No,No,Yes
BrainTumor_03838.jpg,,,,No,Yes,No,No,,,Yes,
BrainTumor_03839.jpg,No,No,,,Yes,Yes,Yes,No,,Yes,
BrainTumor_03840.jpg,Yes,,Yes,Yes,Yes,No,Yes,No,No,,No
BrainTumor_03841.jpg,No,Yes,No,Yes,No,,Yes,,Yes,Yes,
BrainTumor_03842.jpg,,No,No,No,No,Yes,Yes,No,,,
BrainTumor_03843.jpg,Yes,Yes,,Yes,,Yes,No,No,Yes,Yes,
BrainTumor_03844.jpg,,,No,No,Yes,Yes,,,Yes,Yes,No
BrainTumor_03845.jpg,No,No,No,No,No,No,,Yes,,No,Yes
BrainTumor_03846.jpg,,Yes,,,,No,No,Yes,No,,Yes
BrainTumor_03847.jpg,No,No,,,,Yes,No,Yes,No,Yes,
BrainTumor_03848.jpg,,Yes,,No,No,,,No,No,No,Yes
BrainTumor_03849.jpg,Yes,Yes,Yes,,No,No,Yes,Yes,Yes,,No
BrainTumor_03850.jpg,,No,No,No,Yes,Yes,No,Yes,Yes,No,No
BrainTumor_03851.jpg,No,No,,No,,Yes,No,Yes,No,No,Yes
BrainTumor_03852.jpg,No,No,No,No,No,No,No,Yes,,Yes,Yes
BrainTumor_03853.jpg,Yes,,No,,Yes,No,,Yes,No,Yes,No
BrainTumor_03854.jpg,,Yes,,Yes,,Yes,Yes,,,No,
BrainTumor_03855.jpg,Yes,,Yes,No,No,No,,No,,Yes,Yes
BrainTumor_03856.jpg,,No,,No,No,No,,,,No,No
BrainTumor_03857.jpg,Yes,No,No,No,Yes,No,,,,No,Yes
BrainTumor_03858.jpg,,,,,,Yes,No,Yes,,No,
BrainTumor_03859.jpg,No,,Yes,,No,Yes,Yes,,,No,Yes
BrainTumor_03860.jpg,,,No,Yes,,Yes,No,No,,No,Yes
BrainTumor_03861.jpg,Yes,No,No,No,No,,,,No,Yes,
BrainTumor_03862.jpg,No,,Yes,,Yes,No,,,,,No
BrainTumor_03863.jpg,,Yes,No,Yes,No,,No,Yes,Yes,Yes,No
BrainTumor_03864.jpg,,,No,Yes,Yes,Yes,Yes,,,,No
BrainTumor_03865.jpg,No,Yes,No,No,Yes,Yes,,,No,,No
BrainTumor_03866.jpg,No,,,No,Yes,,No,Yes,,No,
BrainTumor_03867.jpg,Yes,No,No,No,Yes,Yes,Yes,,Yes,,
BrainTumor_03868.jpg,Yes,No,Yes,,,Yes,Yes,No,Yes,Yes,No
BrainTumor_03869.jpg,,No,No,Yes,No,,No,,,No,Yes
BrainTumor_03870.jpg,No,,Yes,Yes,Yes,Yes,No,No,,No,No
BrainTumor_03871.jpg,No,No,,,,No,,No,Yes,No,
BrainTumor_03872.jpg,,No,Yes,,Yes,No,Yes,Yes,,No,No
BrainTumor_03873.jpg,Yes,,No,No,Yes,Yes,,,,,Yes
BrainTumor_03874.jpg,,No,Yes,Yes,,,No,,No,Yes,Yes
BrainTumor_03875.jpg,Yes,No,No,No,No,No,Yes,,No,,No
BrainTumor_03876.jpg,No,No,Yes,Yes,Yes,No,No,No,,No,Yes
BrainTumor_03877.jpg,,Yes,,Yes,,Yes,Yes,,,,
BrainTumor_03878.jpg,No,No,,No,No,Yes,,No,Yes,No,No
BrainTumor_03879.jpg,No,,,Yes,Yes,,,,No,,
BrainTumor_03880.jpg,,Yes,,,,,Yes,,,No,No
BrainTumor_03881.jpg,No,,Yes,No,Yes,No,,No,,,Yes
BrainTumor_03882.jpg,,No,,No,No,Yes,No,No,Yes,No,
BrainTumor_03883.jpg,Yes,,No,,Yes,Yes,No,No,,,Yes
BrainTumor_03884.jpg,No,Yes,Yes,No,,No,,Yes,No,No,Yes
BrainTumor_03885.jpg,No,Yes,Yes,,,,Yes,No,Yes,No,Yes
BrainTumor_03886.jpg,,,No,,,,No,No,Yes,,
BrainTumor_03887.jpg,No,Yes,,Yes,No,No,No,No,Yes,Yes,Yes
BrainTumor_03888.jpg,,No,No,No,,Yes,Yes,,Yes,No,Yes
BrainTumor_03889.jpg,No,,,No,No,,Yes,No,,,Yes
BrainTumor_03890.jpg,,No,Yes,,No,,No,,,,No
BrainTumor_03891.jpg,No,Yes,,No,Yes,Yes,,No,No,No,Yes
BrainTumor_03892.jpg,Yes,,No,Yes,No,No,Yes,No,Yes,Yes,
BrainTumor_03893.jpg,No,Yes,No,Yes,No,No,,Yes,Yes,No,
BrainTumor_03894.jpg,Yes,Yes,No,,No,No,Yes,Yes,Yes,Yes,Yes
BrainTumor_03895.jpg,,No,No,No,Yes,No,,No,,,Yes
BrainTumor_03896.jpg,Yes,Yes,,Yes,Yes,No,,,No,Yes,No
BrainTumor_03897.jpg,No,,,No,Yes,,No,,No,,Yes
BrainTumor_03898.jpg,No,Yes,,Yes,,Yes,No,Yes,,,Yes
BrainTumor_03899.jpg,Yes,,No,,Yes,,,Yes,Yes,Yes,Yes
BrainTumor_03900.jpg,Yes,Yes,,Yes,No,Yes,No,,,,Yes
BrainTumor_03901.jpg,Yes,Yes,,Yes,,Yes,,Yes,,,Yes
BrainTumor_03902.jpg,No,,,Yes,No,Yes,No,,Yes,No,No
BrainTumor_03903.jpg,,No,No,Yes,,,No,Yes,Yes,No,Yes
BrainTumor_03904.jpg,,,Yes,,,,,No,No,,Yes
BrainTumor_03905.jpg,Yes,Yes,,,,Yes,Yes,Yes,Yes,Yes,No
BrainTumor_03906.jpg,Yes,Yes,,No,Yes,Yes,Yes,,Yes,Yes,
BrainTumor_03907.jpg,No,No,No,,No,,No,No,,,No
BrainTumor_03908.jpg,No,,,,Yes,Yes,Yes,No,Yes,Yes,Yes
BrainTumor_03909.jpg,,Yes,,,No,,,Yes,No,No,Yes
BrainTumor_03910.jpg,,,Yes,Yes,,Yes,Yes,No,Yes,,
BrainTumor_03911.jpg,Yes,Yes,No,Yes,,No,,Yes,No,No,Yes
BrainTumor_03912.jpg,No,No,Yes,Yes,,Yes,No,,Yes,,Yes
BrainTumor_03913.jpg,,Yes,Yes,No,No,Yes,No,No,,Yes,Yes
BrainTumor_03914.jpg,No,No,Yes,,,Yes,,Yes,No,,No
BrainTumor_03915.jpg,Yes,Yes,No,,Yes,,Yes,,,No,
BrainTumor_03916.jpg,No,,,,,Yes,,No,No,,No
BrainTumor_03917.jpg,,,Yes,Yes,Yes,,Yes,Yes,No,,Yes
BrainTumor_03918.jpg,Yes,Yes,,Yes,No,,,Yes,No,No,
BrainTumor_03919.jpg,No,No,,Yes,,,No,No,No,No,
BrainTumor_03920.jpg,No,Yes,Yes,,,No,No,Yes,,,No
BrainTumor_03921.jpg,No,,,,,Yes,,Yes,,No,
BrainTumor_03922.jpg,No,Yes,Yes,Yes,,Yes,No,,No,,No
BrainTumor_03923.jpg,Yes,,No,Yes,Yes,,Yes,,No,Yes,
BrainTumor_03924.jpg,No,,No,Yes,No,,,No,,No,No
BrainTumor_03925.jpg,,Yes,No,,,Yes,,,No,Yes,
BrainTumor_03926.jpg,Yes,No,,No,No,Yes,No,Yes,,,
BrainTumor_03927.jpg,Yes,,Yes,No,Yes,,No,Yes,,Yes,No
BrainTumor_03928.jpg,No,Yes,,No,,,Yes,,No,,Yes
BrainTumor_03929.jpg,Yes,,No,No,No,No,Yes,Yes,No,Yes,No
BrainTumor_03930.jpg,No,No,No,,Yes,Yes,No,No,No,No,
BrainTumor_03931.jpg,,Yes,No,Yes,Yes,Yes,Yes,Yes,,Yes,Yes
BrainTumor_03932.jpg,,,No,No,Yes,No,,Yes,Yes,Yes,Yes
BrainTumor_03933.jpg,Yes,Yes,Yes,Yes,No,No,Yes,No,,Yes,No
BrainTumor_03934.jpg,,,No,,Yes,,Yes,,,,
BrainTumor_03935.jpg,,Yes,,No,No,No,No,Yes,,,
BrainTumor_03936.jpg,No,,,No,No,No,Yes,Yes,,Yes,No
BrainTumor_03937.jpg,No,No,,No,Yes,No,Yes,Yes,No,,
BrainTumor_03938.jpg,Yes,,,No,Yes,No,No,No,Yes,,Yes
BrainTumor_03939.jpg,No,Yes,Yes,Yes,,,Yes,,No,,No
BrainTumor_03940.jpg,,No,Yes,,Yes,Yes,Yes,,No,No,
BrainTumor_03941.jpg,No,No,,No,Yes,Yes,Yes,No,Yes,,No
BrainTumor_03942.jpg,,Yes,Yes,Yes,,,No,,,Yes,
BrainTumor_03943.jpg,Yes,No,,No,No,No,No,Yes,Yes,,No
BrainTumor_03944.jpg,No,Yes,Yes,Yes,,Yes,Yes,Yes,No,Yes,
BrainTumor_03945.jpg,,Yes,Yes,Yes,No,Yes,,No,No,Yes,No
BrainTumor_03946.jpg,No,,,,No,,No,No,No,Yes,No
BrainTumor_03947.jpg,,Yes,,,No,,,Yes,Yes,No,No
BrainTumor_03948.jpg,,No,No,Yes,No,No,,Yes,Yes,Yes,
BrainTumor_03949.jpg,,Yes,,No,,No,No,,No,No,
BrainTumor_03950.jpg,Yes,Yes,No,Yes,No,Yes,No,,,,
BrainTumor_03951.jpg,,Yes,No,No,Yes,,Yes,No,No,No,No
BrainTumor_03952.jpg,No,No,Yes,,No,Yes,,,,,No
BrainTumor_03953.jpg,,Yes,,Yes,,Yes,,Yes,No,,
BrainTumor_03954.jpg,Yes,Yes,No,Yes,,Yes,No,Yes,No,,
BrainTumor_03955.jpg,,,No,,,Yes,No,,No,No,No
BrainTumor_03956.jpg,No,No,,Yes,No,No,No,Yes,No,No,No
BrainTumor_03957.jpg,Yes,Yes,No,Yes,Yes,No,Yes,,Yes,Yes,No
BrainTumor_03958.jpg,No,Yes,Yes,,Yes,No,,,Yes,No,Yes
BrainTumor_03959.jpg,,No,,No,No,No,No,Yes,No,Yes,Yes
BrainTumor_03960.jpg,,No,Yes,No,No,Yes,Yes,,Yes,Yes,No
BrainTumor_03961.jpg,,No,No,,,No,Yes,No,,,No
BrainTumor_03962.jpg,Yes,No,,Yes,Yes,Yes,No,,No,Yes,
BrainTumor_03963.jpg,No,,,No,,No,Yes,,Yes,No,Yes
BrainTumor_03964.jpg,,,,No,,,Yes,,No,No,
BrainTumor_03965.jpg,Yes,No,,Yes,Yes,No,Yes,,Yes,No,Yes
BrainTumor_03966.jpg,No,No,,Yes,No,,,Yes,No,Yes,
BrainTumor_03967.jpg,Yes,Yes,Yes,,,Yes,Yes,No,Yes,,Yes
BrainTumor_03968.jpg,No,Yes,Yes,No,No,No,,Yes,No,No,
BrainTumor_03969.jpg,Yes,No,,Yes,Yes,No,,No,No,,Yes
BrainTumor_03970.jpg,Yes,Yes,No,Yes,No,No,,No,Yes,,Yes
BrainTumor_03971.jpg,Yes,Yes,Yes,Yes,Yes,No,No,Yes,Yes,,Yes
BrainTumor_03972.jpg,Yes,No,Yes,,Yes,Yes,Yes,Yes,No,,Yes
BrainTumor_03973.jpg,,No,,Yes,,,Yes,No,,Yes,Yes
BrainTumor_03974.jpg,No,Yes,No,Yes,Yes,Yes,No,,,No,
BrainTumor_03975.jpg,,,Yes,,Yes,,,Yes,No,Yes,
BrainTumor_03976.jpg,No,,Yes,,Yes,,Yes,Yes,No,No,Yes
BrainTumor_03977.jpg,,No,No,No,No,Yes,Yes,No,,,
BrainTumor_03978.jpg,No,Yes,No,Yes,No,No,Yes,No,No,,Yes
BrainTumor_03979.jpg,No,No,,,No,No,No,No,Yes,Yes,Yes
BrainTumor_03980.jpg,,,No,,Yes,No,,,Yes,No,No
BrainTumor_03981.jpg,Yes,,,No,No,No,No,No,No,Yes,Yes
BrainTumor_03982.jpg,No,No,,No,,,Yes,No,Yes,,
BrainTumor_03983.jpg,Yes,Yes,,,No,,Yes,,,No,No
BrainTumor_03984.jpg,No,No,No,,,No,Yes,No,,,No
BrainTumor_03985.jpg,,No,Yes,No,No,Yes,No,No,Yes,Yes,
BrainTumor_03986.jpg,,,Yes,Yes,No,,,,,,No
BrainTumor_03987.jpg,Yes,No,,No,,Yes,Yes,No,Yes,No,Yes
BrainTumor_03988.jpg,No,No,Yes,,Yes,Yes,,Yes,,No,No
BrainTumor_03989.jpg,No,,Yes,No,Yes,No,No,Yes,No,,No
BrainTumor_03990.jpg,,No,,,Yes,,No,Yes,Yes,No,No
BrainTumor_03991.jpg,,Yes,,Yes,,No,,No,,,No
BrainTumor_03992.jpg,Yes,No,No,,Yes,,,No,,,Yes
BrainTumor_03993.jpg,,Yes,,,,Yes,No,No,No,Yes,No
BrainTumor_03994.jpg,No,Yes,No,No,,Yes,No,No,No,,No
BrainTumor_03995.jpg,,No,,,No,Yes,Yes,,No,,
BrainTumor_03996.jpg,No,,,Yes,No,Yes,Yes,Yes,No,No,
BrainTumor_03997.jpg,Yes,Yes,No,No,,Yes,No,,Yes,No,Yes
BrainTumor_03998.jpg,No,Yes,No,,,,,,,Yes,No
BrainTumor_03999.jpg,Yes,,No,No,Yes,Yes,,,No,No,Yes
BrainTumor_04000.jpg,Yes,Yes,,Yes,,No,,Yes,No,Yes,No
BrainTumor_04001.jpg,No,,,,No,Yes,Yes,No,Yes,Yes,Yes
BrainTumor_04002.jpg,,Yes,No,Yes,No,Yes,Yes,Yes,,No,Yes
BrainTumor_04003.jpg,,No,Yes,Yes,Yes,Yes,Yes,Yes,,,Yes
BrainTumor_04004.jpg,No,,Yes,Yes,Yes,Yes,,,,,No
BrainTumor_04005.jpg,No,No,No,Yes,Yes,Yes,No,No,No,No,Yes
BrainTumor_04006.jpg,Yes,Yes,No,,,No,,,No,,Yes
BrainTumor_04007.jpg,Yes,,No,No,Yes,,No,,Yes,No,Yes
BrainTumor_04008.jpg,No,No,Yes,,Yes,,No,No,No,Yes,Yes
BrainTumor_04009.jpg,,No,No,,No,,Yes,,,No,Yes
BrainTumor_04010.jpg,No,,,No,,,No,,,No,No
BrainTumor_04011.jpg,Yes,Yes,Yes,Yes,Yes,No,,No,Yes,No,Yes
BrainTumor_04012.jpg,Yes,,Yes,,Yes,,No,No,No,Yes,Yes
BrainTumor_04013.jpg,Yes,,Yes,Yes,,Yes,,Yes,,No,No
BrainTumor_04014.jpg,No,,No,,,,Yes,No,Yes,Yes,Yes
BrainTumor_04015.jpg,Yes,,,No,Yes,,,Yes,No,No,Yes
BrainTumor_04016.jpg,,Yes,No,No,,,,No,No,,No
BrainTumor_04017.jpg,Yes,Yes,,Yes,Yes,Yes,Yes,No,Yes,No,No
BrainTumor_04018.jpg,Yes,No,Yes,No,,Yes,Yes,Yes,No,No,No
BrainTumor_04019.jpg,Yes,No,Yes,Yes,Yes,No,No,,Yes,,Yes
BrainTumor_04020.jpg,No,,Yes,Yes,Yes,,,No,Yes,,No
BrainTumor_04021.jpg,No,Yes,,No,Yes,No,Yes,,No,No,
BrainTumor_04022.jpg,No,Yes,No,Yes,No,No,No,No,No,No,Yes
BrainTumor_04023.jpg,,Yes,Yes,,No,No,No,,Yes,,Yes
BrainTumor_04024.jpg,,No,Yes,Yes,,,No,No,,,
BrainTumor_04025.jpg,,No,,No,No,No,,No,No,No,Yes
BrainTumor_04026.jpg,Yes,,Yes,Yes,,No,No,No,Yes,,
BrainTumor_04027.jpg,No,Yes,,No,Yes,Yes,No,,No,No,Yes
BrainTumor_04028.jpg,Yes,No,Yes,,,Yes,,,No,,
BrainTumor_04029.jpg,No,No,,Yes,Yes,No,,Yes,Yes,Yes,No
BrainTumor_04030.jpg,Yes,No,No,,,No,No,Yes,Yes,,
BrainTumor_04031.jpg,No,,,No,No,No,No,Yes,,,No
BrainTumor_04032.jpg,,Yes,Yes,No,No,No,,Yes,Yes,,
BrainTumor_04033.jpg,,No,No,Yes,Yes,,Yes,Yes,No,Yes,No
BrainTumor_04034.jpg,Yes,No,,No,Yes,No,Yes,No,Yes,,Yes
BrainTumor_04035.jpg,Yes,Yes,Yes,Yes,No,,Yes,,Yes,Yes,Yes
BrainTumor_04036.jpg,Yes,,,No,Yes,No,,No,Yes,No,
BrainTumor_04037.jpg,No,No,Yes,,,Yes,No,Yes,Yes,No,Yes
BrainTumor_04038.jpg,No,Yes,,,Yes,No,No,Yes,No,No,
BrainTumor_04039.jpg,,Yes,,Yes,Yes,Yes,Yes,,No,No,No
BrainTumor_04040.jpg,,Yes,,No,Yes,No,,,No,No,
BrainTumor_04041.jpg,Yes,,No,Yes,No,Yes,No,,Yes,,No
BrainTumor_04042.jpg,Yes,,Yes,,No,,Yes,,,,No
BrainTumor_04043.jpg,No,,,No,No,Yes,No,,,No,Yes
BrainTumor_04044.jpg,,,Yes,No,No,No,No,,,,
BrainTumor_04045.jpg,No,Yes,Yes,,No,Yes,Yes,Yes,No,,
BrainTumor_04046.jpg,,No,Yes,No,,No,Yes,Yes,,,
BrainTumor_04047.jpg,Yes,No,,,,,,Yes,,Yes,No
BrainTumor_04048.jpg,Yes,,,Yes,No,,Yes,,Yes,No,No
BrainTumor_04049.jpg,No,No,Yes,,Yes,Yes,No,Yes,,Yes,No
BrainTumor_04050.jpg,No,No,,Yes,Yes,Yes,Yes,,No,No,
BrainTumor_04051.jpg,No,Yes,Yes,,No,No,,Yes,Yes,,Yes
BrainTumor_04052.jpg,No,Yes,No,No,No,Yes,No,,Yes,,Yes
BrainTumor_04053.jpg,No,Yes,Yes,Yes,,Yes,Yes,Yes,No,Yes,No
BrainTumor_04054.jpg,No,Yes,Yes,Yes,No,No,Yes,No,,No,
BrainTumor_04055.jpg,,Yes,,Yes,No,Yes,No,,Yes,Yes,Yes
BrainTumor_04056.jpg,Yes,,,No,No,No,,,Yes,Yes,No
BrainTumor_04057.jpg,,Yes,Yes,No,,Yes,Yes,,No,,Yes
BrainTumor_04058.jpg,,Yes,,Yes,Yes,,,,No,,
BrainTumor_04059.jpg,,,,Yes,Yes,Yes,Yes,Yes,Yes,,
BrainTumor_04060.jpg,Yes,No,,,Yes,No,,No,,,
BrainTumor_04061.jpg,,No,,No,Yes,,Yes,,No,,Yes
BrainTumor_04062.jpg,,Yes,,Yes,No,Yes,No,,,Yes,
BrainTumor_04063.jpg,No,No,No,Yes,Yes,,Yes,No,Yes,,No
BrainTumor_04064.jpg,No,Yes,,No,,Yes,No,Yes,Yes,No,No
BrainTumor_04065.jpg,No,,No,,Yes,No,No,Yes,,No,
BrainTumor_04066.jpg,No,Yes,Yes,,Yes,Yes,,Yes,,,
BrainTumor_04067.jpg,,Yes,No,No,No,,,,Yes,Yes,No
BrainTumor_04068.jpg,,,,,Yes,Yes,No,No,,,Yes
BrainTumor_04069.jpg,Yes,No,Yes,,Yes,No,No,Yes,No,,No
BrainTumor_04070.jpg,Yes,No,No,Yes,No,No,No,,No,,Yes
BrainTumor_04071.jpg,,,Yes,,,Yes,,Yes,,Yes,Yes
BrainTumor_04072.jpg,No,Yes,Yes,,,Yes,Yes,No,No,Yes,Yes
BrainTumor_04073.jpg,No,No,Yes,,No,Yes,,Yes,,,
BrainTumor_04074.jpg,,,Yes,No,No,No,Yes,Yes,Yes,,Yes
BrainTumor_04075.jpg,,No,,,Yes,No,No,Yes,Yes,No,Yes
BrainTumor_04076.jpg,No,No,,Yes,Yes,No,Yes,No,Yes,,No
BrainTumor_04077.jpg,Yes,Yes,No,No,No,,Yes,No,No,No,Yes
BrainTumor_04078.jpg,,Yes,Yes,No,Yes,No,Yes,No,,,Yes
BrainTumor_04079.jpg,,,No,,Yes,,,Yes,Yes,Yes,
BrainTumor_04080.jpg,No,,No,Yes,Yes,,No,No,,Yes,Yes
BrainTumor_04081.jpg,,,,No,No,,No,No,No,Yes,No
BrainTumor_04082.jpg,No,No,,Yes,No,Yes,,No,No,Yes,
BrainTumor_04083.jpg,No,Yes,Yes,No,No,,No,No,,Yes,No
BrainTumor_04084.jpg,No,Yes,,Yes,,No,Yes,,Yes,Yes,No
BrainTumor_04085.jpg,No,No,No,No,No,Yes,Yes,No,,No,
BrainTumor_04086.jpg,,Yes,,No,,,No,Yes,,Yes,Yes
BrainTumor_04087.jpg,,,Yes,Yes,,Yes,Yes,No,No,Yes,Yes
BrainTumor_04088.jpg,No,No,No,No,Yes,,,,,Yes,No
BrainTumor_04089.jpg,No,,Yes,,Yes,,,Yes,Yes,Yes,
BrainTumor_04090.jpg,Yes,Yes,,No,Yes,Yes,No,Yes,Yes,Yes,No
BrainTumor_04091.jpg,,No,,No,,,Yes,No,,Yes,No
BrainTumor_04092.jpg,No,,,Yes,No,,No,Yes,Yes,No,No
BrainTumor_04093.jpg,,Yes,,,,Yes,No,No,No,Yes,
BrainTumor_04094.jpg,No,Yes,No,No,,No,No,Yes,,,Yes
BrainTumor_04095.jpg,No,,No,Yes,Yes,Yes,Yes,No,,No,Yes
BrainTumor_04096.jpg,Yes,No,Yes,,Yes,,Yes,Yes,No,No,Yes
BrainTumor_04097.jpg,Yes,,,Yes,No,No,No,Yes,No,,No
BrainTumor_04098.jpg,Yes,Yes,No,No,Yes,Yes,,No,No,No,No
BrainTumor_04099.jpg,Yes,Yes,Yes,No,,,,No,,,Yes
BrainTumor_04100.jpg,,Yes,Yes,,No,Yes,,No,No,,Yes
BrainTumor_04101.jpg,No,No,,,Yes,,Yes,No,,No,No
BrainTumor_04102.jpg,Yes,No,No,,Yes,,,No,,,Yes
BrainTumor_04103.jpg,Yes,No,,No,Yes,Yes,,,Yes,Yes,No
BrainTumor_04104.jpg,,Yes,Yes,,,Yes,,,,,No
BrainTumor_04105.jpg,,Yes,,,No,Yes,Yes,,No,,
BrainTumor_04106.jpg,Yes,No,No,,Yes,,Yes,Yes,Yes,No,Yes
BrainTumor_04107.jpg,No,,,No,No,Yes,Yes,,No,,Yes
BrainTumor_04108.jpg,,,Yes,Yes,No,Yes,No,,No,No,No
BrainTumor_04109.jpg,,Yes,,No,Yes,Yes,No,,,Yes,
BrainTumor_04110.jpg,Yes,No,Yes,Yes,,,Yes,No,No,Yes,Yes
BrainTumor_04111.jpg,,No,No,Yes,Yes,No,No,,No,Yes,
BrainTumor_04112.jpg,,No,,Yes,Yes,,Yes,No,No,Yes,Yes
BrainTumor_04113.jpg,Yes,,No,,No,,Yes,No,,,Yes
BrainTumor_04114.jpg,Yes,,No,No,Yes,Yes,,,No,Yes,Yes
BrainTumor_04115.jpg,Yes,No,,Yes,No,No,No,,No,Yes,Yes
BrainTumor_04116.jpg,No,No,Yes,Yes,,,,No,Yes,No,No
BrainTumor_04117.jpg,Yes,Yes,Yes,No,Yes,No,Yes,No,Yes,No,No
BrainTumor_04118.jpg,Yes,Yes,,No,Yes,No,Yes,,,,Yes
BrainTumor_04119.jpg,,No,Yes,,No,Yes,Yes,Yes,No,,No
BrainTumor_04120.jpg,,Yes,,Yes,No,,No,,Yes,Yes,
BrainTumor_04121.jpg,No,Yes,,Yes,Yes,,,No,No,,Yes
BrainTumor_04122.jpg,Yes,Yes,No,Yes,Yes,Yes,Yes,No,No,,Yes
BrainTumor_04123.jpg,Yes,,,Yes,Yes,No,No,,Yes,Yes,Yes
BrainTumor_04124.jpg,No,No,,,Yes,,,Yes,,,No
BrainTumor_04125.jpg,No,No,No,No,No,Yes,No,No,No,Yes,No
BrainTumor_04126.jpg,Yes,Yes,No,No,,No,,No,,,Yes
BrainTumor_04127.jpg,No,No,Yes,Yes,No,Yes,Yes,No,,Yes,No
BrainTumor_04128.jpg,,No,No,,,,No,Yes,No,,
BrainTumor_04129.jpg,No,Yes,Yes,No,Yes,No,Yes,Yes,,,
BrainTumor_04130.jpg,,No,Yes,Yes,No,No,,,Yes,No,No
BrainTumor_04131.jpg,No,,No,No,Yes,,,,,,No
BrainTumor_04132.jpg,No,Yes,No,,No,Yes,No,Yes,Yes,,Yes
BrainTumor_04133.jpg,,Yes,,,No,No,Yes,Yes,No,Yes,
BrainTumor_04134.jpg,,No,,,No,Yes,,No,Yes,Yes,No
BrainTumor_04135.jpg,,Yes,Yes,No,No,,Yes,No,,No,
BrainTumor_04136.jpg,Yes,Yes,,Yes,,,,No,No,Yes,Yes
BrainTumor_04137.jpg,,No,Yes,Yes,,No,Yes,Yes,,Yes,
BrainTumor_04138.jpg,,No,Yes,,No,,No,No,No,,No
BrainTumor_04139.jpg,No,Yes,Yes,,Yes,No,No,No,Yes,Yes,No
BrainTumor_04140.jpg,Yes,Yes,No,,,Yes,,Yes,,Yes,Yes
BrainTumor_04141.jpg,Yes,No,Yes,,No,No,Yes,Yes,Yes,No,
BrainTumor_04142.jpg,,No,,,,,No,Yes,No,Yes,No
BrainTumor_04143.jpg,No,,,,,Yes,Yes,,No,No,
BrainTumor_04144.jpg,,Yes,,,,Yes,Yes,Yes,,Yes,
BrainTumor_04145.jpg,No,No,Yes,Yes,No,,Yes,No,,,No
BrainTumor_04146.jpg,Yes,Yes,No,No,,Yes,Yes,No,No,No,No
BrainTumor_04147.jpg,,,No,,No,Yes,Yes,No,Yes,,
BrainTumor_04148.jpg,No,No,Yes,,No,,,,,No,Yes
BrainTumor_04149.jpg,Yes,,,No,No,,No,No,,No,Yes
BrainTumor_04150.jpg,Yes,Yes,,No,No,,,,No,,
BrainTumor_04151.jpg,,No,Yes,Yes,,No,No,Yes,Yes,No,Yes
BrainTumor_04152.jpg,,,Yes,Yes,Yes,,No,,,Yes,Yes
BrainTumor_04153.jpg,,No,,Yes,,Yes,No,No,,No,No
BrainTumor_04154.jpg,Yes,Yes,No,No,No,Yes,Yes,,,No,
BrainTumor_04155.jpg,Yes,No,Yes,,,No,,,,No,No
BrainTumor_04156.jpg,,No,Yes,No,No,No,No,,Yes,No,
BrainTumor_04157.jpg,,No,Yes,No,,,No,No,Yes,No,No
BrainTumor_04158.jpg,Yes,Yes,,,No,,,No,,,No
BrainTumor_04159.jpg,,Yes,Yes,Yes,No,Yes,No,,,Yes,
BrainTumor_04160.jpg,No,Yes,Yes,Yes,,,Yes,Yes,,,Yes
BrainTumor_04161.jpg,,,,No,Yes,No,Yes,Yes,,No,Yes
BrainTumor_04162.jpg,No,,No,,,No,No,No,No,Yes,No
BrainTumor_04163.jpg,Yes,,,,Yes,Yes,,No,No,,Yes
BrainTumor_04164.jpg,Yes,Yes,No,Yes,Yes,Yes,,No,Yes,No,Yes
BrainTumor_04165.jpg,,Yes,,,No,Yes,,No,Yes,No,No
BrainTumor_04166.jpg,,Yes,Yes,Yes,,,,,No,,No
BrainTumor_04167.jpg,,Yes,Yes,Yes,,,Yes,No,Yes,,No
BrainTumor_04168.jpg,Yes,Yes,Yes,Yes,,Yes,Yes,,,No,No
BrainTumor_04169.jpg,Yes,No,Yes,,Yes,,Yes,Yes,Yes,Yes,Yes
BrainTumor_04170.jpg,,,Yes,,No,Yes,No,Yes,Yes,,Yes
BrainTumor_04171.jpg,No,No,Yes,,No,Yes,,Yes,No,Yes,No
BrainTumor_04172.jpg,,Yes,,Yes,No,Yes,No,Yes,,,Yes
BrainTumor_04173.jpg,Yes,,,,Yes,,Yes,,No,Yes,Yes
BrainTumor_04174.jpg,Yes,,No,Yes,,No,,No,No,Yes,
BrainTumor_04175.jpg,No,No,No,,Yes,,No,,,No,No
BrainTumor_04176.jpg,No,No,No,No,Yes,Yes,,Yes,No,No,Yes
BrainTumor_04177.jpg,No,Yes,Yes,Yes,,,No,Yes,,Yes,Yes
BrainTumor_04178.jpg,,,No,Yes,,No,,No,No,Yes,Yes
BrainTumor_04179.jpg,Yes,,Yes,No,Yes,Yes,Yes,Yes,Yes,Yes,No
BrainTumor_04180.jpg,No,No,,,No,,No,,No,No,
BrainTumor_04181.jpg,Yes,Yes,,Yes,Yes,Yes,Yes,Yes,No,,Yes
BrainTumor_04182.jpg,,No,No,No,,Yes,,No,Yes,,
BrainTumor_04183.jpg,Yes,Yes,Yes,Yes,Yes,,No,,,Yes,No
BrainTumor_04184.jpg,,,,,Yes,No,No,Yes,,,
BrainTumor_04185.jpg,Yes,,Yes,Yes,,,No,,Yes,Yes,Yes
BrainTumor_04186.jpg,No,No,No,No,No,Yes,No,Yes,,Yes,
BrainTumor_04187.jpg,Yes,No,,No,,Yes,Yes,,Yes,No,No
BrainTumor_04188.jpg,Yes,Yes,Yes,No,Yes,No,Yes,,Yes,No,No
BrainTumor_04189.jpg,,No,Yes,No,,No,Yes,Yes,No,No,
BrainTumor_04190.jpg,Yes,Yes,Yes,No,,No,,Yes,No,Yes,
BrainTumor_04191.jpg,No,,No,No,,No,Yes,No,,No,Yes
BrainTumor_04192.jpg,No,Yes,,Yes,,,Yes,No,Yes,,No
BrainTumor_04193.jpg,,No,No,,No,,No,Yes,No,No,Yes
BrainTumor_04194.jpg,,,Yes,,Yes,Yes,Yes,No,Yes,,No
BrainTumor_04195.jpg,,Yes,,No,No,No,,No,,No,
BrainTumor_04196.jpg,No,Yes,Yes,No,Yes,Yes,No,No,Yes,,
BrainTumor_04197.jpg,Yes,,,Yes,,No,Yes,,No,No,Yes
BrainTumor_04198.jpg,Yes,,,Yes,,Yes,,,Yes,,Yes
BrainTumor_04199.jpg,No,No,,,,,,No,Yes,,No
BrainTumor_04200.jpg,,No,Yes,,No,No,No,Yes,,No,Yes
BrainTumor_04201.jpg,Yes,,Yes,No,No,No,,,,,
BrainTumor_04202.jpg,No,Yes,No,No,No,Yes,,,Yes,No,Yes
BrainTumor_04203.jpg,,No,,Yes,Yes,Yes,No,No,No,Yes,Yes
BrainTumor_04204.jpg,,,Yes,No,Yes,No,,,Yes,No,Yes
BrainTumor_04205.jpg,Yes,No,,,No,Yes,Yes,,,Yes,Yes
BrainTumor_04206.jpg,,,Yes,No,No,,No,,No,No,Yes
BrainTumor_04207.jpg,No,,No,Yes,,No,Yes,Yes,,,
BrainTumor_04208.jpg,No,No,Yes,,Yes,,Yes,Yes,Yes,,Yes
BrainTumor_04209.jpg,No,Yes,,,Yes,No,,,,Yes,No
BrainTumor_04210.jpg,No,No,No,No,No,No,,,Yes,,No
BrainTumor_04211.jpg,Yes,No,No,No,No,,Yes,,No,No,
BrainTumor_04212.jpg,No,No,No,Yes,No,Yes,No,Yes,Yes,,
BrainTumor_04213.jpg,,,,Yes,Yes,Yes,No,No,No,Yes,
BrainTumor_04214.jpg,Yes,Yes,No,,No,No,Yes,,Yes,No,
BrainTumor_04215.jpg,,No,No,Yes,No,No,No,,No,Yes,Yes
BrainTumor_04216.jpg,Yes,,No,,No,,,Yes,,,Yes
BrainTumor_04217.jpg,,No,Yes,No,Yes,No,Yes,No,No,,No
BrainTumor_04218.jpg,Yes,No,Yes,No,No,Yes,Yes,,No,,
BrainTumor_04219.jpg,No,No,Yes,Yes,,No,,,No,,
BrainTumor_04220.jpg,No,Yes,Yes,,Yes,No,Yes,Yes,,,
BrainTumor_04221.jpg,No,,No,,,,Yes,,,Yes,
BrainTumor_04222.jpg,No,No,,No,No,,No,Yes,,,No
BrainTumor_04223.jpg,Yes,No,Yes,Yes,Yes,,Yes,Yes,,,Yes
BrainTumor_04224.jpg,Yes,No,,Yes,Yes,No,,,Yes,No,No
BrainTumor_04225.jpg,Yes,Yes,,,Yes,Yes,No,,No,,Yes
BrainTumor_04226.jpg,No,,Yes,No,Yes,Yes,Yes,,,Yes,No
BrainTumor_04227.jpg,,,,No,Yes,Yes,No,Yes,,Yes,No
BrainTumor_04228.jpg,,,No,Yes,,Yes,,,Yes,,Yes
BrainTumor_04229.jpg,Yes,No,,No,No,Yes,,,,No,No
BrainTumor_04230.jpg,,,,,No,No,Yes,,No,Yes,Yes
BrainTumor_04231.jpg,,No,,Yes,,No,,,Yes,No,Yes
BrainTumor_04232.jpg,No,No,Yes,Yes,Yes,,,Yes,No,No,
BrainTumor_04233.jpg,Yes,No,,Yes,,,No,,No,Yes,No
BrainTumor_04234.jpg,No,Yes,,Yes,No,No,,Yes,,Yes,Yes
BrainTumor_04235.jpg,,,,Yes,Yes,Yes,,No,,No,Yes
BrainTumor_04236.jpg,,No,Yes,,,Yes,,,No,Yes,No
BrainTumor_04237.jpg,No,Yes,No,No,,Yes,Yes,No,,No,No
BrainTumor_04238.jpg,,Yes,,Yes,,No,Yes,No,Yes,Yes,Yes
BrainTumor_04239.jpg,Yes,Yes,Yes,Yes,Yes,Yes,Yes,No,Yes,No,No
BrainTumor_04240.jpg,,Yes,Yes,Yes,No,No,Yes,No,,No,
BrainTumor_04241.jpg,No,,No,Yes,No,No,No,No,,,No
BrainTumor_04242.jpg,Yes,,Yes,Yes,No,No,Yes,,No,Yes,No
BrainTumor_04243.jpg,No,No,No,No,Yes,No,,,No,Yes,Yes
BrainTumor_04244.jpg,,No,,Yes,Yes,,Yes,No,,,No
BrainTumor_04245.jpg,No,Yes,No,,,Yes,Yes,,,No,
BrainTumor_04246.jpg,,,No,Yes,Yes,No,No,Yes,,,
BrainTumor_04247.jpg,Yes,No,Yes,,,,,Yes,Yes,Yes,
BrainTumor_04248.jpg,,Yes,Yes,Yes,No,No,No,Yes,Yes,No,
BrainTumor_04249.jpg,,Yes,No,,Yes,Yes,,Yes,No,,No
BrainTumor_04250.jpg,No,,Yes,,No,,No,No,Yes,No,No
BrainTumor_04251.jpg,,No,,,No,No,,,,,No
BrainTumor_04252.jpg,No,Yes,Yes,,No,Yes,No,,Yes,Yes,
BrainTumor_04253.jpg,,,,No,No,No,No,Yes,No,No,Yes
BrainTumor_04254.jpg,Yes,,No,Yes,,,Yes,Yes,Yes,Yes,No
BrainTumor_04255.jpg,No,Yes,,No,Yes,No,No,Yes,Yes,Yes,No
BrainTumor_04256.jpg,,Yes,No,Yes,No,No,Yes,,Yes,Yes,No
BrainTumor_04257.jpg,,Yes,No,Yes,No,No,,No,,,Yes
BrainTumor_04258.jpg,,Yes,No,,Yes,No,No,No,,Yes,No
BrainTumor_04259.jpg,No,,,,No,No,Yes,Yes,,,
BrainTumor_04260.jpg,,Yes,Yes,,,No,,Yes,Yes,Yes,Yes
BrainTumor_04261.jpg,,No,,,,Yes,No,,Yes,Yes,No
BrainTumor_04262.jpg,No,No,,Yes,,Yes,,,Yes,Yes,No
BrainTumor_04263.jpg,No,Yes,No,No,,,Yes,Yes,No,Yes,Yes
BrainTumor_04264.jpg,No,No,,Yes,Yes,,,No,,No,Yes
BrainTumor_04265.jpg,Yes,Yes,No,Yes,,,No,No,Yes,No,
BrainTumor_04266.jpg,Yes,Yes,No,No,,No,Yes,Yes,Yes,No,Yes
BrainTumor_04267.jpg,No,Yes,,Yes,No,No,No,Yes,Yes,No,No
BrainTumor_04268.jpg,No,Yes,,Yes,No,,No,No,Yes,Yes,Yes
BrainTumor_04269.jpg,No,,,No,Yes,,,Yes,Yes,,Yes
BrainTumor_04270.jpg,,No,Yes,Yes,No,No,No,Yes,,Yes,
BrainTumor_04271.jpg,,No,No,Yes,No,,No,Yes,No,Yes,
BrainTumor_04272.jpg,Yes,Yes,Yes,No,No,No,,No,Yes,,Yes
BrainTumor_04273.jpg,Yes,No,Yes,,,Yes,Yes,Yes,No,Yes,Yes
BrainTumor_04274.jpg,Yes,Yes,Yes,No,Yes,,,No,Yes,No,No
BrainTumor_04275.jpg,Yes,Yes,Yes,No,,,Yes,,Yes,No,Yes
BrainTumor_04276.jpg,,Yes,No,,No,,No,No,Yes,No,Yes
BrainTumor_04277.jpg,Yes,,,No,No,,No,,,No,
BrainTumor_04278.jpg,No,No,Yes,No,,No,Yes,No,Yes,,
BrainTumor_04279.jpg,Yes,,Yes,,No,,No,,No,No,
BrainTumor_04280.jpg,,No,Yes,Yes,Yes,,,,,,
BrainTumor_04281.jpg,Yes,Yes,,,Yes,Yes,No,,Yes,,Yes
BrainTumor_04282.jpg,,Yes,No,No,Yes,,No,Yes,No,Yes,Yes
BrainTumor_04283.jpg,,,No,Yes,Yes,,,,Yes,No,
BrainTumor_04284.jpg,No,No,Yes,,Yes,Yes,,No,No,,Yes
BrainTumor_04285.jpg,Yes,Yes,Yes,Yes,,,,Yes,No,No,
BrainTumor_04286.jpg,Yes,,Yes,Yes,,,Yes,No,No,Yes,
BrainTumor_04287.jpg,Yes,Yes,No,Yes,Yes,No,No,No,,Yes,
BrainTumor_04288.jpg,,,No,,Yes,No,Yes,,,No,No
BrainTumor_04289.jpg,No,,Yes,No,No,,,,,,
BrainTumor_04290.jpg,,,Yes,,Yes,,,Yes,No,,No
BrainTumor_04291.jpg,Yes,No,,,,Yes,No,Yes,,,
BrainTumor_04292.jpg,,No,,Yes,No,No,,,No,Yes,Yes
BrainTumor_04293.jpg,,No,Yes,No,No,Yes,No,Yes,,,No
BrainTumor_04294.jpg,,,Yes,Yes,,Yes,,,,Yes,
BrainTumor_04295.jpg,Yes,No,,Yes,Yes,,,,No,No,No
BrainTumor_04296.jpg,Yes,Yes,No,No,Yes,,No,Yes,,Yes,
BrainTumor_04297.jpg,,Yes,No,,,,,No,No,,No
BrainTumor_04298.jpg,No,No,No,No,,Yes,No,,No,Yes,Yes
BrainTumor_04299.jpg,Yes,,No,No,,No,,,,No,No
BrainTumor_04300.jpg,Yes,No,,Yes,No,No,No,,Yes,No,
BrainTumor_04301.jpg,,Yes,,Yes,,,No,,,Yes,No
BrainTumor_04302.jpg,No,,Yes,,,,Yes,Yes,No,No,Yes
BrainTumor_04303.jpg,,No,No,No,No,,,,No,Yes,No
BrainTumor_04304.jpg,,No,,Yes,Yes,No,,Yes,Yes,,No
BrainTumor_04305.jpg,,Yes,,No,No,Yes,,No,Yes,No,
BrainTumor_04306.jpg,,No,,No,No,Yes,,No,Yes,Yes,
BrainTumor_04307.jpg,,Yes,Yes,No,No,Yes,Yes,,Yes,Yes,Yes
BrainTumor_04308.jpg,Yes,,No,Yes,Yes,,,No,,,
BrainTumor_04309.jpg,No,Yes,No,Yes,Yes,No,,,No,,
BrainTumor_04310.jpg,Yes,Yes,,,,No,No,,No,Yes,Yes
BrainTumor_04311.jpg,,Yes,Yes,Yes,,No,No,,Yes,,Yes
BrainTumor_04312.jpg,No,No,No,No,,,,Yes,Yes,Yes,
BrainTumor_04313.jpg,Yes,,Yes,,,Yes,No,Yes,No,Yes,
BrainTumor_04314.jpg,,,No,No,No,No,No,No,Yes,No,
BrainTumor_04315.jpg,Yes,,,No,,Yes,No,,,Yes,Yes
BrainTumor_04316.jpg,,Yes,No,,,No,No,,,Yes,Yes
BrainTumor_04317.jpg,,No,No,,No,No,Yes,,Yes,,No
BrainTumor_04318.jpg,Yes,,No,Yes,Yes,No,No,,Yes,No,No
BrainTumor_04319.jpg,No,Yes,,Yes,No,Yes,,Yes,No,No,No
BrainTumor_04320.jpg,,Yes,Yes,,No,Yes,,Yes,Yes,Yes,No
BrainTumor_04321.jpg,No,No,Yes,No,No,Yes,,No,No,Yes,
BrainTumor_04322.jpg,,,No,Yes,No,,,Yes,No,Yes,Yes
BrainTumor_04323.jpg,No,No,,,No,,,Yes,Yes,,No
BrainTumor_04324.jpg,,Yes,,No,Yes,,No,Yes,No,No,Yes
BrainTumor_04325.jpg,,,Yes,No,No,,Yes,,,,Yes
BrainTumor_04326.jpg,,Yes,Yes,Yes,Yes,,No,Yes,,No,No
BrainTumor_04327.jpg,,Yes,No,,,No,No,Yes,,,
BrainTumor_04328.jpg,No,Yes,Yes,,No,No,No,,No,,No
BrainTumor_04329.jpg,No,Yes,,Yes,No,No,,Yes,,No,
BrainTumor_04330.jpg,Yes,Yes,Yes,Yes,No,No,,Yes,,No,Yes
BrainTumor_04331.jpg,Yes,,Yes,Yes,Yes,,No,Yes,Yes,,No
BrainTumor_04332.jpg,,No,No,Yes,,Yes,,,No,No,No
BrainTumor_04333.jpg,,Yes,Yes,Yes,Yes,No,No,Yes,,No,Yes
BrainTumor_04334.jpg,No,,Yes,No,,,,,No,Yes,
BrainTumor_04335.jpg,No,No,,No,Yes,No,,No,Yes,No,No
BrainTumor_04336.jpg,,Yes,No,,No,,,No,,,No
BrainTumor_04337.jpg,No,,Yes,Yes,,Yes,No,Yes,,,
BrainTumor_04338.jpg,No,Yes,Yes,,No,Yes,No,No,Yes,,
BrainTumor_04339.jpg,Yes,,Yes,,Yes,Yes,Yes,,Yes,,
BrainTumor_04340.jpg,,,No,Yes,,,No,Yes,,No,No
BrainTumor_04341.jpg,Yes,Yes,No,No,,Yes,No,No,No,No,No
BrainTumor_04342.jpg,,,,,,,No,,,Yes,No
BrainTumor_04343.jpg,No,,No,No,,Yes,Yes,,,,
BrainTumor_04344.jpg,Yes,,,Yes,No,No,,No,Yes,,Yes
BrainTumor_04345.jpg,No,,No,Yes,No,Yes,,Yes,Yes,No,Yes
BrainTumor_04346.jpg,No,No,,No,No,Yes,No,Yes,No,,
BrainTumor_04347.jpg,,,No,Yes,No,Yes,No,Yes,No,No,
BrainTumor_04348.jpg,No,,No,Yes,Yes,Yes,Yes,Yes,No,Yes,No
BrainTumor_04349.jpg,,No,Yes,Yes,,No,No,,,,
BrainTumor_04350.jpg,Yes,Yes,,,No,,Yes,No,,Yes,Yes
BrainTumor_04351.jpg,Yes,,,No,,,,Yes,No,No,No
BrainTumor_04352.jpg,,No,No,Yes,,,No,,No,,Yes
BrainTumor_04353.jpg,,Yes,Yes,No,,,Yes,No,Yes,,
BrainTumor_04354.jpg,No,Yes,No,Yes,,Yes,No,,No,,
BrainTumor_04355.jpg,Yes,No,,No,No,,No,Yes,,,No
BrainTumor_04356.jpg,No,,Yes,Yes,,Yes,,No,No,,No
BrainTumor_04357.jpg,No,No,,Yes,Yes,No,No,Yes,Yes,Yes,Yes
BrainTumor_04358.jpg,,No,,No,Yes,No,,No,No,Yes,No
BrainTumor_04359.jpg,,Yes,,No,Yes,,,Yes,,Yes,No
BrainTumor_04360.jpg,Yes,No,No,Yes,Yes,Yes,Yes,,Yes,Yes,No
BrainTumor_04361.jpg,No,No,Yes,Yes,No,No,No,No,Yes,No,
BrainTumor_04362.jpg,,No,,,Yes,No,No,,No,No,
BrainTumor_04363.jpg,No,No,Yes,No,No,,Yes,,Yes,No,No
BrainTumor_04364.jpg,No,Yes,Yes,Yes,,,,Yes,Yes,No,Yes
BrainTumor_04365.jpg,No,No,,Yes,Yes,No,Yes,Yes,No,No,Yes
BrainTumor_04366.jpg,No,,,No,,No,No,,No,No,
BrainTumor_04367.jpg,,No,,No,No,,Yes,,No,Yes,
BrainTumor_04368.jpg,No,,No,No,,No,Yes,,No,Yes,No
BrainTumor_04369.jpg,,,Yes,No,Yes,,Yes,,,,Yes
BrainTumor_04370.jpg,No,No,Yes,,No,No,Yes,,No,No,No
BrainTumor_04371.jpg,No,No,No,,,,No,,No,No,
BrainTumor_04372.jpg,,,Yes,Yes,No,,,,Yes,No,No
BrainTumor_04373.jpg,Yes,No,No,Yes,,,,Yes,No,No,Yes
BrainTumor_04374.jpg,Yes,No,No,,,No,No,,,No,Yes
BrainTumor_04375.jpg,No,Yes,Yes,Yes,,,Yes,No,,,
BrainTumor_04376.jpg,No,Yes,No,,Yes,Yes,Yes,Yes,No,Yes,No
BrainTumor_04377.jpg,,No,Yes,Yes,,No,No,,Yes,,No
BrainTumor_04378.jpg,No,,Yes,,No,,Yes,No,No,,No
BrainTumor_04379.jpg,Yes,,,Yes,No,No,Yes,,,,No
BrainTumor_04380.jpg,,No,,No,No,,Yes,No,Yes,No,
BrainTumor_04381.jpg,,Yes,Yes,,,,,Yes,Yes,No,No
BrainTumor_04382.jpg,Yes,No,Yes,No,,,,,,,No
BrainTumor_04383.jpg,No,No,,Yes,,,,,No,No,No
BrainTumor_04384.jpg,,Yes,Yes,No,,,,,Yes,No,
BrainTumor_04385.jpg,,,,No,,,,Yes,,Yes,Yes
BrainTumor_04386.jpg,No,,Yes,Yes,Yes,No,,No,No,,
BrainTumor_04387.jpg,No,,,No,Yes,No,,No,,No,Yes
BrainTumor_04388.jpg,Yes,Yes,Yes,Yes,No,Yes,,No,No,,No
BrainTumor_04389.jpg,No,Yes,Yes,,No,Yes,Yes,No,No,Yes,Yes
BrainTumor_04390.jpg,No,,Yes,Yes,No,,No,No,Yes,Yes,No
BrainTumor_04391.jpg,Yes,,,,No,No,No,Yes,Yes,Yes,No
BrainTumor_04392.jpg,No,No,Yes,,,,No,,,,Yes
BrainTumor_04393.jpg,Yes,Yes,Yes,Yes,Yes,Yes,,No,Yes,,
BrainTumor_04394.jpg,Yes,No,No,,Yes,No,,Yes,No,,
BrainTumor_04395.jpg,No,Yes,Yes,No,No,No,,Yes,Yes,No,No
BrainTumor_04396.jpg,,,No,Yes,No,Yes,Yes,,Yes,,
BrainTumor_04397.jpg,Yes,No,Yes,Yes,No,No,No,Yes,,,No
BrainTumor_04398.jpg,No,,,No,No,,Yes,No,Yes,No,
BrainTumor_04399.jpg,No,No,Yes,No,,No,Yes,Yes,No,No,No
BrainTumor_04400.jpg,Yes,No,No,Yes,Yes,,,No,No,No,No
BrainTumor_04401.jpg,Yes,Yes,Yes,,No,,No,No,,No,No
BrainTumor_04402.jpg,No,Yes,Yes,Yes,,Yes,No,No,,,Yes
BrainTumor_04403.jpg,No,,,No,Yes,No,No,Yes,Yes,Yes,
BrainTumor_04404.jpg,Yes,No,No,No,Yes,,,Yes,Yes,Yes,
BrainTumor_04405.jpg,No,,,Yes,,No,Yes,Yes,Yes,,No
BrainTumor_04406.jpg,,No,,,,,No,,Yes,,No
BrainTumor_04407.jpg,Yes,,No,,,,Yes,No,No,No,No
BrainTumor_04408.jpg,Yes,,,,No,Yes,No,No,No,No,No
BrainTumor_04409.jpg,Yes,,Yes,Yes,Yes,Yes,No,,,No,Yes
BrainTumor_04410.jpg,,No,No,No,Yes,No,No,,No,,No
BrainTumor_04411.jpg,,Yes,Yes,,Yes,,,,No,No,Yes
BrainTumor_04412.jpg,,Yes,Yes,,Yes,,,,,No,Yes
BrainTumor_04413.jpg,No,Yes,No,No,,Yes,Yes,Yes,Yes,Yes,Yes
BrainTumor_04414.jpg,,,Yes,No,Yes,,Yes,Yes,No,,
BrainTumor_04415.jpg,Yes,No,No,Yes,No,Yes,,,,,Yes
BrainTumor_04416.jpg,,Yes,,Yes,No,,Yes,Yes,No,Yes,No
BrainTumor_04417.jpg,Yes,Yes,Yes,No,Yes,No,,No,Yes,Yes,Yes
BrainTumor_04418.jpg,Yes,Yes,No,Yes,,Yes,Yes,,Yes,,Yes
BrainTumor_04419.jpg,No,Yes,No,No,,,No,Yes,Yes,Yes,
BrainTumor_04420.jpg,,No,Yes,Yes,No,Yes,,No,Yes,Yes,
BrainTumor_04421.jpg,,,No,No,No,No,,,,No,No
BrainTumor_04422.jpg,No,,,No,Yes,,No,Yes,,Yes,
BrainTumor_04423.jpg,,No,,Yes,,,,Yes,,No,Yes
BrainTumor_04424.jpg,No,,,,,,,No,No,No,
BrainTumor_04425.jpg,No,Yes,Yes,No,Yes,,,,No,No,No
BrainTumor_04426.jpg,No,No,,No,No,Yes,No,,Yes,No,Yes
BrainTumor_04427.jpg,,,,No,No,Yes,Yes,,No,No,
BrainTumor_04428.jpg,No,,Yes,Yes,,Yes,No,No,Yes,,Yes
BrainTumor_04429.jpg,Yes,No,,Yes,Yes,,,Yes,,No,
BrainTumor_04430.jpg,Yes,,Yes,No,Yes,,Yes,,No,,
BrainTumor_04431.jpg,Yes,,Yes,No,Yes,No,,,,,Yes
BrainTumor_04432.jpg,No,,No,Yes,,No,No,,,No,
BrainTumor_04433.jpg,,No,Yes,Yes,No,,No,Yes,Yes,,No
BrainTumor_04434.jpg,,Yes,,Yes,Yes,Yes,Yes,No,,No,Yes
BrainTumor_04435.jpg,,No,Yes,,Yes,Yes,,No,,Yes,No
BrainTumor_04436.jpg,,Yes,,,Yes,Yes,Yes,,Yes,,Yes
BrainTumor_04437.jpg,No,Yes,Yes,No,Yes,,No,No,Yes,No,No
BrainTumor_04438.jpg,,,No,Yes,Yes,Yes,Yes,,No,,
BrainTumor_04439.jpg,,Yes,No,,,Yes,Yes,No,No,Yes,Yes
BrainTumor_04440.jpg,,Yes,Yes,Yes,,Yes,No,Yes,Yes,Yes,
BrainTumor_04441.jpg,Yes,,Yes,Yes,Yes,Yes,,Yes,No,Yes,Yes
BrainTumor_04442.jpg,Yes,Yes,No,Yes,No,Yes,No,Yes,Yes,Yes,Yes
BrainTumor_04443.jpg,Yes,No,Yes,Yes,,No,Yes,No,Yes,Yes,No
BrainTumor_04444.jpg,,,No,No,No,,No,,Yes,,
BrainTumor_04445.jpg,No,No,Yes,Yes,No,,Yes,No,No,,
BrainTumor_04446.jpg,Yes,Yes,,,,,,No,No,,
BrainTumor_04447.jpg,Yes,Yes,Yes,Yes,No,,,Yes,,Yes,
BrainTumor_04448.jpg,,,,,,,Yes,,No,,
BrainTumor_04449.jpg,No,No,No,Yes,,No,Yes,,No,No,
BrainTumor_04450.jpg,Yes,,,,Yes,,,No,,No,
BrainTumor_04451.jpg,,Yes,,,No,Yes,,No,No,No,Yes
BrainTumor_04452.jpg,No,Yes,No,No,No,Yes,Yes,,Yes,No,Yes
BrainTumor_04453.jpg,No,No,No,Yes,Yes,No,,No,Yes,,
BrainTumor_04454.jpg,Yes,Yes,Yes,No,,Yes,,Yes,Yes,,No
BrainTumor_04455.jpg,,Yes,Yes,No,,,,No,Yes,No,Yes
BrainTumor_04456.jpg,No,,,No,Yes,No,,,,No,No
BrainTumor_04457.jpg,No,Yes,Yes,Yes,,,,,No,Yes,Yes
BrainTumor_04458.jpg,Yes,Yes,Yes,Yes,No,No,No,Yes,,Yes,
BrainTumor_04459.jpg,,Yes,,Yes,,Yes,,Yes,Yes,Yes,
BrainTumor_04460.jpg,,,No,Yes,,No,Yes,No,,Yes,
BrainTumor_04461.jpg,Yes,Yes,Yes,,,Yes,,,Yes,,
BrainTumor_04462.jpg,Yes,,,No,No,Yes,No,Yes,Yes,No,
BrainTumor_04463.jpg,No,No,No,Yes,No,Yes,No,,Yes,No,
BrainTumor_04464.jpg,,No,No,No,Yes,,No,No,No,Yes,No
BrainTumor_04465.jpg,No,,Yes,No,Yes,Yes,,,,Yes,No
BrainTumor_04466.jpg,No,Yes,No,Yes,,No,,Yes,,No,Yes
BrainTumor_04467.jpg,No,Yes,Yes,Yes,No,Yes,,,No,No,No
BrainTumor_04468.jpg,,Yes,Yes,,No,Yes,No,,No,No,
BrainTumor_04469.jpg,No,Yes,,No,Yes,Yes,,,Yes,,No
BrainTumor_04470.jpg,Yes,Yes,Yes,No,No,Yes,,Yes,,Yes,
BrainTumor_04471.jpg,,,Yes,No,,,No,No,,Yes,
BrainTumor_04472.jpg,No,,,,Yes,No,,Yes,No,,
BrainTumor_04473.jpg,,No,Yes,No,Yes,No,,Yes,Yes,Yes,
BrainTumor_04474.jpg,No,,Yes,No,Yes,,Yes,Yes,No,Yes,No
BrainTumor_04475.jpg,No,No,Yes,,Yes,,Yes,,No,No,No
BrainTumor_04476.jpg,,,,,Yes,No,,No,,Yes,
BrainTumor_04477.jpg,Yes,No,No,Yes,Yes,No,Yes,No,Yes,No,No
BrainTumor_04478.jpg,,Yes,,No,Yes,Yes,No,Yes,Yes,,Yes
BrainTumor_04479.jpg,,No,No,,No,,,Yes,Yes,Yes,Yes
BrainTumor_04480.jpg,Yes,Yes,Yes,,No,,Yes,Yes,,,
BrainTumor_04481.jpg,Yes,No,,Yes,No,,Yes,No,No,No,
BrainTumor_04482.jpg,Yes,Yes,No,,Yes,,Yes,,,Yes,
BrainTumor_04483.jpg,,Yes,No,Yes,Yes,Yes,Yes,,,Yes,Yes
BrainTumor_04484.jpg,,No,,,Yes,No,,Yes,No,No,
BrainTumor_04485.jpg,No,Yes,,No,Yes,No,No,Yes,,Yes,Yes
BrainTumor_04486.jpg,,No,No,No,Yes,Yes,No,Yes,,No,Yes
BrainTumor_04487.jpg,,Yes,,Yes,No,No,No,,Yes,Yes,
BrainTumor_04488.jpg,,,No,No,No,Yes,No,,,Yes,No
BrainTumor_04489.jpg,Yes,Yes,No,Yes,No,No,,Yes,,No,
BrainTumor_04490.jpg,Yes,No,Yes,No,No,No,Yes,No,Yes,,Yes
BrainTumor_04491.jpg,Yes,Yes,No,,Yes,,,Yes,Yes,Yes,No
BrainTumor_04492.jpg,,No,,No,,Yes,Yes,,No,No,
BrainTumor_04493.jpg,No,,No,,No,Yes,Yes,Yes,Yes,,Yes
BrainTumor_04494.jpg,Yes,Yes,,Yes,Yes,No,Yes,,No,,
BrainTumor_04495.jpg,Yes,No,Yes,Yes,No,Yes,Yes,Yes,No,,Yes
BrainTumor_04496.jpg,,,,,,Yes,Yes,No,No,Yes,
BrainTumor_04497.jpg,Yes,Yes,,Yes,Yes,No,No,,,Yes,Yes
BrainTumor_04498.jpg,Yes,No,,Yes,Yes,Yes,No,Yes,Yes,No,Yes
BrainTumor_04499.jpg,Yes,No,Yes,Yes,Yes,Yes,,Yes,No,No,
BrainTumor_04500.jpg,,,No,Yes,Yes,,Yes,Yes,,,Yes
BrainTumor_04501.jpg,Yes,No,Yes,,,Yes,No,No,No,,No
BrainTumor_04502.jpg,No,No,,Yes,Yes,Yes,No,Yes,No,No,Yes
BrainTumor_04503.jpg,Yes,,Yes,No,Yes,,,,,Yes,No
BrainTumor_04504.jpg,,,No,,,Yes,,No,No,Yes,No
BrainTumor_04505.jpg,No,Yes,No,,,,No,,Yes,No,No
BrainTumor_04506.jpg,,Yes,No,No,No,No,,No,No,,No
BrainTumor_04507.jpg,Yes,Yes,No,Yes,Yes,Yes,No,,No,No,No
BrainTumor_04508.jpg,No,No,Yes,No,No,No,No,No,Yes,Yes,Yes
BrainTumor_04509.jpg,,No,,Yes,No,Yes,No,Yes,,Yes,
BrainTumor_04510.jpg,No,No,No,Yes,Yes,Yes,No,,No,,Yes
BrainTumor_04511.jpg,,Yes,Yes,No,,,No,Yes,,,No
BrainTumor_04512.jpg,Yes,Yes,,,Yes,No,Yes,Yes,,,
BrainTumor_04513.jpg,Yes,,No,Yes,,No,No,Yes,Yes,No,Yes
BrainTumor_04514.jpg,Yes,Yes,Yes,Yes,,,,No,,Yes,Yes
BrainTumor_04515.jpg,No,Yes,,,Yes,No,,,,Yes,Yes
BrainTumor_04516.jpg,,No,No,Yes,Yes,,,Yes,No,,
BrainTumor_04517.jpg,No,,Yes,No,No,No,No,Yes,No,,No
BrainTumor_04518.jpg,Yes,No,Yes,No,,Yes,No,,Yes,,
BrainTumor_04519.jpg,No,,No,Yes,Yes,,Yes,,No,Yes,No
BrainTumor_04520.jpg,Yes,Yes,Yes,,No,Yes,Yes,No,,No,No
BrainTumor_04521.jpg,No,,No,,,,,No,,No,Yes
BrainTumor_04522.jpg,No,,,,No,No,,No,Yes,Yes,No
BrainTumor_04523.jpg,,Yes,No,,Yes,,No,Yes,No,No,
BrainTumor_04524.jpg,No,Yes,Yes,,Yes,,Yes,Yes,,No,
BrainTumor_04525.jpg,Yes,,No,Yes,No,,,,Yes,No,Yes
BrainTumor_04526.jpg,,No,No,,Yes,Yes,No,,No,,
BrainTumor_04527.jpg,No,,No,No,No,,No,,Yes,No,Yes
BrainTumor_04528.jpg,No,No,No,No,No,No,No,Yes,,,Yes
BrainTumor_04529.jpg,Yes,Yes,,,Yes,No,No,,Yes,Yes,Yes
BrainTumor_04530.jpg,No,No,,,Yes,Yes,No,No,No,,Yes
BrainTumor_04531.jpg,No,,,,,No,Yes,Yes,,No,Yes
BrainTumor_04532.jpg,No,,Yes,No,Yes,No,,No,Yes,No,Yes
BrainTumor_04533.jpg,No,No,No,,No,Yes,No,No,Yes,,
BrainTumor_04534.jpg,,Yes,No,No,,Yes,,No,,No,
BrainTumor_04535.jpg,Yes,Yes,,No,,Yes,,Yes,Yes,No,No
BrainTumor_04536.jpg,Yes,No,No,Yes,Yes,,Yes,No,Yes,No,No
BrainTumor_04537.jpg,,,No,Yes,Yes,,No,,,No,Yes
BrainTumor_04538.jpg,,No,No,No,Yes,,No,Yes,Yes,,Yes
BrainTumor_04539.jpg,No,,No,Yes,Yes,Yes,,No,,No,No
BrainTumor_04540.jpg,,,Yes,Yes,No,,,Yes,Yes,No,
BrainTumor_04541.jpg,Yes,,No,Yes,,,No,,Yes,Yes,No
BrainTumor_04542.jpg,No,Yes,,,Yes,Yes,No,,No,,Yes
BrainTumor_04543.jpg,No,Yes,,,Yes,Yes,Yes,No,,No,Yes
BrainTumor_04544.jpg,No,Yes,No,,No,No,No,Yes,,,No
BrainTumor_04545.jpg,Yes,Yes,No,No,Yes,,,Yes,No,Yes,Yes
BrainTumor_04546.jpg,Yes,Yes,Yes,Yes,Yes,Yes,,No,Yes,No,
BrainTumor_04547.jpg,No,No,No,Yes,Yes,No,,,No,,Yes
BrainTumor_04548.jpg,No,,,,Yes,No,,No,,No,No
BrainTumor_04549.jpg,,Yes,No,,,Yes,No,No,,,No
BrainTumor_04550.jpg,No,,,No,Yes,No,,Yes,No,Yes,
BrainTumor_04551.jpg,,No,Yes,,No,No,Yes,,No,Yes,Yes
BrainTumor_04552.jpg,Yes,Yes,,No,,,Yes,Yes,No,,
BrainTumor_04553.jpg,Yes,No,No,,Yes,No,No,No,Yes,No,No
BrainTumor_04554.jpg,,No,Yes,,No,No,No,No,,,No
BrainTumor_04555.jpg,No,,No,No,No,,No,No,,Yes,No
BrainTumor_04556.jpg,Yes,Yes,No,No,No,Yes,Yes,,Yes,No,Yes
BrainTumor_04557.jpg,,No,,No,Yes,No,Yes,No,No,Yes,Yes
BrainTumor_04558.jpg,Yes,Yes,No,,Yes,No,,Yes,No,No,No
BrainTumor_04559.jpg,Yes,Yes,No,No,,No,,,,No,Yes
BrainTumor_04560.jpg,Yes,,Yes,Yes,Yes,,No,,No,Yes,Yes
BrainTumor_04561.jpg,Yes,,,,Yes,Yes,Yes,,Yes,,Yes
BrainTumor_04562.jpg,Yes,No,No,,No,No,,Yes,No,No,Yes
BrainTumor_04563.jpg,Yes,Yes,,,No,Yes,No,Yes,No,No,
BrainTumor_04564.jpg,Yes,Yes,Yes,Yes,,No,Yes,No,Yes,No,No
BrainTumor_04565.jpg,,Yes,No,Yes,,,Yes,No,,No,No
BrainTumor_04566.jpg,Yes,,No,,Yes,No,Yes,,,,Yes
BrainTumor_04567.jpg,,,No,Yes,Yes,,,No,,Yes,
BrainTumor_04568.jpg,Yes,No,Yes,Yes,Yes,Yes,,,Yes,,No
BrainTumor_04569.jpg,No,,Yes,Yes,No,,Yes,,Yes,Yes,Yes
BrainTumor_04570.jpg,No,Yes,Yes,No,No,No,Yes,Yes,,Yes,Yes
BrainTumor_04571.jpg,No,No,Yes,Yes,Yes,Yes,No,No,Yes,No,Yes
BrainTumor_04572.jpg,Yes,,Yes,No,,No,,Yes,Yes,Yes,No
BrainTumor_04573.jpg,No,No,Yes,No,,No,,Yes,,No,Yes
BrainTumor_04574.jpg,,,Yes,Yes,Yes,Yes,,,,Yes,Yes
BrainTumor_04575.jpg,,No,No,,No,,,Yes,,,
BrainTumor_04576.jpg,Yes,Yes,No,Yes,No,No,,Yes,Yes,Yes,
BrainTumor_04577.jpg,No,Yes,No,No,Yes,No,,,,No,Yes
BrainTumor_04578.jpg,Yes,Yes,,No,No,,No,Yes,Yes,Yes,No
BrainTumor_04579.jpg,Yes,No,,,Yes,No,,,No,Yes,
BrainTumor_04580.jpg,No,,No,,Yes,No,No,Yes,Yes,Yes,No
BrainTumor_04581.jpg,,Yes,Yes,Yes,,,No,Yes,Yes,,
BrainTumor_04582.jpg,,,,No,,No,No,,Yes,Yes,Yes
BrainTumor_04583.jpg,Yes,,Yes,No,Yes,Yes,Yes,,Yes,,Yes
BrainTumor_04584.jpg,,,Yes,Yes,,Yes,Yes,,,No,
BrainTumor_04585.jpg,No,,,No,,,,Yes,,Yes,
BrainTumor_04586.jpg,No,No,,Yes,,,No,No,Yes,Yes,No
BrainTumor_04587.jpg,No,No,Yes,No,Yes,No,Yes,,Yes,No,
BrainTumor_04588.jpg,No,Yes,No,,,,No,Yes,Yes,,
BrainTumor_04589.jpg,No,Yes,Yes,No,Yes,No,Yes,Yes,Yes,No,No
BrainTumor_04590.jpg,,Yes,No,,No,No,No,Yes,,,Yes
BrainTumor_04591.jpg,No,Yes,No,No,No,,No,No,No,No,
BrainTumor_04592.jpg,Yes,,,Yes,Yes,Yes,Yes,No,Yes,,
BrainTumor_04593.jpg,,No,No,No,No,Yes,,,Yes,,Yes
BrainTumor_04594.jpg,,Yes,,,No,,No,No,No,,No
BrainTumor_04595.jpg,No,Yes,,,,No,No,Yes,No,No,
BrainTumor_04596.jpg,No,No,No,,Yes,No,Yes,No,,No,No
BrainTumor_04597.jpg,Yes,Yes,Yes,,,,No,,No,Yes,Yes
BrainTumor_04598.jpg,,,,No,Yes,,,No,,,No
BrainTumor_04599.jpg,Yes,No,,,,Yes,Yes,,Yes,Yes,No
BrainTumor_04600.jpg,Yes,No,Yes,Yes,Yes,,Yes,No,Yes,,Yes
BrainTumor_04601.jpg,,Yes,No,,Yes,,,No,No,Yes,Yes
BrainTumor_04602.jpg,,Yes,Yes,,,No,Yes,No,,Yes,No
BrainTumor_04603.jpg,,No,No,,No,No,Yes,Yes,,No,
BrainTumor_04604.jpg,No,,,Yes,No,,No,Yes,No,Yes,
BrainTumor_04605.jpg,,Yes,,Yes,No,No,No,Yes,No,,No
BrainTumor_04606.jpg,,,Yes,,No,,,,,Yes,
BrainTumor_04607.jpg,Yes,No,,Yes,Yes,Yes,,No,No,Yes,No
BrainTumor_04608.jpg,Yes,Yes,Yes,,No,No,No,Yes,,,Yes
BrainTumor_04609.jpg,,,Yes,Yes,,,,Yes,,,No
BrainTumor_04610.jpg,No,No,No,,No,No,No,Yes,,,Yes
BrainTumor_04611.jpg,No,No,Yes,No,No,No,Yes,No,No,,Yes
BrainTumor_04612.jpg,,No,No,,Yes,No,Yes,No,,,Yes
BrainTumor_04613.jpg,,No,Yes,Yes,,Yes,No,No,Yes,Yes,Yes
BrainTumor_04614.jpg,Yes,,Yes,,Yes,,,,,,
BrainTumor_04615.jpg,,Yes,No,No,Yes,Yes,No,,Yes,Yes,No
BrainTumor_04616.jpg,,Yes,Yes,,No,,Yes,,,No,Yes
BrainTumor_04617.jpg,No,Yes,Yes,No,No,,Yes,Yes,Yes,Yes,No
BrainTumor_04618.jpg,No,Yes,Yes,Yes,,Yes,,No,No,,
BrainTumor_04619.jpg,Yes,,No,Yes,,Yes,Yes,No,Yes,No,
BrainTumor_04620.jpg,,Yes,No,,Yes,,No,,,Yes,
BrainTumor_04621.jpg,,No,No,,No,No,,Yes,Yes,,
BrainTumor_04622.jpg,Yes,No,Yes,,,Yes,,No,,No,
BrainTumor_04623.jpg,Yes,,,,No,Yes,No,No,,Yes,
BrainTumor_04624.jpg,No,,,Yes,No,Yes,No,Yes,Yes,No,Yes
BrainTumor_04625.jpg,No,Yes,No,,No,,,,No,No,No
BrainTumor_04626.jpg,Yes,Yes,,,,No,No,No,No,No,No
BrainTumor_04627.jpg,,No,,,,,,Yes,No,No,No
BrainTumor_04628.jpg,,No,,No,,Yes,No,Yes,,No,Yes
BrainTumor_04629.jpg,,Yes,,,No,,,Yes,Yes,Yes,No
BrainTumor_04630.jpg,No,No,Yes,,No,,Yes,Yes,No,Yes,Yes
BrainTumor_04631.jpg,No,,,No,Yes,No,,Yes,No,,No
BrainTumor_04632.jpg,Yes,Yes,,No,No,,,No,,,No
BrainTumor_04633.jpg,No,No,Yes,,,,Yes,No,,,
BrainTumor_04634.jpg,No,No,Yes,Yes,,Yes,No,No,Yes,,No
BrainTumor_04635.jpg,,,Yes,,No,No,,,No,No,Yes
BrainTumor_04636.jpg,,No,Yes,No,No,Yes,Yes,Yes,Yes,Yes,Yes
BrainTumor_04637.jpg,No,,Yes,,,No,Yes,,Yes,Yes,
BrainTumor_04638.jpg,Yes,,Yes,Yes,,,,No,Yes,No,No
BrainTumor_04639.jpg,Yes,No,No,Yes,No,,,No,,,
BrainTumor_04640.jpg,No,,,,No,No,Yes,Yes,No,Yes,No
BrainTumor_04641.jpg,No,No,Yes,Yes,No,,No,,Yes,,Yes
BrainTumor_04642.jpg,No,Yes,Yes,Yes,Yes,Yes,Yes,Yes,Yes,No,No
BrainTumor_04643.jpg,Yes,,,,Yes,Yes,Yes,,Yes,No,Yes
BrainTumor_04644.jpg,,Yes,,Yes,,Yes,No,Yes,,Yes,No
BrainTumor_04645.jpg,,No,,No,No,,Yes,,Yes,,
BrainTumor_04646.jpg,,No,,No,No,,No,,No,Yes,
BrainTumor_04647.jpg,,Yes,,Yes,,No,,Yes,,No,
BrainTumor_04648.jpg,Yes,No,,,No,Yes,Yes,Yes,,Yes,
BrainTumor_04649.jpg,No,No,,Yes,,Yes,Yes,,,,Yes
BrainTumor_04650.jpg,Yes,No,,No,,No,No,No,No,Yes,Yes
BrainTumor_04651.jpg,,Yes,No,,,No,,,,No,
BrainTumor_04652.jpg,Yes,Yes,No,,Yes,No,Yes,No,Yes,Yes,
BrainTumor_04653.jpg,No,,No,Yes,Yes,No,,,,Yes,Yes
BrainTumor_04654.jpg,,,,No,No,,,No,Yes,Yes,Yes
BrainTumor_04655.jpg,Yes,,Yes,No,,Yes,No,,No,No,
BrainTumor_04656.jpg,Yes,,No,Yes,,,No,Yes,,,No
BrainTumor_04657.jpg,,,,,No,No,No,Yes,No,Yes,No
BrainTumor_04658.jpg,No,,No,Yes,No,No,No,No,Yes,,No
BrainTumor_04659.jpg,No,,,No,No,,,No,Yes,No,Yes
BrainTumor_04660.jpg,,Yes,No,No,Yes,No,Yes,No,Yes,No,No
BrainTumor_04661.jpg,,,,,Yes,,,No,Yes,No,Yes
BrainTumor_04662.jpg,No,,No,No,Yes,,,No,No,,No
BrainTumor_04663.jpg,,Yes,,No,Yes,No,No,No,,No,Yes
BrainTumor_04664.jpg,No,Yes,Yes,,,No,Yes,,No,No,Yes
BrainTumor_04665.jpg,,Yes,,Yes,,No,No,No,Yes,No,
BrainTumor_04666.jpg,,No,Yes,No,No,No,Yes,No,No,,Yes
BrainTumor_04667.jpg,No,,Yes,,,No,,,No,Yes,
BrainTumor_04668.jpg,,,No,Yes,Yes,No,,,Yes,No,
BrainTumor_04669.jpg,,No,,,,,,Yes,No,Yes,Yes
BrainTumor_04670.jpg,No,Yes,No,Yes,Yes,,Yes,No,Yes,No,
BrainTumor_04671.jpg,No,No,No,,,,,Yes,No,Yes,No
BrainTumor_04672.jpg,,No,Yes,,,No,No,Yes,,,
BrainTumor_04673.jpg,,,No,,,Yes,No,,No,Yes,Yes
BrainTumor_04674.jpg,No,No,Yes,Yes,No,,No,Yes,Yes,No,
BrainTumor_04675.jpg,No,Yes,No,No,,No,Yes,,Yes,,No
BrainTumor_04676.jpg,No,,Yes,Yes,No,Yes,No,No,No,Yes,Yes
BrainTumor_04677.jpg,,Yes,Yes,,Yes,,No,Yes,Yes,,No
BrainTumor_04678.jpg,,Yes,No,,Yes,No,No,No,No,Yes,
BrainTumor_04679.jpg,Yes,Yes,,No,No,,Yes,Yes,Yes,Yes,No
BrainTumor_04680.jpg,Yes,No,Yes,Yes,No,,Yes,Yes,Yes,Yes,Yes
BrainTumor_04681.jpg,No,,No,Yes,Yes,No,,No,Yes,Yes,Yes
BrainTumor_04682.jpg,Yes,,Yes,,No,Yes,Yes,No,No,No,
BrainTumor_04683.jpg,,,No,No,,,Yes,,No,No,Yes
BrainTumor_04684.jpg,Yes,,Yes,,No,,No,,Yes,,No
BrainTumor_04685.jpg,Yes,Yes,Yes,,Yes,No,Yes,Yes,Yes,Yes,
BrainTumor_04686.jpg,Yes,Yes,No,,Yes,No,Yes,No,No,Yes,
BrainTumor_04687.jpg,,Yes,Yes,,No,No,Yes,Yes,Yes,Yes,Yes
BrainTumor_04688.jpg,,,,No,No,,,,Yes,No,
BrainTumor_04689.jpg,No,Yes,No,No,No,Yes,Yes,Yes,Yes,Yes,No
BrainTumor_04690.jpg,No,,Yes,,No,Yes,Yes,Yes,,Yes,No
BrainTumor_04691.jpg,Yes,Yes,,,Yes,No,Yes,No,Yes,Yes,No
BrainTumor_04692.jpg,No,Yes,No,No,No,Yes,Yes,,No,No,
BrainTumor_04693.jpg,Yes,Yes,No,,No,,,No,Yes,,Yes
BrainTumor_04694.jpg,,,,No,Yes,No,No,No,No,No,
BrainTumor_04695.jpg,,No,Yes,Yes,Yes,,No,No,No,,No
BrainTumor_04696.jpg,,Yes,No,Yes,No,Yes,No,No,,No,Yes
BrainTumor_04697.jpg,No,Yes,No,No,Yes,No,No,,No,,
BrainTumor_04698.jpg,Yes,Yes,No,,No,Yes,Yes,Yes,Yes,,Yes
BrainTumor_04699.jpg,Yes,No,No,No,No,,Yes,,Yes,No,Yes
BrainTumor_04700.jpg,Yes,Yes,No,No,No,Yes,No,No,No,,Yes
BrainTumor_04701.jpg,,No,,,Yes,,No,,No,Yes,
BrainTumor_04702.jpg,No,,No,No,No,No,No,,No,,
BrainTumor_04703.jpg,Yes,Yes,,Yes,,,No,No,Yes,,Yes
BrainTumor_04704.jpg,,,,,,,No,No,,No,
BrainTumor_04705.jpg,Yes,No,,No,No,No,,Yes,,No,
BrainTumor_04706.jpg,Yes,No,,Yes,No,,No,,No,No,Yes
BrainTumor_04707.jpg,Yes,,Yes,,,No,No,No,Yes,No,Yes
BrainTumor_04708.jpg,No,Yes,,,,No,No,No,Yes,,No
BrainTumor_04709.jpg,Yes,No,No,,,,,No,,No,No
BrainTumor_04710.jpg,Yes,No,No,Yes,Yes,Yes,Yes,Yes,No,No,
BrainTumor_04711.jpg,Yes,Yes,No,No,,,No,,No,,No
BrainTumor_04712.jpg,No,,Yes,No,,No,Yes,,No,Yes,No
BrainTumor_04713.jpg,Yes,,Yes,Yes,Yes,Yes,No,Yes,,No,Yes
BrainTumor_04714.jpg,Yes,Yes,,Yes,No,,Yes,Yes,Yes,,No
BrainTumor_04715.jpg,,,No,,,Yes,,No,No,No,No
BrainTumor_04716.jpg,,Yes,Yes,Yes,,No,,No,Yes,Yes,No
BrainTumor_04717.jpg,No,Yes,Yes,,,Yes,Yes,,No,,
BrainTumor_04718.jpg,,No,No,Yes,No,,No,Yes,No,No,
BrainTumor_04719.jpg,Yes,,No,Yes,Yes,No,No,,Yes,No,No
BrainTumor_04720.jpg,,No,No,,,,No,Yes,Yes,No,
BrainTumor_04721.jpg,No,Yes,,,,,Yes,No,Yes,Yes,
BrainTumor_04722.jpg,No,No,,No,No,,,No,,No,Yes
BrainTumor_04723.jpg,Yes,,,,,,No,No,,,No
BrainTumor_04724.jpg,Yes,Yes,No,No,No,,Yes,Yes,,No,No
BrainTumor_04725.jpg,No,,,Yes,No,,No,No,No,Yes,No
BrainTumor_04726.jpg,,No,,No,Yes,Yes,No,Yes,No,,
BrainTumor_04727.jpg,,No,Yes,No,Yes,Yes,No,No,Yes,,
BrainTumor_04728.jpg,Yes,,Yes,,,No,Yes,,,Yes,No
BrainTumor_04729.jpg,Yes,Yes,Yes,Yes,,Yes,,,,Yes,
BrainTumor_04730.jpg,Yes,No,,Yes,,,No,No,No,No,
BrainTumor_04731.jpg,No,,,,No,No,No,,,No,Yes
BrainTumor_04732.jpg,,No,Yes,No,Yes,No,Yes,Yes,,No,No
BrainTumor_04733.jpg,,No,,No,No,No,,,No,Yes,Yes
BrainTumor_04734.jpg,Yes,Yes,,No,No,Yes,,No,,,No
BrainTumor_04735.jpg,Yes,,,Yes,No,Yes,No,Yes,Yes,Yes,
BrainTumor_04736.jpg,No,,,No,Yes,Yes,Yes,Yes,Yes,,Yes
BrainTumor_04737.jpg,Yes,No,No,,No,Yes,,No,Yes,No,Yes
BrainTumor_04738.jpg,Yes,No,,Yes,Yes,,Yes,No,No,,
BrainTumor_04739.jpg,No,Yes,,Yes,,Yes,,No,Yes,No,Yes
BrainTumor_04740.jpg,No,No,No,No,No,,No,No,,Yes,
BrainTumor_04741.jpg,No,No,Yes,No,,Yes,No,,Yes,,Yes
BrainTumor_04742.jpg,No,,No,Yes,,,No,No,No,Yes,Yes
BrainTumor_04743.jpg,Yes,Yes,No,No,,Yes,No,,,No,No
BrainTumor_04744.jpg,No,,Yes,,Yes,No,,No,,No,Yes
BrainTumor_04745.jpg,,Yes,,No,Yes,No,No,,,No,No
BrainTumor_04746.jpg,Yes,No,,Yes,,Yes,No,No,,No,No
BrainTumor_04747.jpg,Yes,Yes,No,No,No,No,Yes,No,No,No,No
BrainTumor_04748.jpg,No,,Yes,No,,Yes,,No,No,,
BrainTumor_04749.jpg,Yes,,Yes,No,,,No,No,Yes,Yes,No
BrainTumor_04750.jpg,Yes,Yes,No,,Yes,Yes,No,No,No,No,Yes
BrainTumor_04751.jpg,No,Yes,,,No,Yes,,No,,No,
BrainTumor_04752.jpg,No,Yes,,No,No,,Yes,Yes,No,Yes,
BrainTumor_04753.jpg,,,No,Yes,Yes,Yes,No,No,,,No
BrainTumor_04754.jpg,No,No,,Yes,Yes,Yes,No,Yes,No,Yes,No
BrainTumor_04755.jpg,No,,,,Yes,No,,Yes,Yes,No,No
BrainTumor_04756.jpg,Yes,No,Yes,,No,,,No,,Yes,Yes
BrainTumor_04757.jpg,,Yes,No,Yes,Yes,,No,Yes,Yes,Yes,No
BrainTumor_04758.jpg,,Yes,No,No,Yes,No,Yes,Yes,Yes,,
BrainTumor_04759.jpg,No,,Yes,No,,Yes,No,,Yes,Yes,No
BrainTumor_04760.jpg,Yes,Yes,No,No,No,No,Yes,No,Yes,No,Yes
BrainTumor_04761.jpg,No,,Yes,No,Yes,,,Yes,,Yes,Yes
BrainTumor_04762.jpg,No,Yes,No,,Yes,,,,,Yes,Yes
BrainTumor_04763.jpg,Yes,,,No,Yes,No,,Yes,No,Yes,No
BrainTumor_04764.jpg,Yes,,Yes,No,No,No,No,Yes,Yes,,
BrainTumor_04765.jpg,,No,No,,No,No,No,No,No,Yes,
BrainTumor_04766.jpg,,Yes,Yes,,No,Yes,No,Yes,No,,
BrainTumor_04767.jpg,No,,Yes,No,,,No,Yes,,Yes,No
BrainTumor_04768.jpg,Yes,,No,No,No,No,,Yes,No,Yes,No
BrainTumor_04769.jpg,No,Yes,No,Yes,No,Yes,No,No,,,No
BrainTumor_04770.jpg,Yes,,,,No,,,Yes,No,No,Yes
BrainTumor_04771.jpg,No,No,,,No,No,,No,No,Yes,No
BrainTumor_04772.jpg,No,No,Yes,Yes,,Yes,Yes,Yes,No,No,Yes
BrainTumor_04773.jpg,,,Yes,Yes,,,,No,,Yes,No
BrainTumor_04774.jpg,Yes,No,No,No,,No,No,Yes,Yes,,
BrainTumor_04775.jpg,Yes,No,,No,Yes,No,,Yes,,Yes,No
BrainTumor_04776.jpg,No,,Yes,No,,,,No,Yes,,No
BrainTumor_04777.jpg,Yes,,No,No,No,No,,Yes,Yes,,Yes
BrainTumor_04778.jpg,Yes,Yes,Yes,,,Yes,,Yes,Yes,No,No
BrainTumor_04779.jpg,No,Yes,Yes,No,Yes,,Yes,No,,Yes,No
BrainTumor_04780.jpg,,No,Yes,,Yes,,,No,,Yes,Yes
BrainTumor_04781.jpg,,,No,No,,,Yes,No,,,No
BrainTumor_04782.jpg,No,Yes,Yes,No,Yes,No,No,,No,Yes,Yes
BrainTumor_04783.jpg,,,No,No,,,No,No,Yes,,No
BrainTumor_04784.jpg,No,No,No,No,No,No,No,Yes,,No,No
BrainTumor_04785.jpg,Yes,Yes,No,No,No,,,,Yes,,
BrainTumor_04786.jpg,No,Yes,,No,No,Yes,,No,Yes,Yes,Yes
BrainTumor_04787.jpg,No,Yes,Yes,No,,Yes,Yes,Yes,Yes,Yes,Yes
BrainTumor_04788.jpg,No,,No,,No,No,No,No,,Yes,No
BrainTumor_04789.jpg,No,,Yes,,Yes,Yes,,No,,,Yes
BrainTumor_04790.jpg,No,,Yes,No,,No,Yes,,,Yes,No
BrainTumor_04791.jpg,No,Yes,,No,,No,Yes,Yes,,Yes,No
BrainTumor_04792.jpg,Yes,Yes,,No,No,No,No,Yes,Yes,No,
BrainTumor_04793.jpg,No,No,No,,No,,,No,No,No,Yes
BrainTumor_04794.jpg,,Yes,Yes,Yes,,No,Yes,Yes,,,Yes
BrainTumor_04795.jpg,No,,Yes,Yes,Yes,No,Yes,Yes,Yes,No,Yes
BrainTumor_04796.jpg,Yes,,Yes,No,Yes,,,No,,,No
BrainTumor_04797.jpg,,Yes,Yes,,,,,,Yes,,Yes
BrainTumor_04798.jpg,No,Yes,No,No,,Yes,,Yes,,,No
BrainTumor_04799.jpg,Yes,,Yes,No,Yes,Yes,No,No,,,Yes
BrainTumor_04800.jpg,Yes,No,No,,,No,,Yes,No,Yes,Yes
BrainTumor_04801.jpg,No,Yes,No,No,,Yes,Yes,No,,No,Yes
BrainTumor_04802.jpg,Yes,No,No,,No,Yes,Yes,No,Yes,No,Yes
BrainTumor_04803.jpg,Yes,Yes,No,,Yes,Yes,,No,Yes,No,No
BrainTumor_04804.jpg,No,Yes,No,No,,Yes,,Yes,No,,Yes
BrainTumor_04805.jpg,Yes,Yes,No,No,,No,Yes,Yes,Yes,,
BrainTumor_04806.jpg,Yes,,Yes,No,,No,Yes,Yes,,No,
BrainTumor_04807.jpg,Yes,No,No,,No,,,Yes,,,
BrainTumor_04808.jpg,,Yes,No,Yes,,Yes,,,No,Yes,No
BrainTumor_04809.jpg,No,No,Yes,,Yes,No,Yes,No,No,Yes,Yes
BrainTumor_04810.jpg,,No,Yes,No,No,No,,,Yes,Yes,Yes
BrainTumor_04811.jpg,,No,No,,No,,No,,,,Yes
BrainTumor_04812.jpg,,Yes,Yes,Yes,,No,,Yes,Yes,,
BrainTumor_04813.jpg,Yes,Yes,No,No,Yes,Yes,No,Yes,No,,Yes
BrainTumor_04814.jpg,Yes,,Yes,,Yes,Yes,No,Yes,,Yes,
BrainTumor_04815.jpg,,,Yes,,,No,No,,No,No,No
BrainTumor_04816.jpg,No,,,Yes,,No,No,No,No,No,
BrainTumor_04817.jpg,,No,Yes,No,No,Yes,,No,Yes,Yes,Yes
BrainTumor_04818.jpg,,Yes,No,,No,No,No,Yes,No,,Yes
BrainTumor_04819.jpg,,No,Yes,,,No,Yes,,Yes,Yes,Yes
BrainTumor_04820.jpg,No,,No,,No,,Yes,,No,,
BrainTumor_04821.jpg,Yes,No,,,,Yes,Yes,Yes,Yes,Yes,
BrainTumor_04822.jpg,,Yes,No,Yes,Yes,Yes,,,,Yes,Yes
BrainTumor_04823.jpg,Yes,,Yes,Yes,,,,Yes,Yes,,Yes
BrainTumor_04824.jpg,Yes,Yes,,No,Yes,Yes,,No,No,Yes,No
BrainTumor_04825.jpg,,No,,No,Yes,,,,,,
BrainTumor_04826.jpg,Yes,Yes,No,No,,Yes,No,,,,Yes
BrainTumor_04827.jpg,Yes,Yes,,,Yes,Yes,Yes,Yes,,No,No
BrainTumor_04828.jpg,Yes,,,Yes,,Yes,,No,No,Yes,No
BrainTumor_04829.jpg,No,,,,No,No,Yes,Yes,No,No,No
BrainTumor_04830.jpg,Yes,Yes,Yes,No,No,,,Yes,,Yes,Yes
BrainTumor_04831.jpg,No,,Yes,Yes,No,Yes,,No,,No,Yes
BrainTumor_04832.jpg,No,,No,,,,,Yes,Yes,,No
BrainTumor_04833.jpg,,Yes,,,,Yes,No,,,Yes,No
BrainTumor_04834.jpg,Yes,Yes,,Yes,,No,No,No,,,
BrainTumor_04835.jpg,Yes,No,No,,,,Yes,,Yes,,Yes
BrainTumor_04836.jpg,Yes,No,,No,Yes,No,No,,Yes,Yes,No
BrainTumor_04837.jpg,No,No,No,Yes,,No,No,No,Yes,Yes,
BrainTumor_04838.jpg,,Yes,,No,No,,Yes,No,,Yes,No
BrainTumor_04839.jpg,Yes,,,Yes,Yes,Yes,,,No,,No
BrainTumor_04840.jpg,Yes,Yes,No,Yes,Yes,No,,,No,,Yes
BrainTumor_04841.jpg,,No,No,No,Yes,Yes,No,Yes,Yes,,No
BrainTumor_04842.jpg,No,,,No,Yes,No,No,Yes,Yes,Yes,
BrainTumor_04843.jpg,No,No,,,No,,No,No,,Yes,Yes
BrainTumor_04844.jpg,No,Yes,No,,Yes,Yes,Yes,,Yes,Yes,
BrainTumor_04845.jpg,Yes,No,Yes,,,No,,,,,
BrainTumor_04846.jpg,Yes,No,Yes,Yes,,,No,Yes,Yes,,Yes
BrainTumor_04847.jpg,No,Yes,Yes,No,Yes,No,No,,,No,Yes
BrainTumor_04848.jpg,Yes,No,,Yes,No,No,,No,No,No,No
BrainTumor_04849.jpg,,,No,No,Yes,,,No,Yes,,
BrainTumor_04850.jpg,No,,No,,No,Yes,No,,No,,No
BrainTumor_04851.jpg,No,No,Yes,,No,No,No,,No,No,Yes
BrainTumor_04852.jpg,No,Yes,Yes,,,,Yes,No,Yes,Yes,No
BrainTumor_04853.jpg,,No,Yes,No,No,No,No,,,No,
BrainTumor_04854.jpg,No,Yes,Yes,No,Yes,,No,Yes,,Yes,Yes
BrainTumor_04855.jpg,No,No,,No,,,No,,Yes,,No
BrainTumor_04856.jpg,Yes,No,No,Yes,Yes,,No,Yes,No,Yes,No
BrainTumor_04857.jpg,Yes,,No,No,Yes,Yes,,Yes,,No,Yes
BrainTumor_04858.jpg,No,,,Yes,No,Yes,No,No,Yes,No,Yes
BrainTumor_04859.jpg,No,,,,No,Yes,Yes,No,No,No,Yes
BrainTumor_04860.jpg,Yes,,Yes,,No,No,No,No,Yes,No,
BrainTumor_04861.jpg,,No,Yes,Yes,No,,,Yes,No,Yes,
BrainTumor_04862.jpg,No,Yes,,Yes,,No,No,No,No,Yes,
BrainTumor_04863.jpg,,No,No,Yes,,,,,Yes,Yes,Yes
BrainTumor_04864.jpg,,No,,No,No,No,No,Yes,Yes,Yes,
BrainTumor_04865.jpg,,Yes,,,Yes,No,Yes,No,No,,No
BrainTumor_04866.jpg,No,No,,,,,Yes,No,Yes,No,
BrainTumor_04867.jpg,,Yes,Yes,No,No,No,,,,,No
BrainTumor_04868.jpg,,Yes,No,Yes,,Yes,,No,,,No
BrainTumor_04869.jpg,No,,,Yes,Yes,No,,,No,Yes,No
BrainTumor_04870.jpg,No,No,,Yes,,No,No,No,Yes,No,No
BrainTumor_04871.jpg,No,,Yes,Yes,,No,No,Yes,No,,Yes
BrainTumor_04872.jpg,,No,Yes,No,,No,,,,,Yes
BrainTumor_04873.jpg,No,No,,No,,Yes,No,,,No,
BrainTumor_04874.jpg,,No,Yes,,No,,,,,,No
BrainTumor_04875.jpg,No,No,,No,Yes,No,Yes,Yes,Yes,Yes,Yes
BrainTumor_04876.jpg,,No,Yes,No,,,No,No,No,Yes,
BrainTumor_04877.jpg,,No,,Yes,No,No,,No,,No,No
BrainTumor_04878.jpg,No,No,No,,,Yes,No,,Yes,Yes,No
BrainTumor_04879.jpg,Yes,,,,,No,,Yes,Yes,,No
BrainTumor_04880.jpg,,Yes,Yes,,No,,Yes,,Yes,No,Yes
BrainTumor_04881.jpg,No,No,,No,No,Yes,Yes,No,No,,Yes
BrainTumor_04882.jpg,,No,Yes,No,No,,No,Yes,,No,
BrainTumor_04883.jpg,No,,Yes,Yes,,Yes,Yes,,No,,Yes
BrainTumor_04884.jpg,Yes,No,Yes,Yes,Yes,,No,Yes,,,
BrainTumor_04885.jpg,No,No,No,Yes,No,Yes,,Yes,,,Yes
BrainTumor_04886.jpg,,No,No,Yes,Yes,Yes,,No,Yes,Yes,Yes
BrainTumor_04887.jpg,,Yes,No,No,Yes,,Yes,Yes,No,No,Yes
BrainTumor_04888.jpg,,Yes,Yes,No,,,,,Yes,,Yes
BrainTumor_04889.jpg,,Yes,No,No,No,No,,,No,No,
BrainTumor_04890.jpg,No,,,No,Yes,No,,,Yes,No,No
BrainTumor_04891.jpg,,,Yes,,No,No,No,Yes,Yes,Yes,
BrainTumor_04892.jpg,No,Yes,No,No,Yes,No,,No,,No,No
BrainTumor_04893.jpg,Yes,No,,Yes,No,No,,,No,,
BrainTumor_04894.jpg,,,No,No,No,No,No,Yes,No,No,Yes
BrainTumor_04895.jpg,,Yes,,No,Yes,Yes,Yes,No,,Yes,No
BrainTumor_04896.jpg,,Yes,,Yes,,Yes,,No,Yes,Yes,Yes
BrainTumor_04897.jpg,Yes,No,No,No,,Yes,Yes,Yes,No,No,Yes
BrainTumor_04898.jpg,No,,,No,,,,No,No,,Yes
BrainTumor_04899.jpg,Yes,Yes,,No,No,No,,No,No,No,Yes
BrainTumor_04900.jpg,Yes,,,,No,,No,Yes,Yes,No,
BrainTumor_04901.jpg,Yes,,No,,,No,,,No,,Yes
BrainTumor_04902.jpg,,Yes,No,,,No,Yes,,,,
BrainTumor_04903.jpg,Yes,,Yes,,Yes,No,Yes,,No,Yes,Yes
BrainTumor_04904.jpg,,No,No,Yes,No,No,,,,No,
BrainTumor_04905.jpg,Yes,,Yes,Yes,No,Yes,Yes,No,Yes,Yes,Yes
BrainTumor_04906.jpg,,Yes,,Yes,,Yes,No,Yes,,Yes,Yes
BrainTumor_04907.jpg,,Yes,Yes,,Yes,,No,,,No,No
BrainTumor_04908.jpg,No,No,,Yes,No,,No,,Yes,Yes,
BrainTumor_04909.jpg,,,No,Yes,No,,,,No,,
BrainTumor_04910.jpg,No,No,No,No,No,No,No,,No,Yes,No
BrainTumor_04911.jpg,,No,No,No,,No,Yes,,,No,No
BrainTumor_04912.jpg,Yes,,,,Yes,No,No,Yes,,No,Yes
BrainTumor_04913.jpg,Yes,Yes,Yes,Yes,,No,Yes,No,,Yes,No
BrainTumor_04914.jpg,,Yes,,No,,Yes,No,No,Yes,No,Yes
BrainTumor_04915.jpg,Yes,,,,,No,,,No,,Yes
BrainTumor_04916.jpg,,,Yes,No,,No,,No,No,No,Yes
BrainTumor_04917.jpg,,No,Yes,No,,No,Yes,Yes,,Yes,
BrainTumor_04918.jpg,No,,,,,Yes,No,,,,No
BrainTumor_04919.jpg,Yes,,Yes,No,No,Yes,No,,,Yes,No
BrainTumor_04920.jpg,,,Yes,,Yes,Yes,No,Yes,,,
BrainTumor_04921.jpg,Yes,No,No,,,,,Yes,,No,
BrainTumor_04922.jpg,,,,,Yes,,No,No,No,,No
BrainTumor_04923.jpg,,Yes,No,No,Yes,,No,No,Yes,,No
BrainTumor_04924.jpg,,No,,Yes,,Yes,Yes,No,,No,No
BrainTumor_04925.jpg,,,No,Yes,No,No,,Yes,No,No,No
BrainTumor_04926.jpg,Yes,,,Yes,,,Yes,,Yes,,Yes
BrainTumor_04927.jpg,,Yes,Yes,Yes,Yes,Yes,,Yes,No,No,Yes
BrainTumor_04928.jpg,,Yes,,,Yes,,Yes,Yes,No,No,Yes
BrainTumor_04929.jpg,No,Yes,Yes,,No,,Yes,,,,
BrainTumor_04930.jpg,,No,,,No,Yes,No,Yes,,Yes,No
BrainTumor_04931.jpg,Yes,Yes,Yes,,,,Yes,,,,Yes
BrainTumor_04932.jpg,No,Yes,No,,No,No,No,,No,,Yes
BrainTumor_04933.jpg,No,,Yes,Yes,No,Yes,,Yes,,No,Yes
BrainTumor_04934.jpg,Yes,No,Yes,,,No,,,,No,
BrainTumor_04935.jpg,Yes,Yes,No,No,,Yes,,,,No,No
BrainTumor_04936.jpg,,No,,,Yes,,,No,Yes,No,No
BrainTumor_04937.jpg,Yes,Yes,No,Yes,No,Yes,No,No,,,
BrainTumor_04938.jpg,,Yes,Yes,Yes,,No,Yes,Yes,No,Yes,Yes
BrainTumor_04939.jpg,Yes,Yes,Yes,,Yes,No,Yes,,Yes,,Yes
BrainTumor_04940.jpg,No,No,,No,No,,Yes,,,,Yes
BrainTumor_04941.jpg,,Yes,Yes,Yes,,Yes,No,,No,No,
BrainTumor_04942.jpg,,Yes,No,,Yes,,No,Yes,,Yes,
BrainTumor_04943.jpg,No,Yes,,Yes,Yes,Yes,Yes,No,,,No
BrainTumor_04944.jpg,No,,,Yes,,No,,No,Yes,Yes,
BrainTumor_04945.jpg,,No,,Yes,,,,Yes,No,,
BrainTumor_04946.jpg,Yes,Yes,Yes,,,,No,,,Yes,
BrainTumor_04947.jpg,No,,,Yes,No,,No,,,,Yes
BrainTumor_04948.jpg,No,No,Yes,Yes,,Yes,Yes,No,No,Yes,
BrainTumor_04949.jpg,No,Yes,,,Yes,No,No,,No,,No
BrainTumor_04950.jpg,No,No,No,Yes,Yes,Yes,No,Yes,No,Yes,Yes
BrainTumor_04951.jpg,,,Yes,No,,,,No,Yes,No,Yes
BrainTumor_04952.jpg,,,No,Yes,Yes,No,Yes,No,No,,Yes
BrainTumor_04953.jpg,No,Yes,No,,,,,Yes,No,,Yes
BrainTumor_04954.jpg,Yes,,No,No,Yes,,,No,Yes,Yes,No
BrainTumor_04955.jpg,No,Yes,No,No,,,Yes,No,No,No,No
BrainTumor_04956.jpg,Yes,No,No,No,Yes,,Yes,Yes,,,Yes
BrainTumor_04957.jpg,Yes,,Yes,,,No,,No,No,,No
BrainTumor_04958.jpg,No,No,Yes,No,Yes,,No,,,No,Yes
BrainTumor_04959.jpg,No,Yes,Yes,Yes,,No,,,No,,
BrainTumor_04960.jpg,,Yes,No,,Yes,No,,Yes,No,,
BrainTumor_04961.jpg,No,,No,Yes,,,No,,No,No,No
BrainTumor_04962.jpg,No,,,,No,Yes,Yes,Yes,No,No,
BrainTumor_04963.jpg,,Yes,Yes,Yes,No,,Yes,,Yes,,No
BrainTumor_04964.jpg,No,Yes,No,,No,Yes,,No,Yes,No,No
BrainTumor_04965.jpg,Yes,No,Yes,Yes,Yes,Yes,,Yes,No,,No
BrainTumor_04966.jpg,No,No,No,Yes,Yes,,,Yes,,No,
BrainTumor_04967.jpg,No,No,No,No,,No,,,Yes,No,Yes
BrainTumor_04968.jpg,Yes,,Yes,Yes,,No,No,Yes,Yes,No,Yes
BrainTumor_04969.jpg,No,Yes,,No,,Yes,No,,Yes,No,
BrainTumor_04970.jpg,No,No,No,Yes,,No,,No,No,No,Yes
BrainTumor_04971.jpg,No,,Yes,,,Yes,No,Yes,,No,Yes
BrainTumor_04972.jpg,Yes,Yes,Yes,,,No,Yes,,No,,
BrainTumor_04973.jpg,No,,,No,,,,Yes,Yes,,No
BrainTumor_04974.jpg,,,No,No,No,No,No,,No,No,Yes
BrainTumor_04975.jpg,No,No,Yes,No,,,,No,Yes,Yes,Yes
BrainTumor_04976.jpg,No,No,No,Yes,Yes,No,,,Yes,,No
BrainTumor_04977.jpg,No,Yes,Yes,,No,,,Yes,,,No
BrainTumor_04978.jpg,Yes,,No,Yes,,,,,,,Yes
BrainTumor_04979.jpg,No,No,No,,,Yes,Yes,Yes,,No,Yes
BrainTumor_04980.jpg,Yes,Yes,Yes,No,No,,,,No,No,
BrainTumor_04981.jpg,Yes,Yes,Yes,No,,Yes,No,,No,,Yes
BrainTumor_04982.jpg,No,Yes,No,No,,No,Yes,Yes,,Yes,
BrainTumor_04983.jpg,,No,Yes,No,Yes,Yes,No,Yes,,Yes,Yes
BrainTumor_04984.jpg,No,No,Yes,No,,,,,,No,
BrainTumor_04985.jpg,Yes,Yes,Yes,Yes,,,Yes,,,,No
BrainTumor_04986.jpg,No,Yes,,No,,,Yes,No,No,No,Yes
BrainTumor_04987.jpg,No,Yes,Yes,Yes,Yes,,No,Yes,No,Yes,
BrainTumor_04988.jpg,Yes,No,No,No,,Yes,Yes,,,,Yes
BrainTumor_04989.jpg,,,Yes,No,,No,No,Yes,Yes,No,
BrainTumor_04990.jpg,No,Yes,,,No,No,Yes,Yes,Yes,,No
BrainTumor_04991.jpg,,Yes,Yes,No,Yes,Yes,,No,No,,Yes
BrainTumor_04992.jpg,No,Yes,No,Yes,No,No,,,No,No,Yes
BrainTumor_04993.jpg,No,,No,Yes,No,,Yes,,,Yes,No
BrainTumor_04994.jpg,Yes,No,Yes,,,,Yes,No,,Yes,
BrainTumor_04995.jpg,No,,No,,Yes,No,,No,Yes,Yes,
BrainTumor_04996.jpg,No,,No,No,No,No,Yes,,Yes,Yes,No
BrainTumor_04997.jpg,Yes,No,,,No,No,,,,Yes,
BrainTumor_04998.jpg,Yes,Yes,No,,Yes,,Yes,Yes,Yes,No,
BrainTumor_04999.jpg,,Yes,No,,,No,No,Yes,,No,No
BrainTumor_05000.jpg,Yes,No,,,Yes,,No,No,,No,
BrainTumor_05001.jpg,,,Yes,No,No,Yes,No,No,No,No,No
BrainTumor_05002.jpg,No,,,,Yes,No,,,Yes,No,Yes
BrainTumor_05003.jpg,No,No,Yes,,Yes,No,,Yes,Yes,No,
BrainTumor_05004.jpg,Yes,Yes,,,,,No,No,,,
BrainTumor_05005.jpg,,No,,,Yes,,No,Yes,No,No,
BrainTumor_05006.jpg,Yes,Yes,Yes,,Yes,No,No,Yes,No,,
BrainTumor_05007.jpg,No,,No,Yes,No,No,No,Yes,,,Yes
BrainTumor_05008.jpg,No,No,Yes,No,,Yes,,No,No,Yes,No
BrainTumor_05009.jpg,Yes,No,No,No,,Yes,Yes,Yes,Yes,,No
BrainTumor_05010.jpg,,,,No,Yes,,,Yes,Yes,Yes,
BrainTumor_05011.jpg,No,Yes,,,,,Yes,,No,,Yes
BrainTumor_05012.jpg,No,Yes,,Yes,Yes,Yes,Yes,,,Yes,
BrainTumor_05013.jpg,No,No,Yes,No,Yes,Yes,,No,No,,No
BrainTumor_05014.jpg,,Yes,Yes,,Yes,No,Yes,No,No,No,
BrainTumor_05015.jpg,No,No,No,,Yes,Yes,Yes,Yes,Yes,Yes,Yes
BrainTumor_05016.jpg,,No,Yes,,No,No,Yes,,Yes,,
BrainTumor_05017.jpg,Yes,,,,Yes,,No,Yes,No,,
BrainTumor_05018.jpg,,No,Yes,No,Yes,No,Yes,Yes,,No,
BrainTumor_05019.jpg,,Yes,Yes,No,Yes,Yes,No,Yes,,,No
BrainTumor_05020.jpg,,Yes,Yes,,Yes,No,No,Yes,,Yes,No
BrainTumor_05021.jpg,No,Yes,No,Yes,No,,,Yes,No,Yes,
BrainTumor_05022.jpg,Yes,,,Yes,Yes,,No,,No,Yes,Yes
BrainTumor_05023.jpg,No,No,No,No,,No,No,,Yes,,Yes
BrainTumor_05024.jpg,Yes,Yes,No,No,No,No,No,,,Yes,
BrainTumor_05025.jpg,No,,,No,,,Yes,Yes,No,No,Yes
BrainTumor_05026.jpg,Yes,No,,Yes,No,Yes,Yes,Yes,Yes,,
BrainTumor_05027.jpg,,,No,,,Yes,Yes,No,Yes,No,No
BrainTumor_05028.jpg,Yes,No,Yes,,,Yes,Yes,,Yes,No,
BrainTumor_05029.jpg,,Yes,Yes,,No,Yes,,Yes,No,,
BrainTumor_05030.jpg,Yes,Yes,No,,,Yes,No,Yes,No,Yes,No
BrainTumor_05031.jpg,No,,,Yes,No,Yes,Yes,,,No,
BrainTumor_05032.jpg,Yes,Yes,Yes,Yes,No,,,Yes,Yes,Yes,Yes
BrainTumor_05033.jpg,No,No,,Yes,No,,No,,Yes,No,Yes
BrainTumor_05034.jpg,,,Yes,,No,Yes,No,Yes,,Yes,No
BrainTumor_05035.jpg,Yes,No,,Yes,No,,No,Yes,Yes,,
BrainTumor_05036.jpg,Yes,Yes,Yes,Yes,Yes,No,No,No,No,Yes,No
BrainTumor_05037.jpg,,Yes,,Yes,No,No,,No,Yes,,
BrainTumor_05038.jpg,No,,,,,No,,Yes,No,,No
BrainTumor_05039.jpg,No,,No,Yes,Yes,No,,,,No,Yes
BrainTumor_05040.jpg,No,No,Yes,No,No,No,Yes,,,No,No
BrainTumor_05041.jpg,Yes,,No,,,,,Yes,Yes,No,Yes
BrainTumor_05042.jpg,,No,,,,Yes,Yes,Yes,Yes,No,
BrainTumor_05043.jpg,No,Yes,,,Yes,No,,No,No,No,
BrainTumor_05044.jpg,,Yes,Yes,No,No,Yes,Yes,Yes,No,,No
BrainTumor_05045.jpg,No,No,No,,,No,No,,No,Yes,
BrainTumor_05046.jpg,No,No,Yes,Yes,,,,,No,No,No
BrainTumor_05047.jpg,Yes,Yes,,,,No,No,Yes,Yes,No,Yes
BrainTumor_05048.jpg,No,Yes,Yes,Yes,Yes,Yes,Yes,No,No,No,Yes
BrainTumor_05049.jpg,No,Yes,No,,Yes,No,No,,No,No,No
BrainTumor_05050.jpg,,,,Yes,,,No,,,,No
BrainTumor_05051.jpg,,Yes,Yes,Yes,Yes,Yes,No,No,No,,No
BrainTumor_05052.jpg,Yes,No,,Yes,Yes,,Yes,Yes,Yes,,
BrainTumor_05053.jpg,,,Yes,,Yes,,,Yes,No,No,No
BrainTumor_05054.jpg,,Yes,Yes,Yes,No,No,,Yes,No,Yes,Yes
BrainTumor_05055.jpg,No,Yes,,No,No,No,No,,Yes,Yes,
BrainTumor_05056.jpg,Yes,Yes,No,No,No,No,Yes,No,,Yes,
BrainTumor_05057.jpg,No,No,,,Yes,No,No,Yes,No,Yes,Yes
BrainTumor_05058.jpg,Yes,,,No,,,Yes,No,Yes,,No
BrainTumor_05059.jpg,Yes,,Yes,Yes,No,Yes,No,,,,Yes
BrainTumor_05060.jpg,Yes,No,No,,No,,Yes,No,No,,Yes
BrainTumor_05061.jpg,,Yes,No,,Yes,Yes,Yes,No,Yes,,
BrainTumor_05062.jpg,,Yes,No,Yes,,,,No,Yes,No,Yes
BrainTumor_05063.jpg,Yes,Yes,,No,No,Yes,Yes,Yes,,Yes,
BrainTumor_05064.jpg,Yes,Yes,No,No,,Yes,Yes,,No,,No
BrainTumor_05065.jpg,,No,,,Yes,,,,,No,Yes
BrainTumor_05066.jpg,No,Yes,No,,Yes,,,No,No,No,No
BrainTumor_05067.jpg,Yes,Yes,,,No,,Yes,,Yes,Yes,No
BrainTumor_05068.jpg,Yes,Yes,No,Yes,No,Yes,Yes,,No,,
BrainTumor_05069.jpg,Yes,Yes,No,No,Yes,Yes,No,,No,,No
BrainTumor_05070.jpg,No,Yes,No,Yes,Yes,Yes,,Yes,Yes,No,
BrainTumor_05071.jpg,No,Yes,No,No,,,,Yes,Yes,,
BrainTumor_05072.jpg,No,,No,Yes,,No,,Yes,Yes,Yes,Yes
BrainTumor_05073.jpg,Yes,No,Yes,,Yes,Yes,No,Yes,No,Yes,
BrainTumor_05074.jpg,Yes,Yes,,,Yes,,No,No,No,Yes,
BrainTumor_05075.jpg,,No,Yes,,Yes,No,,No,No,No,Yes
BrainTumor_05076.jpg,Yes,Yes,Yes,,Yes,No,No,Yes,Yes,No,Yes
BrainTumor_05077.jpg,Yes,,No,,Yes,,Yes,Yes,,,No
BrainTumor_05078.jpg,Yes,,No,No,No,,No,,No,Yes,No
BrainTumor_05079.jpg,No,,Yes,,No,,,Yes,Yes,,
BrainTumor_05080.jpg,,,,Yes,No,No,No,,,Yes,Yes
BrainTumor_05081.jpg,No,No,Yes,Yes,No,No,,No,No,No,Yes
BrainTumor_05082.jpg,,Yes,No,Yes,,No,No,,Yes,,No
BrainTumor_05083.jpg,Yes,,,No,No,,,Yes,No,Yes,
BrainTumor_05084.jpg,,No,,No,Yes,Yes,No,,Yes,,Yes
BrainTumor_05085.jpg,No,,,No,No,,No,No,,No,
BrainTumor_05086.jpg,Yes,Yes,No,,Yes,,,,,Yes,Yes
BrainTumor_05087.jpg,Yes,No,Yes,Yes,,Yes,No,,No,No,
BrainTumor_05088.jpg,,,No,Yes,Yes,Yes,No,,No,No,No
BrainTumor_05089.jpg,,,Yes,No,Yes,Yes,No,No,,No,No
BrainTumor_05090.jpg,,No,,,Yes,Yes,Yes,,,Yes,
BrainTumor_05091.jpg,,Yes,No,Yes,Yes,,Yes,No,No,No,No
BrainTumor_05092.jpg,Yes,Yes,No,,Yes,Yes,No,Yes,No,No,
BrainTumor_05093.jpg,,No,Yes,,Yes,No,No,,Yes,Yes,No
BrainTumor_05094.jpg,Yes,,,,No,Yes,No,,No,,
BrainTumor_05095.jpg,,No,Yes,Yes,No,,No,Yes,,,
BrainTumor_05096.jpg,,,No,,,Yes,No,No,Yes,,No
BrainTumor_05097.jpg,Yes,Yes,Yes,,No,Yes,Yes,Yes,No,No,Yes
BrainTumor_05098.jpg,Yes,,,,Yes,,,Yes,Yes,,No
BrainTumor_05099.jpg,,Yes,,No,Yes,,Yes,Yes,Yes,No,
BrainTumor_05100.jpg,,Yes,,Yes,No,,,,No,No,
BrainTumor_05101.jpg,,,No,Yes,Yes,No,No,Yes,No,No,
BrainTumor_05102.jpg,No,No,Yes,Yes,No,Yes,Yes,No,No,Yes,No
BrainTumor_05103.jpg,Yes,,Yes,Yes,Yes,,Yes,No,Yes,Yes,Yes
BrainTumor_05104.jpg,Yes,Yes,No,Yes,Yes,,,,Yes,Yes,
BrainTumor_05105.jpg,,Yes,No,No,,No,No,No,,Yes,Yes
BrainTumor_05106.jpg,No,Yes,No,No,,No,Yes,No,Yes,Yes,Yes
BrainTumor_05107.jpg,,,Yes,,No,No,No,,Yes,No,Yes
BrainTumor_05108.jpg,,No,No,No,,No,No,,,Yes,Yes
BrainTumor_05109.jpg,Yes,No,No,,No,Yes,,Yes,,,
BrainTumor_05110.jpg,No,No,No,,Yes,Yes,Yes,Yes,Yes,No,Yes
BrainTumor_05111.jpg,Yes,Yes,,No,,,Yes,,Yes,Yes,Yes
BrainTumor_05112.jpg,Yes,No,No,,,No,Yes,Yes,,No,No
BrainTumor_05113.jpg,No,,Yes,No,,Yes,,,Yes,No,No
BrainTumor_05114.jpg,,No,No,Yes,No,Yes,,Yes,No,Yes,
BrainTumor_05115.jpg,Yes,Yes,Yes,,No,Yes,,Yes,,Yes,
BrainTumor_05116.jpg,,,No,No,No,No,,Yes,Yes,Yes,
BrainTumor_05117.jpg,,Yes,No,,No,No,No,No,Yes,Yes,Yes
BrainTumor_05118.jpg,,No,,,,No,,Yes,Yes,,No
BrainTumor_05119.jpg,,No,,Yes,Yes,,No,Yes,Yes,,Yes
BrainTumor_05120.jpg,,,,No,No,Yes,Yes,,,Yes,No
BrainTumor_05121.jpg,No,No,Yes,Yes,,Yes,Yes,Yes,No,,Yes
BrainTumor_05122.jpg,Yes,,Yes,No,Yes,No,Yes,,No,Yes,Yes
BrainTumor_05123.jpg,Yes,No,,,Yes,Yes,No,No,,Yes,
BrainTumor_05124.jpg,Yes,,Yes,,,,,No,Yes,Yes,
BrainTumor_05125.jpg,No,Yes,,No,No,Yes,Yes,Yes,Yes,No,
BrainTumor_05126.jpg,No,Yes,,Yes,Yes,,,No,No,Yes,Yes
BrainTumor_05127.jpg,No,Yes,No,Yes,,,No,Yes,,,
BrainTumor_05128.jpg,Yes,,,,,,,No,,No,Yes
BrainTumor_05129.jpg,Yes,No,,Yes,,,No,No,No,No,
BrainTumor_05130.jpg,,No,No,Yes,Yes,,,,,Yes,
BrainTumor_05131.jpg,No,No,,,,Yes,No,,,No,
BrainTumor_05132.jpg,Yes,Yes,No,No,No,Yes,Yes,,,Yes,
BrainTumor_05133.jpg,,No,Yes,Yes,Yes,No,Yes,,,Yes,Yes
BrainTumor_05134.jpg,No,No,Yes,Yes,Yes,,No,Yes,No,,
BrainTumor_05135.jpg,No,,Yes,,No,No,,Yes,No,No,
BrainTumor_05136.jpg,No,Yes,,No,Yes,Yes,Yes,No,Yes,,
BrainTumor_05137.jpg,,Yes,No,No,,No,Yes,Yes,No,Yes,Yes
BrainTumor_05138.jpg,,Yes,No,Yes,No,No,Yes,No,,No,No
BrainTumor_05139.jpg,No,No,Yes,Yes,Yes,,,,,,
BrainTumor_05140.jpg,,Yes,No,Yes,,Yes,,,,No,No
BrainTumor_05141.jpg,,,Yes,No,No,No,Yes,,No,Yes,Yes
BrainTumor_05142.jpg,Yes,Yes,No,No,Yes,,,Yes,,No,Yes
BrainTumor_05143.jpg,Yes,,Yes,No,No,,No,No,No,Yes,Yes
BrainTumor_05144.jpg,No,,Yes,Yes,No,,Yes,Yes,,,
BrainTumor_05145.jpg,No,,Yes,,,Yes,Yes,Yes,,No,No
BrainTumor_05146.jpg,No,Yes,No,,,No,,No,No,,
BrainTumor_05147.jpg,,No,No,Yes,Yes,,Yes,No,Yes,Yes,Yes
BrainTumor_05148.jpg,,Yes,,No,,Yes,Yes,No,Yes,No,No
BrainTumor_05149.jpg,No,Yes,Yes,Yes,Yes,,No,,No,,
BrainTumor_05150.jpg,Yes,No,,,Yes,,No,No,,Yes,No
BrainTumor_05151.jpg,No,Yes,No,,Yes,,No,,No,Yes,
BrainTumor_05152.jpg,Yes,,No,,No,Yes,No,Yes,Yes,,No
BrainTumor_05153.jpg,No,Yes,Yes,No,Yes,,No,,,Yes,
BrainTumor_05154.jpg,No,No,Yes,,Yes,Yes,Yes,Yes,Yes,Yes,Yes
BrainTumor_05155.jpg,Yes,No,,No,,,Yes,,No,,
BrainTumor_05156.jpg,Yes,No,No,Yes,Yes,No,No,Yes,No,Yes,Yes
BrainTumor_05157.jpg,,No,No,Yes,,No,,,Yes,Yes,
BrainTumor_05158.jpg,No,,Yes,No,Yes,No,Yes,,,Yes,No
BrainTumor_05159.jpg,,Yes,No,No,,,No,No,,,Yes
BrainTumor_05160.jpg,No,Yes,,,No,Yes,No,Yes,No,Yes,
BrainTumor_05161.jpg,Yes,No,,Yes,No,,,No,No,No,Yes
BrainTumor_05162.jpg,Yes,,,Yes,,,,,No,,
BrainTumor_05163.jpg,,,No,Yes,No,Yes,Yes,,,,Yes
BrainTumor_05164.jpg,No,No,Yes,No,No,Yes,No,No,Yes,No,Yes
BrainTumor_05165.jpg,,No,Yes,No,Yes,No,,No,,,Yes
BrainTumor_05166.jpg,No,Yes,No,,Yes,,,Yes,No,Yes,No
BrainTumor_05167.jpg,,No,Yes,,Yes,,Yes,No,,No,No
BrainTumor_05168.jpg,Yes,Yes,Yes,No,,,Yes,No,No,No,Yes
BrainTumor_05169.jpg,Yes,No,No,Yes,Yes,,,No,No,No,Yes
BrainTumor_05170.jpg,,,,No,No,No,No,Yes,Yes,No,Yes
BrainTumor_05171.jpg,Yes,,,,Yes,No,,,,,No
BrainTumor_05172.jpg,,Yes,No,No,Yes,,No,No,No,No,Yes
BrainTumor_05173.jpg,No,,,Yes,,Yes,,No,Yes,No,Yes
BrainTumor_05174.jpg,Yes,,Yes,Yes,No,Yes,Yes,Yes,Yes,No,Yes
BrainTumor_05175.jpg,Yes,,No,No,Yes,Yes,,No,No,No,
BrainTumor_05176.jpg,,Yes,,,Yes,Yes,,Yes,,,No
BrainTumor_05177.jpg,,,No,Yes,Yes,Yes,,Yes,Yes,No,Yes
BrainTumor_05178.jpg,No,,No,No,No,No,,No,No,Yes,Yes
BrainTumor_05179.jpg,No,Yes,Yes,Yes,No,No,,Yes,No,No,No
BrainTumor_05180.jpg,,Yes,,No,No,Yes,Yes,Yes,Yes,,No
BrainTumor_05181.jpg,No,,No,,,No,Yes,No,,,No
BrainTumor_05182.jpg,No,,No,Yes,No,,,,Yes,No,Yes
BrainTumor_05183.jpg,No,Yes,,Yes,,,,Yes,,No,Yes
BrainTumor_05184.jpg,Yes,Yes,No,Yes,Yes,,,Yes,No,Yes,Yes
BrainTumor_05185.jpg,No,Yes,Yes,Yes,No,Yes,,,Yes,Yes,No
BrainTumor_05186.jpg,,,No,Yes,Yes,No,,No,,,Yes
BrainTumor_05187.jpg,No,No,Yes,,,Yes,Yes,Yes,No,Yes,Yes
BrainTumor_05188.jpg,,Yes,Yes,No,Yes,,Yes,Yes,Yes,Yes,
BrainTumor_05189.jpg,No,Yes,,Yes,Yes,,No,,,No,Yes
BrainTumor_05190.jpg,No,No,,Yes,,Yes,No,No,,,Yes
BrainTumor_05191.jpg,Yes,No,Yes,No,,,Yes,,Yes,Yes,No
BrainTumor_05192.jpg,,,,,No,No,,Yes,Yes,Yes,No
BrainTumor_05193.jpg,Yes,Yes,Yes,Yes,Yes,,Yes,Yes,,Yes,No
BrainTumor_05194.jpg,,,No,,Yes,Yes,,No,,No,Yes
BrainTumor_05195.jpg,No,,Yes,No,Yes,Yes,Yes,,No,No,Yes
BrainTumor_05196.jpg,No,,,,Yes,Yes,No,No,,Yes,No
BrainTumor_05197.jpg,,,No,No,,No,No,No,No,Yes,No
BrainTumor_05198.jpg,Yes,Yes,Yes,No,,Yes,No,No,,,
BrainTumor_05199.jpg,,No,Yes,No,Yes,No,No,No,No,,Yes
BrainTumor_05200.jpg,Yes,No,,,No,No,,Yes,No,,
BrainTumor_05201.jpg,No,Yes,,Yes,Yes,Yes,No,,No,Yes,
BrainTumor_05202.jpg,Yes,Yes,,,,,Yes,Yes,No,,No
BrainTumor_05203.jpg,,Yes,No,,No,Yes,No,No,,Yes,
BrainTumor_05204.jpg,No,,,,No,Yes,Yes,,Yes,Yes,No
BrainTumor_05205.jpg,,No,No,,No,Yes,,,Yes,No,No
BrainTumor_05206.jpg,,,No,Yes,Yes,No,Yes,,,,No
BrainTumor_05207.jpg,No,Yes,,No,No,No,Yes,No,No,No,Yes
BrainTumor_05208.jpg,No,No,,,,No,Yes,,,Yes,No
BrainTumor_05209.jpg,Yes,,,,,No,No,Yes,No,,Yes
BrainTumor_05210.jpg,,No,,No,No,Yes,Yes,Yes,Yes,No,
BrainTumor_05211.jpg,No,No,No,No,Yes,No,,Yes,No,Yes,
BrainTumor_05212.jpg,Yes,No,No,No,No,Yes,No,,,,
BrainTumor_05213.jpg,No,,No,No,No,No,No,No,No,No,
BrainTumor_05214.jpg,Yes,,,Yes,No,Yes,,No,Yes,Yes,No
BrainTumor_05215.jpg,,No,,,Yes,,Yes,No,No,Yes,
BrainTumor_05216.jpg,No,Yes,No,,No,,,,,No,Yes
BrainTumor_05217.jpg,No,,No,No,No,No,,Yes,No,Yes,No
BrainTumor_05218.jpg,,,No,,,No,No,No,,No,Yes
BrainTumor_05219.jpg,No,,No,Yes,Yes,No,No,No,,Yes,Yes
BrainTumor_05220.jpg,No,No,No,,Yes,No,,No,,Yes,Yes
BrainTumor_05221.jpg,,No,No,Yes,No,,No,,,No,Yes
BrainTumor_05222.jpg,Yes,,No,No,,No,,,,No,
BrainTumor_05223.jpg,,,,Yes,No,Yes,Yes,No,,Yes,Yes
BrainTumor_05224.jpg,Yes,,Yes,,,,No,,Yes,Yes,No
BrainTumor_05225.jpg,No,No,,,Yes,,No,,No,No,Yes
BrainTumor_05226.jpg,,,,No,No,Yes,Yes,Yes,No,No,No
BrainTumor_05227.jpg,No,No,,Yes,No,,No,,No,Yes,No
BrainTumor_05228.jpg,Yes,No,,Yes,Yes,Yes,Yes,No,Yes,,No
BrainTumor_05229.jpg,,,,Yes,Yes,,No,No,No,No,Yes
BrainTumor_05230.jpg,,No,Yes,Yes,Yes,No,,,,Yes,Yes
BrainTumor_05231.jpg,,Yes,Yes,Yes,No,,Yes,No,Yes,,
BrainTumor_05232.jpg,,Yes,No,No,,No,,Yes,No,No,
BrainTumor_05233.jpg,No,,,,,No,No,No,,,No
BrainTumor_05234.jpg,,Yes,,Yes,Yes,,Yes,,Yes,,
BrainTumor_05235.jpg,Yes,No,,,No,No,No,Yes,,,Yes
BrainTumor_05236.jpg,Yes,No,Yes,No,,No,No,,Yes,No,No
BrainTumor_05237.jpg,Yes,Yes,,No,No,Yes,Yes,Yes,No,Yes,No
BrainTumor_05238.jpg,Yes,,Yes,No,Yes,,,,Yes,,Yes
BrainTumor_05239.jpg,Yes,Yes,,Yes,,,Yes,Yes,,No,No
BrainTumor_05240.jpg,Yes,No,No,No,No,Yes,,,,Yes,No
BrainTumor_05241.jpg,,,,Yes,No,No,,Yes,Yes,No,Yes
BrainTumor_05242.jpg,Yes,,No,,,,,No,No,No,
BrainTumor_05243.jpg,No,Yes,,Yes,Yes,No,,,,No,No
BrainTumor_05244.jpg,No,,Yes,Yes,Yes,,,Yes,Yes,,No
BrainTumor_05245.jpg,,Yes,,,No,Yes,No,No,No,,No
BrainTumor_05246.jpg,,Yes,Yes,,No,Yes,Yes,No,Yes,,No
BrainTumor_05247.jpg,No,Yes,,Yes,Yes,Yes,Yes,No,Yes,Yes,No
BrainTumor_05248.jpg,,Yes,No,,,,Yes,No,,No,Yes
BrainTumor_05249.jpg,,No,No,,,Yes,,Yes,,No,Yes
BrainTumor_05250.jpg,,No,,,,Yes,Yes,,Yes,,Yes
BrainTumor_05251.jpg,No,,No,Yes,,Yes,No,Yes,Yes,Yes,
BrainTumor_05252.jpg,Yes,,,,,Yes,Yes,No,No,Yes,No
BrainTumor_05253.jpg,Yes,No,,No,,Yes,No,,Yes,Yes,No
BrainTumor_05254.jpg,,Yes,,,,Yes,Yes,Yes,,Yes,No
BrainTumor_05255.jpg,No,No,,,,,No,No,No,,
BrainTumor_05256.jpg,Yes,Yes,,,No,No,No,No,Yes,,Yes
BrainTumor_05257.jpg,No,,Yes,No,,Yes,,,,No,No
BrainTumor_05258.jpg,,Yes,Yes,Yes,Yes,Yes,Yes,,No,No,Yes
BrainTumor_05259.jpg,No,No,No,,,,,No,,Yes,Yes
BrainTumor_05260.jpg,,Yes,,,No,No,,Yes,No,Yes,
BrainTumor_05261.jpg,No,Yes,Yes,No,Yes,,No,,Yes,No,
BrainTumor_05262.jpg,No,No,No,,Yes,,Yes,Yes,,,Yes
BrainTumor_05263.jpg,Yes,No,,,No,No,,,No,Yes,Yes
BrainTumor_05264.jpg,No,,Yes,,,Yes,Yes,No,Yes,Yes,
BrainTumor_05265.jpg,,No,Yes,Yes,Yes,,Yes,No,,,No
BrainTumor_05266.jpg,,Yes,No,No,Yes,,Yes,Yes,,No,No
BrainTumor_05267.jpg,,Yes,Yes,Yes,No,No,,,Yes,Yes,
BrainTumor_05268.jpg,Yes,No,,Yes,,No,No,No,Yes,No,No
BrainTumor_05269.jpg,Yes,No,No,Yes,,,No,,Yes,Yes,No
BrainTumor_05270.jpg,,Yes,No,,,No,,No,Yes,,Yes
BrainTumor_05271.jpg,No,No,Yes,,No,,Yes,Yes,,,
BrainTumor_05272.jpg,Yes,Yes,Yes,Yes,,Yes,Yes,Yes,Yes,No,
BrainTumor_05273.jpg,No,,,No,,No,,No,No,Yes,No
BrainTumor_05274.jpg,,Yes,,Yes,Yes,No,,No,,No,
BrainTumor_05275.jpg,Yes,,,Yes,No,Yes,,Yes,Yes,Yes,Yes
BrainTumor_05276.jpg,No,No,No,,Yes,Yes,Yes,No,Yes,No,
BrainTumor_05277.jpg,Yes,No,No,No,Yes,Yes,Yes,Yes,Yes,,Yes
BrainTumor_05278.jpg,,,Yes,No,Yes,No,,No,Yes,Yes,Yes
BrainTumor_05279.jpg,No,No,No,No,No,,Yes,Yes,No,Yes,No
BrainTumor_05280.jpg,,No,Yes,Yes,Yes,Yes,Yes,No,,Yes,
BrainTumor_05281.jpg,No,Yes,No,Yes,Yes,No,Yes,,,Yes,Yes
BrainTumor_05282.jpg,Yes,No,Yes,No,Yes,Yes,,No,No,,No
BrainTumor_05283.jpg,Yes,Yes,Yes,No,Yes,Yes,,No,Yes,,Yes
BrainTumor_05284.jpg,No,No,Yes,,,,No,No,,,
BrainTumor_05285.jpg,No,Yes,No,No,Yes,No,,,,No,Yes
BrainTumor_05286.jpg,No,Yes,Yes,Yes,No,Yes,No,,No,,Yes
BrainTumor_05287.jpg,No,,Yes,No,,,No,No,No,,Yes
BrainTumor_05288.jpg,No,Yes,,Yes,,Yes,Yes,No,No,Yes,
BrainTumor_05289.jpg,No,Yes,Yes,Yes,Yes,Yes,Yes,No,No,No,Yes
BrainTumor_05290.jpg,Yes,,,No,,Yes,No,No,Yes,Yes,
BrainTumor_05291.jpg,No,,No,,No,Yes,Yes,Yes,Yes,No,No
BrainTumor_05292.jpg,Yes,,,Yes,,,Yes,,Yes,No,Yes
BrainTumor_05293.jpg,No,Yes,Yes,Yes,,,,No,Yes,Yes,Yes
BrainTumor_05294.jpg,,No,Yes,,,No,No,Yes,No,No,
BrainTumor_05295.jpg,,Yes,No,Yes,No,Yes,Yes,Yes,No,No,Yes
BrainTumor_05296.jpg,Yes,Yes,,No,No,Yes,,Yes,,,No
BrainTumor_05297.jpg,Yes,No,Yes,No,Yes,,No,No,No,No,
BrainTumor_05298.jpg,,Yes,Yes,Yes,,No,No,No,Yes,Yes,Yes
BrainTumor_05299.jpg,,No,,Yes,No,,No,,Yes,No,Yes
BrainTumor_05300.jpg,Yes,Yes,Yes,No,,,No,,Yes,No,No
BrainTumor_05301.jpg,No,Yes,,,,No,No,,No,,No
BrainTumor_05302.jpg,Yes,Yes,Yes,Yes,,No,Yes,,,Yes,No
BrainTumor_05303.jpg,,No,,,Yes,Yes,Yes,,Yes,No,No
BrainTumor_05304.jpg,Yes,,Yes,No,,No,Yes,,,Yes,No
BrainTumor_05305.jpg,,,Yes,,,Yes,No,No,No,,No
BrainTumor_05306.jpg,Yes,No,,No,No,Yes,,Yes,Yes,,
BrainTumor_05307.jpg,,,Yes,No,No,Yes,Yes,,No,Yes,Yes
BrainTumor_05308.jpg,Yes,No,No,No,Yes,Yes,No,Yes,No,No,No
BrainTumor_05309.jpg,Yes,No,No,Yes,,Yes,No,No,,Yes,Yes
BrainTumor_05310.jpg,Yes,,Yes,No,Yes,No,No,No,,No,No
BrainTumor_05311.jpg,No,Yes,Yes,,No,No,Yes,No,No,No,No
BrainTumor_05312.jpg,No,No,,No,Yes,,No,No,Yes,Yes,No
BrainTumor_05313.jpg,No,No,Yes,,No,,Yes,,Yes,,
BrainTumor_05314.jpg,No,,,,No,No,No,Yes,,,Yes
BrainTumor_05315.jpg,No,,Yes,,No,,,Yes,Yes,,Yes
BrainTumor_05316.jpg,Yes,No,Yes,No,Yes,No,No,,Yes,Yes,No
BrainTumor_05317.jpg,,No,,Yes,Yes,No,Yes,,No,,
BrainTumor_05318.jpg,,,No,,,,,,,Yes,No
BrainTumor_05319.jpg,,Yes,No,No,No,No,No,,Yes,No,
BrainTumor_05320.jpg,Yes,Yes,Yes,,No,,Yes,,,No,Yes
BrainTumor_05321.jpg,Yes,No,No,,No,No,,,Yes,,
BrainTumor_05322.jpg,No,Yes,No,Yes,,Yes,Yes,,No,Yes,No
BrainTumor_05323.jpg,Yes,Yes,Yes,Yes,,,No,Yes,No,,No
BrainTumor_05324.jpg,No,,,Yes,Yes,Yes,,,Yes,Yes,No
BrainTumor_05325.jpg,,Yes,,No,,Yes,Yes,,Yes,Yes,Yes
BrainTumor_05326.jpg,Yes,,,,No,Yes,Yes,Yes,Yes,No,
BrainTumor_05327.jpg,Yes,No,,Yes,No,,Yes,Yes,No,Yes,
BrainTumor_05328.jpg,Yes,No,Yes,No,,No,,,,Yes,
BrainTumor_05329.jpg,No,,Yes,No,,Yes,No,Yes,,,Yes
BrainTumor_05330.jpg,Yes,Yes,No,Yes,Yes,No,,No,Yes,,No
BrainTumor_05331.jpg,No,No,No,No,Yes,Yes,,Yes,No,Yes,No
BrainTumor_05332.jpg,No,No,,Yes,Yes,,Yes,Yes,Yes,Yes,
BrainTumor_05333.jpg,Yes,Yes,No,No,,,Yes,Yes,No,No,
BrainTumor_05334.jpg,No,,,Yes,Yes,No,No,No,No,No,Yes
BrainTumor_05335.jpg,,No,No,,No,,,Yes,No,Yes,Yes
BrainTumor_05336.jpg,,Yes,,,,,No,,No,,
BrainTumor_05337.jpg,,Yes,Yes,,No,Yes,No,No,No,,Yes
BrainTumor_05338.jpg,Yes,,No,,,Yes,Yes,Yes,No,Yes,No
BrainTumor_05339.jpg,Yes,Yes,No,,No,Yes,Yes,No,Yes,,Yes
BrainTumor_05340.jpg,,,Yes,,Yes,No,,Yes,Yes,,No
BrainTumor_05341.jpg,No,Yes,No,,,Yes,No,No,,No,Yes
BrainTumor_05342.jpg,Yes,Yes,Yes,Yes,Yes,,,,,,Yes
BrainTumor_05343.jpg,Yes,Yes,,Yes,No,No,No,No,,,
BrainTumor_05344.jpg,Yes,Yes,Yes,No,Yes,Yes,Yes,No,No,Yes,Yes
BrainTumor_05345.jpg,No,No,No,,,Yes,No,Yes,Yes,Yes,
BrainTumor_05346.jpg,,No,Yes,No,,Yes,,Yes,,Yes,No
BrainTumor_05347.jpg,Yes,Yes,No,Yes,Yes,Yes,,No,,No,No
BrainTumor_05348.jpg,Yes,,,,No,Yes,Yes,Yes,Yes,Yes,
BrainTumor_05349.jpg,Yes,Yes,Yes,Yes,Yes,No,,,,No,No
BrainTumor_05350.jpg,Yes,Yes,,,Yes,No,Yes,Yes,No,Yes,
BrainTumor_05351.jpg,No,No,No,No,Yes,,,No,No,No,Yes
BrainTumor_05352.jpg,Yes,Yes,,No,No,No,Yes,No,No,No,Yes
BrainTumor_05353.jpg,,,No,Yes,,No,No,Yes,,Yes,No
BrainTumor_05354.jpg,No,,No,Yes,Yes,,,No,No,,No
BrainTumor_05355.jpg,,No,,No,,No,No,No,Yes,,Yes
BrainTumor_05356.jpg,Yes,,Yes,,No,Yes,Yes,Yes,No,No,No
BrainTumor_05357.jpg,Yes,No,No,Yes,Yes,No,Yes,,,No,No
BrainTumor_05358.jpg,,No,,Yes,No,No,No,Yes,,,Yes
BrainTumor_05359.jpg,,Yes,,,No,Yes,,,Yes,,No
BrainTumor_05360.jpg,Yes,No,No,Yes,Yes,No,Yes,No,No,No,No
BrainTumor_05361.jpg,,Yes,,,,,No,,No,,No
BrainTumor_05362.jpg,Yes,,,Yes,,,,Yes,,,
BrainTumor_05363.jpg,,Yes,No,,No,Yes,,,Yes,No,Yes
BrainTumor_05364.jpg,No,No,No,No,,No,No,No,Yes,No,Yes
BrainTumor_05365.jpg,No,Yes,No,Yes,Yes,No,Yes,,,Yes,Yes
BrainTumor_05366.jpg,Yes,,Yes,,Yes,,Yes,Yes,Yes,,
BrainTumor_05367.jpg,,,Yes,Yes,Yes,Yes,,No,,Yes,Yes
BrainTumor_05368.jpg,No,No,Yes,No,No,Yes,,,No,No,Yes
BrainTumor_05369.jpg,Yes,Yes,No,No,,No,Yes,,,No,No
BrainTumor_05370.jpg,Yes,No,No,Yes,,,,Yes,,,
BrainTumor_05371.jpg,,,,,No,No,No,Yes,Yes,Yes,
BrainTumor_05372.jpg,Yes,,,,No,No,No,,No,Yes,
BrainTumor_05373.jpg,No,Yes,,No,,Yes,No,No,Yes,No,Yes
BrainTumor_05374.jpg,Yes,,,,Yes,No,Yes,Yes,No,Yes,
BrainTumor_05375.jpg,Yes,Yes,,Yes,No,Yes,Yes,No,Yes,No,Yes
BrainTumor_05376.jpg,,No,No,Yes,,Yes,No,,No,Yes,
BrainTumor_05377.jpg,No,,Yes,No,No,,,Yes,Yes,No,No
BrainTumor_05378.jpg,Yes,,No,No,Yes,Yes,Yes,,,No,Yes
BrainTumor_05379.jpg,,No,,No,Yes,Yes,Yes,,,No,
BrainTumor_05380.jpg,Yes,Yes,Yes,No,Yes,,No,Yes,,,Yes
BrainTumor_05381.jpg,Yes,,Yes,No,Yes,,,No,No,,Yes
BrainTumor_05382.jpg,,No,Yes,Yes,,Yes,No,No,No,No,
BrainTumor_05383.jpg,Yes,,,,,No,,No,No,Yes,No
BrainTumor_05384.jpg,No,,,,Yes,No,Yes,Yes,Yes,No,Yes
BrainTumor_05385.jpg,,No,No,,No,Yes,Yes,No,No,Yes,Yes
BrainTumor_05386.jpg,Yes,,No,No,,No,,,Yes,,Yes
BrainTumor_05387.jpg,,No,No,No,Yes,,,No,No,,No
BrainTumor_05388.jpg,Yes,No,No,,,Yes,,Yes,,,No
BrainTumor_05389.jpg,Yes,No,No,Yes,Yes,No,Yes,Yes,No,Yes,Yes
BrainTumor_05390.jpg,Yes,No,No,,,No,No,,,,No
BrainTumor_05391.jpg,No,Yes,No,No,No,Yes,Yes,No,,No,No
BrainTumor_05392.jpg,,,Yes,Yes,No,No,No,No,,No,
BrainTumor_05393.jpg,No,No,,No,,,No,No,No,Yes,
BrainTumor_05394.jpg,,,,No,,,Yes,No,No,No,No
BrainTumor_05395.jpg,,Yes,,No,No,Yes,Yes,Yes,,No,
BrainTumor_05396.jpg,Yes,No,No,No,,No,Yes,,Yes,Yes,Yes
BrainTumor_05397.jpg,Yes,,,Yes,,No,No,,No,Yes,No
BrainTumor_05398.jpg,,,No,No,,Yes,,,No,Yes,
BrainTumor_05399.jpg,Yes,,,,,No,No,,,,No
BrainTumor_05400.jpg,,No,No,,Yes,,,,,No,Yes
BrainTumor_05401.jpg,No,No,Yes,No,,,No,,Yes,No,Yes
BrainTumor_05402.jpg,No,No,,Yes,,,,No,No,No,No
BrainTumor_05403.jpg,Yes,,,No,Yes,Yes,Yes,No,Yes,No,
BrainTumor_05404.jpg,No,Yes,Yes,No,No,,,Yes,,Yes,No
BrainTumor_05405.jpg,,Yes,,Yes,,No,No,,No,Yes,No
BrainTumor_05406.jpg,,,No,No,Yes,,,Yes,Yes,,
BrainTumor_05407.jpg,,No,No,,,Yes,Yes,,,Yes,
BrainTumor_05408.jpg,,,Yes,No,,Yes,No,,,No,No
BrainTumor_05409.jpg,No,No,Yes,No,No,Yes,Yes,,No,No,
BrainTumor_05410.jpg,,,No,No,No,,No,,No,No,No
BrainTumor_05411.jpg,Yes,No,No,,No,No,Yes,Yes,Yes,No,Yes
BrainTumor_05412.jpg,,,Yes,No,,Yes,Yes,Yes,,Yes,
BrainTumor_05413.jpg,No,Yes,No,Yes,,Yes,,Yes,,,
BrainTumor_05414.jpg,Yes,No,,,,,No,Yes,No,No,
BrainTumor_05415.jpg,No,,,Yes,No,,,Yes,,Yes,Yes
BrainTumor_05416.jpg,Yes,No,Yes,,No,No,No,Yes,Yes,,No
BrainTumor_05417.jpg,No,Yes,No,Yes,,Yes,Yes,,No,Yes,
BrainTumor_05418.jpg,Yes,No,,,No,Yes,Yes,,,Yes,
BrainTumor_05419.jpg,Yes,No,,,Yes,Yes,,Yes,,No,Yes
BrainTumor_05420.jpg,No,,No,,Yes,,Yes,No,Yes,No,
BrainTumor_05421.jpg,No,,,No,,,,No,No,Yes,Yes
BrainTumor_05422.jpg,Yes,,No,Yes,,Yes,,Yes,Yes,,No
BrainTumor_05423.jpg,No,Yes,Yes,No,,No,No,,No,Yes,Yes
BrainTumor_05424.jpg,No,Yes,Yes,,Yes,Yes,,Yes,,Yes,Yes
BrainTumor_05425.jpg,,Yes,Yes,,No,Yes,,Yes,No,,Yes
BrainTumor_05426.jpg,Yes,Yes,No,No,Yes,Yes,No,,,Yes,Yes
BrainTumor_05427.jpg,No,No,No,No,No,No,Yes,No,,,Yes
BrainTumor_05428.jpg,,,No,Yes,No,,Yes,No,No,,
BrainTumor_05429.jpg,Yes,No,Yes,No,No,Yes,,No,,Yes,
BrainTumor_05430.jpg,No,Yes,Yes,,,Yes,No,No,Yes,No,Yes
BrainTumor_05431.jpg,,,,Yes,Yes,,No,No,Yes,No,Yes
BrainTumor_05432.jpg,No,,Yes,No,,,,Yes,Yes,Yes,Yes
BrainTumor_05433.jpg,,Yes,Yes,No,,No,,No,No,Yes,Yes
BrainTumor_05434.jpg,No,Yes,No,,,,,,Yes,,
BrainTumor_05435.jpg,Yes,No,No,Yes,,No,Yes,No,No,No,Yes
BrainTumor_05436.jpg,Yes,No,,,,No,Yes,,No,,Yes
BrainTumor_05437.jpg,Yes,No,Yes,No,No,,,No,No,,
BrainTumor_05438.jpg,,,Yes,Yes,,Yes,No,No,,Yes,Yes
BrainTumor_05439.jpg,,No,No,No,No,Yes,Yes,Yes,Yes,,
BrainTumor_05440.jpg,,,,,,No,Yes,,,Yes,No
BrainTumor_05441.jpg,No,,No,,Yes,,,No,Yes,Yes,Yes
BrainTumor_05442.jpg,,,No,,,No,,,,,
BrainTumor_05443.jpg,,,No,Yes,No,Yes,No,Yes,,,
BrainTumor_05444.jpg,,Yes,,,Yes,No,No,Yes,Yes,Yes,Yes
BrainTumor_05445.jpg,Yes,,Yes,Yes,No,No,,Yes,Yes,,
BrainTumor_05446.jpg,,No,No,Yes,Yes,Yes,,,No,Yes,Yes
BrainTumor_05447.jpg,,No,No,,Yes,,No,,No,,
BrainTumor_05448.jpg,No,No,No,Yes,No,,,,Yes,No,
BrainTumor_05449.jpg,No,No,No,No,Yes,Yes,,No,No,No,Yes
BrainTumor_05450.jpg,No,Yes,,,No,Yes,Yes,Yes,No,,No
BrainTumor_05451.jpg,,No,,Yes,Yes,,Yes,,Yes,,Yes
BrainTumor_05452.jpg,Yes,Yes,Yes,No,,No,Yes,,,Yes,Yes
BrainTumor_05453.jpg,No,Yes,Yes,No,No,No,Yes,Yes,,,
BrainTumor_05454.jpg,No,,No,No,Yes,Yes,,No,,No,Yes
BrainTumor_05455.jpg,Yes,Yes,Yes,No,Yes,No,Yes,Yes,,,Yes
BrainTumor_05456.jpg,,,No,,No,,Yes,,No,,Yes
BrainTumor_05457.jpg,Yes,Yes,,Yes,Yes,Yes,,,,Yes,Yes
BrainTumor_05458.jpg,,,,,No,,,No,Yes,No,No
BrainTumor_05459.jpg,Yes,,,,No,Yes,,No,,,
BrainTumor_05460.jpg,Yes,Yes,Yes,Yes,No,Yes,Yes,Yes,,,
BrainTumor_05461.jpg,No,No,,No,,No,Yes,No,,,No
BrainTumor_05462.jpg,Yes,,Yes,No,No,,No,No,No,Yes,
BrainTumor_05463.jpg,Yes,Yes,Yes,No,No,,No,No,Yes,Yes,
BrainTumor_05464.jpg,,Yes,No,Yes,No,No,,Yes,No,,No
BrainTumor_05465.jpg,Yes,Yes,Yes,Yes,Yes,No,Yes,Yes,,Yes,Yes
BrainTumor_05466.jpg,No,Yes,Yes,,No,No,No,,No,No,No
BrainTumor_05467.jpg,No,Yes,Yes,,Yes,Yes,No,No,No,,No
BrainTumor_05468.jpg,,No,Yes,No,Yes,,,,Yes,No,
BrainTumor_05469.jpg,Yes,No,No,No,,No,,No,,,
BrainTumor_05470.jpg,Yes,,,,No,No,,Yes,Yes,No,Yes
BrainTumor_05471.jpg,,Yes,,,Yes,Yes,,,,No,
BrainTumor_05472.jpg,No,,Yes,Yes,,,,,Yes,Yes,No
BrainTumor_05473.jpg,No,Yes,Yes,No,No,,Yes,Yes,,No,
BrainTumor_05474.jpg,,Yes,No,,,No,,Yes,No,No,
BrainTumor_05475.jpg,,No,,No,,,Yes,,Yes,Yes,No
BrainTumor_05476.jpg,Yes,,Yes,Yes,No,Yes,Yes,No,No,,
BrainTumor_05477.jpg,Yes,Yes,No,Yes,No,,No,No,No,Yes,Yes
BrainTumor_05478.jpg,,,,Yes,,No,,,No,No,Yes
BrainTumor_05479.jpg,No,,No,No,Yes,Yes,Yes,No,Yes,No,Yes
BrainTumor_05480.jpg,Yes,No,No,,Yes,No,,No,Yes,,Yes
BrainTumor_05481.jpg,No,Yes,,No,Yes,,,Yes,,,No
BrainTumor_05482.jpg,,,No,No,Yes,No,Yes,Yes,Yes,Yes,Yes
BrainTumor_05483.jpg,No,Yes,No,No,,No,Yes,No,,Yes,Yes
BrainTumor_05484.jpg,Yes,No,,No,,,No,No,,No,No
BrainTumor_05485.jpg,No,Yes,No,,,,No,,,Yes,No
BrainTumor_05486.jpg,Yes,,No,,,,Yes,No,Yes,,
BrainTumor_05487.jpg,,No,Yes,No,No,No,Yes,No,No,Yes,Yes
BrainTumor_05488.jpg,,No,No,Yes,Yes,No,Yes,Yes,Yes,,No
BrainTumor_05489.jpg,Yes,Yes,No,No,No,No,No,No,Yes,Yes,Yes
BrainTumor_05490.jpg,No,Yes,No,,No,No,,No,Yes,,
BrainTumor_05491.jpg,No,No,No,Yes,,,,,,Yes,
BrainTumor_05492.jpg,No,No,Yes,,,Yes,,,No,,No
BrainTumor_05493.jpg,Yes,,Yes,No,,Yes,,Yes,,No,
BrainTumor_05494.jpg,No,No,,Yes,Yes,Yes,No,Yes,,Yes,Yes
BrainTumor_05495.jpg,Yes,No,,Yes,No,No,,,Yes,Yes,
BrainTumor_05496.jpg,,,,Yes,Yes,Yes,Yes,,Yes,No,
BrainTumor_05497.jpg,,No,,,,No,,Yes,No,No,
BrainTumor_05498.jpg,No,No,No,No,Yes,,,No,Yes,No,No
BrainTumor_05499.jpg,,No,No,No,Yes,,No,Yes,No,,No
BrainTumor_05500.jpg,,Yes,Yes,No,No,,Yes,Yes,Yes,Yes,
BrainTumor_05501.jpg,No,,No,,No,,,,,,Yes
BrainTumor_05502.jpg,,No,No,Yes,,No,Yes,,Yes,No,No
BrainTumor_05503.jpg,,No,No,,Yes,No,Yes,,Yes,Yes,No
BrainTumor_05504.jpg,Yes,Yes,,Yes,No,Yes,,,,Yes,
BrainTumor_05505.jpg,,No,No,,Yes,No,No,Yes,Yes,,
BrainTumor_05506.jpg,Yes,Yes,,,,,Yes,No,Yes,,No
BrainTumor_05507.jpg,,,No,No,No,No,No,Yes,No,,No
BrainTumor_05508.jpg,Yes,,No,Yes,,,,Yes,Yes,,No
BrainTumor_05509.jpg,Yes,,Yes,Yes,,,No,No,Yes,Yes,No
BrainTumor_05510.jpg,Yes,No,No,,Yes,,Yes,No,,No,Yes
BrainTumor_05511.jpg,Yes,,Yes,No,No,Yes,Yes,Yes,Yes,Yes,
BrainTumor_05512.jpg,,,No,No,,Yes,Yes,,Yes,No,No
BrainTumor_05513.jpg,Yes,Yes,,Yes,,,No,No,Yes,No,
BrainTumor_05514.jpg,Yes,Yes,Yes,Yes,No,,,,Yes,,Yes
BrainTumor_05515.jpg,Yes,No,Yes,Yes,No,No,,No,,,
BrainTumor_05516.jpg,No,No,,Yes,,,No,Yes,No,Yes,
BrainTumor_05517.jpg,Yes,Yes,Yes,Yes,Yes,Yes,,No,No,Yes,Yes
BrainTumor_05518.jpg,,,Yes,Yes,Yes,Yes,No,,,No,Yes
BrainTumor_05519.jpg,,Yes,Yes,Yes,Yes,,Yes,,No,No,
BrainTumor_05520.jpg,No,Yes,Yes,Yes,Yes,,,,No,,Yes
BrainTumor_05521.jpg,No,No,No,Yes,,Yes,Yes,Yes,,Yes,No
BrainTumor_05522.jpg,No,Yes,Yes,Yes,,No,Yes,No,Yes,,
BrainTumor_05523.jpg,No,No,,No,Yes,Yes,Yes,No,Yes,Yes,Yes
BrainTumor_05524.jpg,No,Yes,,No,No,Yes,Yes,Yes,,No,No
BrainTumor_05525.jpg,,No,Yes,No,Yes,No,Yes,Yes,,,
BrainTumor_05526.jpg,No,,,,,Yes,,,No,No,No
BrainTumor_05527.jpg,Yes,No,,,Yes,Yes,Yes,,,No,Yes
BrainTumor_05528.jpg,,Yes,No,No,,Yes,No,Yes,,No,Yes
BrainTumor_05529.jpg,Yes,No,No,No,,,No,,,No,Yes
BrainTumor_05530.jpg,,,No,Yes,Yes,,,Yes,No,,Yes
BrainTumor_05531.jpg,No,Yes,Yes,Yes,,No,,No,No,No,
BrainTumor_05532.jpg,No,,Yes,No,No,No,Yes,,No,No,Yes
BrainTumor_05533.jpg,,Yes,No,,No,Yes,Yes,Yes,Yes,Yes,Yes
BrainTumor_05534.jpg,No,No,No,,Yes,No,Yes,Yes,No,No,
BrainTumor_05535.jpg,No,,No,,Yes,Yes,Yes,,,Yes,No
BrainTumor_05536.jpg,No,No,No,No,Yes,,Yes,,No,No,
BrainTumor_05537.jpg,Yes,No,No,,,No,,Yes,Yes,No,
BrainTumor_05538.jpg,No,No,Yes,,,Yes,No,,No,Yes,No
BrainTumor_05539.jpg,,Yes,No,No,No,No,Yes,Yes,,,Yes
BrainTumor_05540.jpg,,Yes,No,Yes,Yes,Yes,Yes,Yes,,,
BrainTumor_05541.jpg,,,Yes,Yes,Yes,,,Yes,Yes,Yes,No
BrainTumor_05542.jpg,Yes,No,,Yes,Yes,No,,,No,No,Yes
BrainTumor_05543.jpg,Yes,No,Yes,Yes,No,Yes,,No,Yes,,Yes
BrainTumor_05544.jpg,Yes,No,Yes,Yes,Yes,,,,,No,No
BrainTumor_05545.jpg,,Yes,Yes,Yes,No,Yes,,Yes,Yes,No,Yes
BrainTumor_05546.jpg,,,No,,No,Yes,,No,,,
BrainTumor_05547.jpg,Yes,,,No,,No,,Yes,Yes,Yes,No
BrainTumor_05548.jpg,,No,No,,Yes,Yes,No,,No,,
BrainTumor_05549.jpg,No,Yes,Yes,Yes,,,,,,,No
BrainTumor_05550.jpg,No,No,,No,,Yes,No,No,No,,Yes
BrainTumor_05551.jpg,,Yes,No,Yes,No,No,,No,No,,Yes
BrainTumor_05552.jpg,,Yes,No,Yes,,No,No,,,,
BrainTumor_05553.jpg,Yes,Yes,No,Yes,No,,,No,Yes,Yes,
BrainTumor_05554.jpg,,,Yes,,No,No,Yes,No,Yes,No,
BrainTumor_05555.jpg,No,,,,No,Yes,No,Yes,No,,
BrainTumor_05556.jpg,No,,Yes,Yes,,Yes,No,Yes,No,,No
BrainTumor_05557.jpg,,Yes,Yes,Yes,Yes,,Yes,Yes,,Yes,Yes
BrainTumor_05558.jpg,Yes,Yes,No,No,Yes,Yes,Yes,Yes,Yes,Yes,No
BrainTumor_05559.jpg,,No,Yes,Yes,,Yes,No,No,,No,No
BrainTumor_05560.jpg,Yes,Yes,Yes,,,,Yes,No,Yes,,Yes
BrainTumor_05561.jpg,Yes,No,Yes,No,,No,Yes,,,No,Yes
BrainTumor_05562.jpg,Yes,Yes,,No,,No,,,,No,
BrainTumor_05563.jpg,No,No,,,Yes,,No,No,No,,Yes
BrainTumor_05564.jpg,,,,Yes,Yes,No,Yes,,,No,No
BrainTumor_05565.jpg,,,Yes,,No,,,No,,,
BrainTumor_05566.jpg,,Yes,No,,Yes,No,Yes,Yes,No,No,No
BrainTumor_05567.jpg,Yes,No,,No,,No,No,Yes,Yes,No,
BrainTumor_05568.jpg,Yes,,Yes,Yes,,No,,No,,,Yes
BrainTumor_05569.jpg,Yes,Yes,,,Yes,Yes,,Yes,,,No
BrainTumor_05570.jpg,,No,,Yes,No,No,No,Yes,No,No,
BrainTumor_05571.jpg,No,,Yes,No,No,,No,No,Yes,No,Yes
BrainTumor_05572.jpg,,Yes,,No,Yes,No,No,No,No,,No
BrainTumor_05573.jpg,Yes,,,,No,No,Yes,No,No,No,
BrainTumor_05574.jpg,Yes,No,Yes,Yes,Yes,No,No,,,,
BrainTumor_05575.jpg,Yes,,Yes,Yes,No,No,,No,,Yes,Yes
BrainTumor_05576.jpg,Yes,Yes,Yes,No,Yes,No,,,Yes,No,
BrainTumor_05577.jpg,Yes,Yes,,,,,No,,No,No,No
BrainTumor_05578.jpg,No,,,Yes,Yes,Yes,,Yes,Yes,No,No
BrainTumor_05579.jpg,No,Yes,No,No,No,,Yes,Yes,,,
BrainTumor_05580.jpg,Yes,Yes,No,,,,Yes,,,Yes,Yes
BrainTumor_05581.jpg,No,No,Yes,,Yes,Yes,No,,,No,Yes
BrainTumor_05582.jpg,,No,No,,No,,,No,No,No,
BrainTumor_05583.jpg,No,,No,No,,No,,No,No,,Yes
BrainTumor_05584.jpg,Yes,,,Yes,Yes,,No,,Yes,,No
BrainTumor_05585.jpg,No,No,Yes,No,Yes,No,,No,,No,
BrainTumor_05586.jpg,,No,,No,Yes,No,Yes,Yes,Yes,,
BrainTumor_05587.jpg,,No,,Yes,Yes,Yes,,Yes,No,Yes,
BrainTumor_05588.jpg,,No,Yes,Yes,Yes,No,Yes,No,No,,Yes
BrainTumor_05589.jpg,No,No,,No,Yes,Yes,,No,Yes,,Yes
BrainTumor_05590.jpg,No,No,Yes,Yes,Yes,Yes,Yes,,Yes,,
BrainTumor_05591.jpg,No,Yes,No,No,No,Yes,,No,,,No
BrainTumor_05592.jpg,No,,No,,No,No,,No,No,Yes,Yes
BrainTumor_05593.jpg,No,,,Yes,No,No,No,Yes,No,No,Yes
BrainTumor_05594.jpg,No,No,No,No,Yes,,Yes,No,Yes,No,No
BrainTumor_05595.jpg,,No,Yes,Yes,,No,,Yes,No,Yes,No
BrainTumor_05596.jpg,No,,,,,No,Yes,No,No,No,Yes
BrainTumor_05597.jpg,No,,No,,No,Yes,Yes,Yes,Yes,No,
BrainTumor_05598.jpg,,No,No,No,,Yes,,Yes,,No,Yes
BrainTumor_05599.jpg,,,,Yes,,,No,,Yes,,Yes
BrainTumor_05600.jpg,No,Yes,Yes,,,No,Yes,No,No,No,No
BrainTumor_05601.jpg,Yes,No,Yes,No,No,Yes,No,Yes,,,
BrainTumor_05602.jpg,Yes,No,Yes,Yes,Yes,Yes,,Yes,,Yes,Yes
BrainTumor_05603.jpg,No,Yes,Yes,No,No,,No,,Yes,Yes,Yes
BrainTumor_05604.jpg,,Yes,Yes,,,Yes,,No,No,No,Yes
BrainTumor_05605.jpg,No,No,No,Yes,No,No,No,No,,Yes,
BrainTumor_05606.jpg,,No,Yes,,Yes,No,,Yes,Yes,No,Yes
BrainTumor_05607.jpg,No,No,,,Yes,No,Yes,,,Yes,
BrainTumor_05608.jpg,No,Yes,,Yes,Yes,Yes,No,No,No,,
BrainTumor_05609.jpg,Yes,No,,No,,No,Yes,Yes,,No,No
BrainTumor_05610.jpg,No,No,Yes,Yes,,,,Yes,No,Yes,
BrainTumor_05611.jpg,Yes,,Yes,Yes,,Yes,Yes,,No,No,No
BrainTumor_05612.jpg,Yes,No,No,No,Yes,No,No,No,,,No
BrainTumor_05613.jpg,No,No,,No,,,Yes,No,Yes,Yes,No
BrainTumor_05614.jpg,No,,,No,Yes,No,No,Yes,Yes,No,
BrainTumor_05615.jpg,Yes,Yes,No,,Yes,,,No,,Yes,No
BrainTumor_05616.jpg,,Yes,,,,,,,,,Yes
BrainTumor_05617.jpg,Yes,,Yes,Yes,Yes,Yes,Yes,Yes,,Yes,
BrainTumor_05618.jpg,,,No,No,Yes,,Yes,,No,,
BrainTumor_05619.jpg,,,Yes,,No,No,,Yes,No,,Yes
BrainTumor_05620.jpg,Yes,No,Yes,Yes,No,,,No,Yes,Yes,No
BrainTumor_05621.jpg,,Yes,,,No,No,Yes,,,Yes,
BrainTumor_05622.jpg,No,,No,No,No,Yes,Yes,No,,,Yes
BrainTumor_05623.jpg,,,No,,,,No,No,No,Yes,No
BrainTumor_05624.jpg,No,Yes,,,,Yes,No,No,No,Yes,No
BrainTumor_05625.jpg,,Yes,Yes,,Yes,,Yes,No,Yes,,Yes
BrainTumor_05626.jpg,Yes,No,Yes,No,,No,,Yes,Yes,,
BrainTumor_05627.jpg,,No,Yes,Yes,,Yes,Yes,,,,No
BrainTumor_05628.jpg,,No,,,No,,,No,No,Yes,
BrainTumor_05629.jpg,No,Yes,No,Yes,,Yes,Yes,No,No,No,Yes
BrainTumor_05630.jpg,,No,Yes,No,No,,Yes,,No,No,
BrainTumor_05631.jpg,,Yes,Yes,Yes,,,Yes,No,Yes,Yes,Yes
BrainTumor_05632.jpg,,No,No,No,No,,Yes,,No,,No
BrainTumor_05633.jpg,,No,Yes,No,Yes,Yes,,No,,No,Yes
BrainTumor_05634.jpg,,Yes,No,Yes,Yes,No,No,Yes,Yes,Yes,
BrainTumor_05635.jpg,Yes,Yes,,No,Yes,,No,,No,,Yes
BrainTumor_05636.jpg,,,No,No,,No,,,Yes,,No
BrainTumor_05637.jpg,Yes,No,Yes,No,No,Yes,Yes,Yes,No,,Yes
BrainTumor_05638.jpg,No,No,No,No,,,,,,Yes,
BrainTumor_05639.jpg,No,No,No,,No,No,No,Yes,No,No,Yes
BrainTumor_05640.jpg,,Yes,No,No,No,,Yes,,No,No,No
BrainTumor_05641.jpg,,Yes,Yes,,Yes,,,,No,No,Yes
BrainTumor_05642.jpg,No,No,,,No,No,,Yes,,,Yes
BrainTumor_05643.jpg,Yes,Yes,Yes,Yes,,Yes,,Yes,Yes,Yes,No
BrainTumor_05644.jpg,No,Yes,,No,,,No,,,Yes,Yes
BrainTumor_05645.jpg,,,Yes,Yes,,Yes,No,,No,Yes,Yes
BrainTumor_05646.jpg,Yes,No,,No,No,,Yes,,No,,
BrainTumor_05647.jpg,No,No,No,Yes,Yes,No,Yes,No,No,No,
BrainTumor_05648.jpg,No,Yes,No,No,No,No,No,,,No,No
BrainTumor_05649.jpg,Yes,No,,No,Yes,Yes,No,No,,No,
BrainTumor_05650.jpg,No,Yes,Yes,No,Yes,No,,Yes,No,Yes,No
BrainTumor_05651.jpg,No,No,No,No,,No,Yes,Yes,Yes,,
BrainTumor_05652.jpg,Yes,No,Yes,Yes,No,,,,,Yes,No
BrainTumor_05653.jpg,Yes,Yes,,No,,Yes,,,No,,Yes
BrainTumor_05654.jpg,Yes,Yes,,,Yes,,,,No,,
BrainTumor_05655.jpg,No,Yes,No,No,Yes,,No,,Yes,,No
BrainTumor_05656.jpg,Yes,Yes,Yes,No,No,No,,No,No,Yes,
BrainTumor_05657.jpg,,,No,,No,No,No,Yes,Yes,Yes,No
BrainTumor_05658.jpg,No,No,,Yes,No,No,No,,No,No,Yes
BrainTumor_05659.jpg,No,No,Yes,,,Yes,,,,,Yes
BrainTumor_05660.jpg,No,No,,,Yes,Yes,No,,No,No,
BrainTumor_05661.jpg,,Yes,,No,,,No,Yes,Yes,No,
BrainTumor_05662.jpg,No,Yes,Yes,No,No,Yes,No,No,Yes,No,No
BrainTumor_05663.jpg,,,Yes,No,No,No,Yes,Yes,Yes,Yes,No
BrainTumor_05664.jpg,,No,No,No,Yes,Yes,,,,Yes,Yes
BrainTumor_05665.jpg,Yes,,Yes,,,,No,Yes,No,No,Yes
BrainTumor_05666.jpg,No,Yes,,Yes,Yes,No,,Yes,No,,No
BrainTumor_05667.jpg,Yes,Yes,Yes,Yes,Yes,Yes,Yes,No,No,No,No
BrainTumor_05668.jpg,,,No,No,,Yes,No,,Yes,,No
BrainTumor_05669.jpg,,,Yes,Yes,,,Yes,Yes,Yes,,Yes
BrainTumor_05670.jpg,No,Yes,No,,,No,No,,No,,Yes
BrainTumor_05671.jpg,Yes,Yes,,Yes,No,Yes,,No,,No,Yes
BrainTumor_05672.jpg,,,Yes,,,No,Yes,Yes,No,,No
BrainTumor_05673.jpg,,,No,No,Yes,,No,Yes,,No,No
BrainTumor_05674.jpg,,,No,,,No,Yes,Yes,Yes,Yes,Yes
BrainTumor_05675.jpg,Yes,Yes,,No,Yes,Yes,Yes,Yes,No,,No
BrainTumor_05676.jpg,,No,Yes,No,No,,Yes,Yes,No,,No
BrainTumor_05677.jpg,No,,No,No,No,No,,Yes,No,Yes,
BrainTumor_05678.jpg,,Yes,No,,Yes,Yes,No,No,No,No,No
BrainTumor_05679.jpg,No,,,,,No,,Yes,No,No,Yes
BrainTumor_05680.jpg,No,Yes,,No,No,No,Yes,,No,,Yes
BrainTumor_05681.jpg,,Yes,No,,No,,No,,,,
BrainTumor_05682.jpg,,,No,,,Yes,Yes,No,Yes,No,
BrainTumor_05683.jpg,Yes,Yes,No,Yes,,No,,No,,Yes,Yes
BrainTumor_05684.jpg,No,,,Yes,,No,,,,No,No
BrainTumor_05685.jpg,Yes,Yes,Yes,Yes,No,Yes,,No,,,Yes
BrainTumor_05686.jpg,,No,No,,Yes,No,No,Yes,No,,
BrainTumor_05687.jpg,,Yes,,Yes,,Yes,No,Yes,,Yes,No
BrainTumor_05688.jpg,Yes,No,No,No,Yes,Yes,No,Yes,No,No,No
BrainTumor_05689.jpg,,Yes,No,,Yes,Yes,Yes,,Yes,Yes,Yes
BrainTumor_05690.jpg,Yes,,No,,No,No,Yes,No,,,Yes
BrainTumor_05691.jpg,No,,,Yes,No,No,Yes,Yes,Yes,No,No
BrainTumor_05692.jpg,No,Yes,Yes,No,No,Yes,,No,No,,No
BrainTumor_05693.jpg,,Yes,Yes,No,,Yes,No,No,No,Yes,No
BrainTumor_05694.jpg,,No,No,No,No,,Yes,,No,Yes,
BrainTumor_05695.jpg,,,,,No,Yes,No,,Yes,Yes,
BrainTumor_05696.jpg,,,No,,No,Yes,Yes,No,Yes,,Yes
BrainTumor_05697.jpg,No,Yes,No,Yes,,,,Yes,Yes,Yes,No
BrainTumor_05698.jpg,No,,No,Yes,Yes,No,,No,Yes,Yes,
BrainTumor_05699.jpg,No,No,Yes,No,,No,Yes,No,,Yes,Yes
BrainTumor_05700.jpg,No,Yes,No,No,,Yes,,Yes,Yes,Yes,
BrainTumor_05701.jpg,,,No,,No,No,No,No,No,No,No
BrainTumor_05702.jpg,Yes,No,,,No,Yes,,Yes,No,No,No
BrainTumor_05703.jpg,No,Yes,No,No,Yes,,Yes,No,,,Yes
BrainTumor_05704.jpg,No,,No,No,Yes,Yes,No,No,No,,
BrainTumor_05705.jpg,,,Yes,,,No,Yes,Yes,,,No
BrainTumor_05706.jpg,,Yes,Yes,,No,No,Yes,No,,No,
BrainTumor_05707.jpg,No,,No,,,,Yes,Yes,Yes,No,
BrainTumor_05708.jpg,,No,Yes,,Yes,No,Yes,,No,,
BrainTumor_05709.jpg,No,Yes,,,Yes,Yes,No,Yes,Yes,Yes,Yes
BrainTumor_05710.jpg,Yes,No,Yes,Yes,Yes,,Yes,No,,No,
BrainTumor_05711.jpg,,,Yes,Yes,,No,No,,Yes,No,
BrainTumor_05712.jpg,No,No,No,,,Yes,,Yes,,No,Yes
BrainTumor_05713.jpg,Yes,No,Yes,No,,No,,Yes,Yes,Yes,No
BrainTumor_05714.jpg,,Yes,No,No,Yes,Yes,,,Yes,No,Yes
BrainTumor_05715.jpg,Yes,Yes,Yes,No,No,,Yes,Yes,No,,No
BrainTumor_05716.jpg,,,,No,No,No,Yes,Yes,No,,
BrainTumor_05717.jpg,No,Yes,Yes,No,No,No,,Yes,No,Yes,
BrainTumor_05718.jpg,,Yes,,Yes,Yes,No,,,Yes,,Yes
BrainTumor_05719.jpg,Yes,Yes,,,Yes,,Yes,,Yes,Yes,
BrainTumor_05720.jpg,No,,,,No,,No,,,No,
BrainTumor_05721.jpg,Yes,Yes,Yes,Yes,,No,,No,Yes,,No
BrainTumor_05722.jpg,,Yes,Yes,No,,No,,No,,,
BrainTumor_05723.jpg,No,Yes,No,Yes,,,Yes,Yes,Yes,Yes,
BrainTumor_05724.jpg,No,Yes,No,Yes,No,,No,,No,No,
BrainTumor_05725.jpg,Yes,,Yes,No,,Yes,,Yes,,Yes,
BrainTumor_05726.jpg,No,No,,No,No,,,No,No,No,No
BrainTumor_05727.jpg,,No,,,,,No,No,,,Yes
BrainTumor_05728.jpg,Yes,No,No,Yes,,No,Yes,No,No,Yes,
BrainTumor_05729.jpg,,Yes,,Yes,,No,Yes,,,No,No
BrainTumor_05730.jpg,,,,No,Yes,,Yes,Yes,No,Yes,
BrainTumor_05731.jpg,Yes,,,,No,Yes,,No,Yes,,
BrainTumor_05732.jpg,,,No,Yes,,Yes,,,,No,No
BrainTumor_05733.jpg,No,No,No,,No,Yes,No,No,No,Yes,
BrainTumor_05734.jpg,No,,No,No,,Yes,Yes,,No,No,
BrainTumor_05735.jpg,,No,,Yes,,No,Yes,,No,,Yes
BrainTumor_05736.jpg,,,No,No,,Yes,Yes,,,,Yes
BrainTumor_05737.jpg,,,Yes,Yes,No,No,,,,No,Yes
BrainTumor_05738.jpg,No,No,Yes,,,,No,No,,,
BrainTumor_05739.jpg,Yes,Yes,Yes,,Yes,Yes,Yes,No,Yes,,No
BrainTumor_05740.jpg,Yes,,,,No,Yes,No,,,Yes,No
BrainTumor_05741.jpg,Yes,Yes,Yes,Yes,Yes,No,,Yes,No,,No
BrainTumor_05742.jpg,No,No,No,Yes,No,Yes,,No,,,
BrainTumor_05743.jpg,,No,Yes,No,No,,Yes,Yes,No,No,
BrainTumor_05744.jpg,Yes,Yes,,Yes,No,No,No,,Yes,No,Yes
BrainTumor_05745.jpg,,,No,Yes,,Yes,,No,,No,Yes
BrainTumor_05746.jpg,,Yes,,,,No,,,,,No
BrainTumor_05747.jpg,No,Yes,,,No,Yes,Yes,,No,Yes,
BrainTumor_05748.jpg,No,,No,No,No,Yes,,Yes,Yes,,
BrainTumor_05749.jpg,Yes,No,No,Yes,No,Yes,,Yes,No,No,Yes
BrainTumor_05750.jpg,Yes,No,No,No,No,Yes,No,Yes,Yes,No,No
BrainTumor_05751.jpg,,Yes,Yes,Yes,,No,,,No,,
BrainTumor_05752.jpg,,Yes,No,No,No,,No,Yes,No,Yes,Yes
BrainTumor_05753.jpg,,No,,Yes,No,,,Yes,,No,
BrainTumor_05754.jpg,Yes,Yes,No,No,,Yes,,,,,Yes
BrainTumor_05755.jpg,,Yes,,,No,Yes,,Yes,,,
BrainTumor_05756.jpg,Yes,No,Yes,No,,No,,Yes,Yes,Yes,
BrainTumor_05757.jpg,No,No,No,,Yes,Yes,No,,Yes,No,Yes
BrainTumor_05758.jpg,Yes,No,No,No,Yes,Yes,Yes,,Yes,No,No
BrainTumor_05759.jpg,Yes,No,No,,No,,No,,,Yes,No
BrainTumor_05760.jpg,Yes,,,Yes,Yes,,,No,No,Yes,Yes
BrainTumor_05761.jpg,,Yes,Yes,,,No,No,,No,Yes,Yes
BrainTumor_05762.jpg,Yes,,Yes,Yes,Yes,Yes,,No,,No,Yes
BrainTumor_05763.jpg,,No,,Yes,Yes,,No,Yes,Yes,Yes,No
BrainTumor_05764.jpg,Yes,No,Yes,Yes,No,No,,Yes,Yes,Yes,Yes
BrainTumor_05765.jpg,,,No,,Yes,No,,No,Yes,,
BrainTumor_05766.jpg,,No,Yes,Yes,,Yes,No,Yes,No,Yes,
BrainTumor_05767.jpg,No,Yes,No,No,,No,No,Yes,No,No,No
BrainTumor_05768.jpg,,Yes,,No,,,No,Yes,No,No,No
BrainTumor_05769.jpg,,Yes,,,,,No,,Yes,Yes,
BrainTumor_05770.jpg,,,No,Yes,No,Yes,,Yes,,No,Yes
BrainTumor_05771.jpg,,Yes,Yes,No,Yes,,No,No,No,No,No
BrainTumor_05772.jpg,Yes,,No,,,,Yes,,,No,No
BrainTumor_05773.jpg,,No,Yes,Yes,Yes,,,Yes,Yes,,Yes
BrainTumor_05774.jpg,,No,No,Yes,Yes,No,,Yes,Yes,Yes,
BrainTumor_05775.jpg,No,No,No,,,No,Yes,,,Yes,No
BrainTumor_05776.jpg,Yes,Yes,,No,No,Yes,No,Yes,,No,
BrainTumor_05777.jpg,No,No,,,No,Yes,,No,No,,Yes
BrainTumor_05778.jpg,,No,No,No,No,No,Yes,Yes,Yes,No,No
BrainTumor_05779.jpg,Yes,Yes,Yes,Yes,Yes,Yes,,Yes,No,,Yes
BrainTumor_05780.jpg,,No,Yes,Yes,,,,Yes,No,,No
BrainTumor_05781.jpg,,No,Yes,,Yes,,Yes,No,Yes,Yes,No
BrainTumor_05782.jpg,No,No,,,No,,No,No,No,Yes,
BrainTumor_05783.jpg,,Yes,Yes,No,No,Yes,,Yes,Yes,No,Yes
BrainTumor_05784.jpg,,No,No,Yes,No,,,,,No,Yes
BrainTumor_05785.jpg,,,,Yes,Yes,No,,,Yes,,Yes
BrainTumor_05786.jpg,No,No,Yes,,No,,No,Yes,Yes,,Yes
BrainTumor_05787.jpg,Yes,No,No,Yes,Yes,Yes,Yes,,No,No,Yes
BrainTumor_05788.jpg,No,Yes,,Yes,,No,Yes,Yes,Yes,Yes,No
BrainTumor_05789.jpg,,,,Yes,No,,No,Yes,No,Yes,Yes
BrainTumor_05790.jpg,,Yes,,No,,,No,No,No,No,Yes
BrainTumor_05791.jpg,,Yes,,Yes,Yes,,No,No,No,No,No
BrainTumor_05792.jpg,,Yes,No,,Yes,No,Yes,,No,,
BrainTumor_05793.jpg,No,No,Yes,Yes,,,No,,Yes,,Yes
BrainTumor_05794.jpg,,Yes,No,No,Yes,No,Yes,Yes,,,No
BrainTumor_05795.jpg,Yes,,No,No,No,No,Yes,No,,Yes,No
BrainTumor_05796.jpg,,No,No,Yes,,Yes,No,Yes,Yes,No,
BrainTumor_05797.jpg,,,,No,Yes,No,,No,,,Yes
BrainTumor_05798.jpg,,No,,No,No,No,Yes,No,,,No
BrainTumor_05799.jpg,,Yes,No,No,,Yes,Yes,,,No,
BrainTumor_05800.jpg,Yes,,No,Yes,,No,,No,Yes,Yes,
BrainTumor_05801.jpg,,Yes,,Yes,,Yes,,No,No,,No
BrainTumor_05802.jpg,No,Yes,,No,,,Yes,No,,Yes,Yes
BrainTumor_05803.jpg,,No,No,Yes,No,Yes,Yes,Yes,Yes,No,No
BrainTumor_05804.jpg,,,Yes,,Yes,,No,No,No,No,No
BrainTumor_05805.jpg,No,,Yes,No,,No,Yes,,Yes,No,Yes
BrainTumor_05806.jpg,Yes,No,No,No,Yes,Yes,No,No,,,Yes
BrainTumor_05807.jpg,,Yes,No,Yes,,,,No,Yes,Yes,
BrainTumor_05808.jpg,Yes,Yes,,,Yes,,Yes,,No,No,No
BrainTumor_05809.jpg,Yes,No,,No,No,,Yes,,Yes,,No
BrainTumor_05810.jpg,No,Yes,Yes,,No,No,,Yes,,Yes,No
BrainTumor_05811.jpg,,,No,,Yes,Yes,,,,,
BrainTumor_05812.jpg,Yes,Yes,No,,,Yes,,,Yes,No,No
BrainTumor_05813.jpg,,,No,No,No,No,,Yes,No,Yes,
BrainTumor_05814.jpg,Yes,,No,Yes,,,No,Yes,,Yes,Yes
BrainTumor_05815.jpg,,Yes,No,,Yes,Yes,No,Yes,,,No
BrainTumor_05816.jpg,Yes,Yes,Yes,,No,Yes,Yes,,No,,No
BrainTumor_05817.jpg,,No,,No,,Yes,,Yes,No,No,
BrainTumor_05818.jpg,,,Yes,Yes,Yes,,No,Yes,,Yes,No
BrainTumor_05819.jpg,Yes,,,Yes,,Yes,,No,Yes,,
BrainTumor_05820.jpg,Yes,,,,Yes,Yes,,Yes,Yes,No,
BrainTumor_05821.jpg,No,No,Yes,No,,No,No,No,No,,No
BrainTumor_05822.jpg,Yes,,Yes,No,,No,,No,No,,
BrainTumor_05823.jpg,No,Yes,,,No,Yes,Yes,,,No,
BrainTumor_05824.jpg,Yes,No,,Yes,Yes,No,No,Yes,No,,No
BrainTumor_05825.jpg,,Yes,,Yes,No,,No,,No,Yes,
BrainTumor_05826.jpg,Yes,No,,No,No,Yes,,No,,No,Yes
BrainTumor_05827.jpg,Yes,No,Yes,No,No,,No,,Yes,,
BrainTumor_05828.jpg,Yes,Yes,Yes,Yes,,No,No,No,,,Yes
BrainTumor_05829.jpg,No,,Yes,No,Yes,No,No,No,,,
BrainTumor_05830.jpg,Yes,Yes,No,No,No,Yes,,Yes,Yes,Yes,Yes
BrainTumor_05831.jpg,Yes,No,,No,Yes,Yes,No,Yes,No,No,
BrainTumor_05832.jpg,,,,No,,,,Yes,No,Yes,No
BrainTumor_05833.jpg,,,No,,,No,No,Yes,,Yes,
BrainTumor_05834.jpg,,,No,No,,Yes,Yes,Yes,,Yes,
BrainTumor_05835.jpg,No,Yes,,,,,Yes,No,,No,
BrainTumor_05836.jpg,No,Yes,Yes,No,,,Yes,No,No,,No
BrainTumor_05837.jpg,,Yes,No,No,No,Yes,,No,,No,Yes
BrainTumor_05838.jpg,,Yes,Yes,Yes,No,,Yes,Yes,No,,No
BrainTumor_05839.jpg,,,Yes,,Yes,,No,No,,No,No
BrainTumor_05840.jpg,Yes,,Yes,No,,,No,Yes,No,No,
BrainTumor_05841.jpg,No,,No,No,No,No,No,,,No,
BrainTumor_05842.jpg,,No,,,No,Yes,Yes,,No,Yes,
BrainTumor_05843.jpg,No,,Yes,,No,No,,Yes,No,Yes,No
BrainTumor_05844.jpg,No,No,No,Yes,,No,,No,Yes,,
BrainTumor_05845.jpg,Yes,No,,,,No,No,,,No,Yes
BrainTumor_05846.jpg,Yes,,No,Yes,No,No,,,No,No,No
BrainTumor_05847.jpg,,No,,,Yes,Yes,,Yes,,No,
BrainTumor_05848.jpg,,Yes,No,Yes,Yes,Yes,,,,Yes,Yes
BrainTumor_05849.jpg,No,Yes,No,Yes,,Yes,No,No,No,,No
BrainTumor_05850.jpg,,,Yes,Yes,Yes,No,,,Yes,Yes,No
BrainTumor_05851.jpg,,Yes,No,No,No,Yes,Yes,,,,
BrainTumor_05852.jpg,No,Yes,,No,No,Yes,Yes,,No,,
BrainTumor_05853.jpg,,No,No,Yes,Yes,,No,,Yes,,Yes
BrainTumor_05854.jpg,,Yes,Yes,No,,No,No,,,No,Yes
BrainTumor_05855.jpg,,Yes,,,No,,No,No,No,No,No
BrainTumor_05856.jpg,Yes,Yes,Yes,Yes,No,,,,No,Yes,
BrainTumor_05857.jpg,Yes,,Yes,Yes,No,No,No,,No,,No
BrainTumor_05858.jpg,Yes,,No,,No,Yes,Yes,,,,Yes
BrainTumor_05859.jpg,No,,,Yes,Yes,,,,Yes,Yes,Yes
BrainTumor_05860.jpg,Yes,Yes,Yes,,No,No,,Yes,No,,No
BrainTumor_05861.jpg,No,No,No,,Yes,Yes,Yes,Yes,Yes,,Yes
BrainTumor_05862.jpg,No,Yes,,,No,Yes,,Yes,,No,Yes
BrainTumor_05863.jpg,Yes,Yes,,,Yes,No,No,No,,Yes,Yes
BrainTumor_05864.jpg,Yes,Yes,Yes,No,No,Yes,No,,,No,
BrainTumor_05865.jpg,Yes,Yes,,No,,Yes,Yes,No,Yes,,No
BrainTumor_05866.jpg,No,,No,Yes,No,,,No,,Yes,
BrainTumor_05867.jpg,,No,Yes,,,Yes,,Yes,,Yes,Yes
BrainTumor_05868.jpg,Yes,No,,No,,,No,No,No,Yes,No
BrainTumor_05869.jpg,,No,,,,No,No,No,Yes,No,Yes
BrainTumor_05870.jpg,,Yes,Yes,Yes,Yes,No,No,Yes,No,,
BrainTumor_05871.jpg,Yes,,No,No,Yes,,,No,Yes,No,Yes
BrainTumor_05872.jpg,,No,No,No,No,No,,No,Yes,Yes,No
BrainTumor_05873.jpg,,No,,No,Yes,Yes,No,,No,No,No
BrainTumor_05874.jpg,No,No,Yes,Yes,No,,Yes,Yes,No,No,
BrainTumor_05875.jpg,No,Yes,,No,No,Yes,No,Yes,Yes,No,
BrainTumor_05876.jpg,Yes,,,No,,Yes,,No,No,No,Yes
BrainTumor_05877.jpg,No,No,No,Yes,,,,,,No,No
BrainTumor_05878.jpg,Yes,Yes,Yes,No,,,No,,No,Yes,Yes
BrainTumor_05879.jpg,Yes,No,Yes,,No,Yes,No,,Yes,Yes,
BrainTumor_05880.jpg,No,,Yes,,,Yes,,No,,Yes,Yes
BrainTumor_05881.jpg,,Yes,Yes,,,,Yes,No,,Yes,No
BrainTumor_05882.jpg,,No,No,No,No,No,Yes,No,Yes,,No
BrainTumor_05883.jpg,,,No,Yes,,,,,,Yes,Yes
BrainTumor_05884.jpg,No,No,No,No,No,No,Yes,,No,,No
BrainTumor_05885.jpg,No,,No,Yes,No,Yes,,No,,No,No
BrainTumor_05886.jpg,Yes,,,Yes,,No,No,,,Yes,Yes
BrainTumor_05887.jpg,No,No,Yes,,No,,Yes,No,,No,Yes
BrainTumor_05888.jpg,,No,No,Yes,Yes,,No,,No,Yes,
BrainTumor_05889.jpg,,,Yes,No,No,,No,Yes,,No,
BrainTumor_05890.jpg,,,,No,,No,Yes,,,,No
BrainTumor_05891.jpg,Yes,,Yes,No,,,,Yes,No,Yes,No
BrainTumor_05892.jpg,No,Yes,,Yes,No,Yes,No,,Yes,,Yes
BrainTumor_05893.jpg,Yes,Yes,,No,Yes,No,No,,Yes,Yes,
BrainTumor_05894.jpg,Yes,Yes,No,No,,,Yes,,Yes,No,Yes
BrainTumor_05895.jpg,Yes,No,Yes,Yes,Yes,No,Yes,Yes,Yes,Yes,No
BrainTumor_05896.jpg,Yes,Yes,No,No,No,Yes,,,,Yes,Yes
BrainTumor_05897.jpg,No,No,,Yes,Yes,Yes,,Yes,No,Yes,
BrainTumor_05898.jpg,Yes,No,,Yes,,Yes,,Yes,,Yes,Yes
BrainTumor_05899.jpg,,,No,,No,No,No,,,,
BrainTumor_05900.jpg,,Yes,No,Yes,,,No,No,Yes,Yes,Yes
BrainTumor_05901.jpg,No,,Yes,No,,Yes,,Yes,,No,No
BrainTumor_05902.jpg,No,No,,,No,No,,Yes,No,,No
BrainTumor_05903.jpg,,,No,No,,,Yes,Yes,No,Yes,
BrainTumor_05904.jpg,No,No,Yes,,,No,No,,No,Yes,
BrainTumor_05905.jpg,,Yes,,No,,Yes,No,,Yes,Yes,Yes
BrainTumor_05906.jpg,Yes,Yes,Yes,No,No,,No,,Yes,,
BrainTumor_05907.jpg,No,Yes,,,No,No,,Yes,Yes,Yes,Yes
BrainTumor_05908.jpg,,No,No,,,No,Yes,,No,,
BrainTumor_05909.jpg,,,Yes,No,No,,No,,,,No
BrainTumor_05910.jpg,Yes,,Yes,No,Yes,,,No,No,Yes,
BrainTumor_05911.jpg,Yes,No,No,Yes,Yes,Yes,No,,Yes,No,Yes
BrainTumor_05912.jpg,No,Yes,Yes,No,No,No,No,Yes,Yes,Yes,
BrainTumor_05913.jpg,,,Yes,,No,No,No,Yes,No,,No
BrainTumor_05914.jpg,Yes,Yes,No,No,No,No,No,Yes,,,
BrainTumor_05915.jpg,No,No,Yes,,Yes,Yes,No,No,,Yes,Yes
BrainTumor_05916.jpg,Yes,,Yes,No,No,No,,No,,Yes,No
BrainTumor_05917.jpg,,No,No,,,No,,No,,No,Yes
BrainTumor_05918.jpg,No,,,No,,No,No,,Yes,Yes,Yes
BrainTumor_05919.jpg,Yes,,No,,No,Yes,No,,Yes,Yes,Yes
BrainTumor_05920.jpg,No,No,No,No,,,Yes,No,Yes,Yes,No
BrainTumor_05921.jpg,Yes,Yes,No,,Yes,Yes,,No,Yes,Yes,
BrainTumor_05922.jpg,,Yes,No,,No,,No,,No,No,
BrainTumor_05923.jpg,No,Yes,,,No,,Yes,Yes,,,No
BrainTumor_05924.jpg,No,,No,Yes,,No,Yes,No,No,,Yes
BrainTumor_05925.jpg,No,,Yes,Yes,,No,Yes,Yes,,Yes,
BrainTumor_05926.jpg,No,No,No,,No,No,,Yes,No,No,No
BrainTumor_05927.jpg,Yes,,Yes,,,Yes,,No,,,
BrainTumor_05928.jpg,,No,,Yes,No,No,No,Yes,,No,No
BrainTumor_05929.jpg,No,No,,,Yes,No,Yes,Yes,Yes,No,Yes
BrainTumor_05930.jpg,,,,,Yes,Yes,No,,No,,
BrainTumor_05931.jpg,,Yes,,No,No,No,No,Yes,Yes,No,
BrainTumor_05932.jpg,Yes,,Yes,,Yes,No,,Yes,,No,Yes
BrainTumor_05933.jpg,Yes,,No,,,,No,Yes,No,Yes,No
BrainTumor_05934.jpg,No,,,,,No,No,,No,No,No
BrainTumor_05935.jpg,,,Yes,Yes,Yes,Yes,No,,Yes,Yes,
BrainTumor_05936.jpg,Yes,,No,,,Yes,No,Yes,Yes,,Yes
BrainTumor_05937.jpg,No,Yes,,Yes,Yes,Yes,No,Yes,No,Yes,No
BrainTumor_05938.jpg,,Yes,Yes,Yes,Yes,Yes,Yes,,No,No,Yes
BrainTumor_05939.jpg,,Yes,Yes,Yes,No,,Yes,No,No,,No
BrainTumor_05940.jpg,Yes,Yes,Yes,,No,Yes,Yes,Yes,Yes,Yes,
BrainTumor_05941.jpg,No,No,No,No,No,Yes,No,,Yes,No,No
BrainTumor_05942.jpg,No,,No,No,No,No,Yes,Yes,,,Yes
BrainTumor_05943.jpg,Yes,,Yes,Yes,No,,No,No,Yes,No,
BrainTumor_05944.jpg,,No,,No,,,,Yes,Yes,Yes,No
BrainTumor_05945.jpg,Yes,No,Yes,No,No,Yes,,,No,Yes,Yes
BrainTumor_05946.jpg,,,Yes,Yes,No,,No,No,Yes,Yes,
BrainTumor_05947.jpg,No,Yes,Yes,,,,,No,Yes,No,No
BrainTumor_05948.jpg,No,No,,Yes,,Yes,Yes,,Yes,Yes,No
BrainTumor_05949.jpg,Yes,No,No,Yes,Yes,,No,Yes,,No,No
BrainTumor_05950.jpg,,No,Yes,,No,Yes,Yes,Yes,,,Yes
BrainTumor_05951.jpg,Yes,,,No,,No,,Yes,No,No,
BrainTumor_05952.jpg,Yes,,Yes,Yes,,,Yes,,,,
BrainTumor_05953.jpg,Yes,No,,,No,No,,,,,
BrainTumor_05954.jpg,,No,No,Yes,Yes,No,Yes,,,No,
BrainTumor_05955.jpg,No,,No,Yes,No,No,,No,No,No,No
BrainTumor_05956.jpg,No,,,,,No,Yes,Yes,,No,Yes
BrainTumor_05957.jpg,No,No,,,,,,No,,No,No
BrainTumor_05958.jpg,,,,,,No,Yes,Yes,Yes,No,
BrainTumor_05959.jpg,No,Yes,Yes,,Yes,Yes,Yes,No,Yes,,No
BrainTumor_05960.jpg,No,Yes,Yes,No,Yes,,,No,Yes,Yes,No
BrainTumor_05961.jpg,Yes,Yes,Yes,,,No,Yes,,Yes,,
BrainTumor_05962.jpg,,Yes,Yes,No,,,Yes,No,No,Yes,
BrainTumor_05963.jpg,No,,,Yes,No,Yes,No,,,Yes,No
BrainTumor_05964.jpg,Yes,No,,No,,No,Yes,,No,Yes,No
BrainTumor_05965.jpg,Yes,Yes,,No,Yes,No,Yes,,No,,
BrainTumor_05966.jpg,,,Yes,,,No,No,Yes,,Yes,
BrainTumor_05967.jpg,,,Yes,Yes,No,,,No,No,Yes,
BrainTumor_05968.jpg,Yes,Yes,,Yes,,No,,Yes,Yes,Yes,No
BrainTumor_05969.jpg,Yes,,Yes,Yes,,Yes,Yes,,,Yes,
BrainTumor_05970.jpg,Yes,No,No,Yes,,,Yes,Yes,,Yes,
BrainTumor_05971.jpg,No,Yes,,Yes,,Yes,No,No,Yes,Yes,Yes
BrainTumor_05972.jpg,No,Yes,,No,No,Yes,Yes,Yes,Yes,Yes,
BrainTumor_05973.jpg,,No,No,,Yes,,Yes,Yes,No,Yes,
BrainTumor_05974.jpg,,,No,Yes,No,No,,No,,,
BrainTumor_05975.jpg,,Yes,,No,Yes,,,No,No,Yes,Yes
BrainTumor_05976.jpg,No,No,Yes,,Yes,,,No,Yes,No,
BrainTumor_05977.jpg,,,,No,,Yes,,Yes,,Yes,Yes
BrainTumor_05978.jpg,No,,No,No,Yes,,Yes,No,,No,No
BrainTumor_05979.jpg,No,No,Yes,No,Yes,,No,Yes,No,Yes,Yes
BrainTumor_05980.jpg,,Yes,,,,,No,,,,No
BrainTumor_05981.jpg,,,,Yes,No,Yes,No,No,,,No
BrainTumor_05982.jpg,,Yes,Yes,Yes,,,Yes,No,No,No,Yes
BrainTumor_05983.jpg,No,Yes,,,,Yes,Yes,Yes,Yes,Yes,
BrainTumor_05984.jpg,Yes,Yes,No,Yes,,Yes,Yes,,No,No,
BrainTumor_05985.jpg,,Yes,,No,Yes,No,No,No,No,No,No
BrainTumor_05986.jpg,Yes,No,No,Yes,Yes,,No,Yes,Yes,No,No
BrainTumor_05987.jpg,,No,Yes,Yes,,,Yes,,Yes,No,Yes
BrainTumor_05988.jpg,,No,No,Yes,,No,Yes,,No,No,
BrainTumor_05989.jpg,,No,Yes,,,Yes,Yes,,,No,Yes
BrainTumor_05990.jpg,,,,Yes,,No,Yes,Yes,No,No,Yes
BrainTumor_05991.jpg,Yes,,Yes,,No,Yes,No,,Yes,No,Yes
BrainTumor_05992.jpg,No,Yes,,,Yes,Yes,Yes,,,Yes,
BrainTumor_05993.jpg,Yes,,,No,Yes,No,,Yes,Yes,,Yes
BrainTumor_05994.jpg,Yes,Yes,Yes,No,No,No,Yes,No,No,No,No
BrainTumor_05995.jpg,No,,No,Yes,Yes,Yes,,Yes,No,,
BrainTumor_05996.jpg,No,,Yes,Yes,Yes,,,,No,No,No
BrainTumor_05997.jpg,,Yes,No,No,No,No,No,No,Yes,Yes,
BrainTumor_05998.jpg,Yes,No,No,No,No,,Yes,Yes,No,Yes,Yes
BrainTumor_05999.jpg,Yes,,No,,No,Yes,No,No,No,No,Yes
BrainTumor_06000.jpg,No,No,,Yes,,,No,No,No,Yes,
BrainTumor_06001.jpg,Yes,,,Yes,,Yes,No,No,No,,No
BrainTumor_06002.jpg,Yes,No,Yes,No,Yes,,,No,,Yes,Yes
BrainTumor_06003.jpg,No,No,,Yes,,,,No,Yes,,No
BrainTumor_06004.jpg,,Yes,No,Yes,No,Yes,,No,No,,
BrainTumor_06005.jpg,Yes,,,No,Yes,No,,,Yes,Yes,No
BrainTumor_06006.jpg,,Yes,No,No,No,Yes,,Yes,No,No,Yes
BrainTumor_06007.jpg,Yes,,No,,Yes,No,Yes,No,No,Yes,Yes
BrainTumor_06008.jpg,Yes,No,No,Yes,No,Yes,,Yes,No,,
BrainTumor_06009.jpg,No,,,Yes,,,,No,No,Yes,No
BrainTumor_06010.jpg,No,,Yes,No,Yes,Yes,No,No,No,,No
BrainTumor_06011.jpg,No,,Yes,Yes,,Yes,No,,Yes,Yes,
BrainTumor_06012.jpg,,Yes,Yes,No,Yes,,No,No,Yes,No,Yes
BrainTumor_06013.jpg,Yes,Yes,,,No,No,,,Yes,No,Yes
BrainTumor_06014.jpg,,No,Yes,Yes,,,,,No,Yes,
BrainTumor_06015.jpg,,,,No,No,Yes,No,Yes,No,,
BrainTumor_06016.jpg,,No,Yes,No,No,No,No,No,Yes,No,No
BrainTumor_06017.jpg,No,Yes,No,,,Yes,Yes,Yes,No,No,No
BrainTumor_06018.jpg,Yes,No,No,,Yes,,No,No,,No,Yes
BrainTumor_06019.jpg,No,Yes,No,Yes,Yes,Yes,No,Yes,No,Yes,Yes
BrainTumor_06020.jpg,Yes,No,,No,Yes,No,,Yes,No,No,
BrainTumor_06021.jpg,Yes,,No,No,,No,,,,No,
BrainTumor_06022.jpg,,,,No,No,,,Yes,No,Yes,
BrainTumor_06023.jpg,No,Yes,No,,Yes,,,No,No,,No
BrainTumor_06024.jpg,No,Yes,No,No,Yes,Yes,No,No,,No,Yes
BrainTumor_06025.jpg,No,,Yes,Yes,,,Yes,,,No,Yes
BrainTumor_06026.jpg,No,,,Yes,,Yes,No,,,,
BrainTumor_06027.jpg,,,No,Yes,Yes,,Yes,Yes,Yes,Yes,No
BrainTumor_06028.jpg,No,,No,No,No,Yes,No,No,,Yes,No
BrainTumor_06029.jpg,,No,No,,,,,No,Yes,No,
BrainTumor_06030.jpg,No,No,No,No,No,Yes,,,No,No,No
BrainTumor_06031.jpg,Yes,No,,,No,,No,Yes,,No,Yes
BrainTumor_06032.jpg,Yes,,,,Yes,No,,,Yes,Yes,No
BrainTumor_06033.jpg,No,,,,,No,No,No,,Yes,Yes
BrainTumor_06034.jpg,No,,Yes,,No,Yes,Yes,,,No,No
BrainTumor_06035.jpg,,No,Yes,Yes,Yes,Yes,No,No,,,No
BrainTumor_06036.jpg,No,,Yes,No,No,,No,,,Yes,
BrainTumor_06037.jpg,No,Yes,No,Yes,,,Yes,,,,No
BrainTumor_06038.jpg,,No,No,No,No,Yes,,,Yes,Yes,Yes
BrainTumor_06039.jpg,No,Yes,No,No,,No,,No,Yes,No,Yes
BrainTumor_06040.jpg,Yes,Yes,,Yes,Yes,No,,,,,No
BrainTumor_06041.jpg,,,Yes,No,,No,No,Yes,,Yes,
BrainTumor_06042.jpg,No,No,Yes,Yes,,No,,Yes,,No,Yes
BrainTumor_06043.jpg,No,No,No,No,No,,Yes,,,No,Yes
BrainTumor_06044.jpg,Yes,Yes,Yes,No,Yes,Yes,,No,,,No
BrainTumor_06045.jpg,No,,No,No,,Yes,No,,No,No,No
BrainTumor_06046.jpg,No,,No,No,No,No,Yes,No,Yes,No,
BrainTumor_06047.jpg,Yes,,Yes,Yes,,,,,,,Yes
BrainTumor_06048.jpg,No,,,,No,,No,Yes,,No,No
BrainTumor_06049.jpg,Yes,No,,,,,,No,No,,No
BrainTumor_06050.jpg,,No,,,Yes,No,,,Yes,No,No
BrainTumor_06051.jpg,No,Yes,Yes,Yes,No,,No,No,,No,
BrainTumor_06052.jpg,,No,No,No,Yes,,No,Yes,,No,
BrainTumor_06053.jpg,No,,No,No,Yes,,,No,Yes,No,No
BrainTumor_06054.jpg,Yes,Yes,Yes,,Yes,No,No,,,Yes,
BrainTumor_06055.jpg,Yes,,No,,Yes,Yes,Yes,No,No,Yes,
BrainTumor_06056.jpg,No,,No,Yes,Yes,No,No,Yes,No,Yes,No
BrainTumor_06057.jpg,,,No,No,No,,Yes,,No,,
BrainTumor_06058.jpg,,Yes,Yes,Yes,,,,No,No,,
BrainTumor_06059.jpg,,No,No,No,,No,No,No,Yes,,
BrainTumor_06060.jpg,,No,Yes,Yes,Yes,Yes,No,,,,Yes
BrainTumor_06061.jpg,Yes,No,Yes,Yes,No,Yes,,,,Yes,
BrainTumor_06062.jpg,No,No,No,Yes,Yes,No,No,No,No,No,No
BrainTumor_06063.jpg,Yes,Yes,No,,No,,,Yes,No,No,No
BrainTumor_06064.jpg,Yes,No,No,Yes,Yes,No,No,,No,No,Yes
BrainTumor_06065.jpg,No,Yes,Yes,,No,No,No,,No,Yes,No
BrainTumor_06066.jpg,Yes,Yes,Yes,Yes,,Yes,Yes,No,Yes,Yes,No
BrainTumor_06067.jpg,,,Yes,,No,No,No,No,,Yes,
BrainTumor_06068.jpg,Yes,,No,No,,,Yes,,Yes,,No
BrainTumor_06069.jpg,Yes,Yes,,No,No,No,No,,Yes,Yes,Yes
BrainTumor_06070.jpg,No,,Yes,No,No,Yes,Yes,No,,Yes,No
BrainTumor_06071.jpg,,,Yes,,Yes,,,Yes,No,Yes,
BrainTumor_06072.jpg,,No,No,No,No,Yes,No,No,,No,Yes
BrainTumor_06073.jpg,No,,Yes,,Yes,Yes,No,No,Yes,Yes,
BrainTumor_06074.jpg,Yes,No,Yes,,No,No,,No,No,Yes,No
BrainTumor_06075.jpg,Yes,No,Yes,Yes,Yes,,Yes,No,No,Yes,
BrainTumor_06076.jpg,Yes,No,No,No,Yes,,,Yes,Yes,Yes,Yes
BrainTumor_06077.jpg,,Yes,,No,Yes,,Yes,,No,No,
BrainTumor_06078.jpg,,No,No,,No,Yes,No,,No,Yes,Yes
BrainTumor_06079.jpg,,Yes,,No,,Yes,No,No,No,No,No
BrainTumor_06080.jpg,No,No,Yes,,,Yes,Yes,Yes,,No,No
BrainTumor_06081.jpg,Yes,No,No,Yes,Yes,Yes,No,,No,No,No
BrainTumor_06082.jpg,Yes,Yes,No,,No,No,Yes,Yes,No,No,
BrainTumor_06083.jpg,Yes,No,No,Yes,No,,No,No,Yes,Yes,
BrainTumor_06084.jpg,,,No,Yes,Yes,No,,Yes,No,No,
BrainTumor_06085.jpg,No,No,,No,,No,Yes,No,Yes,,Yes
BrainTumor_06086.jpg,No,Yes,Yes,Yes,No,,No,No,Yes,,
BrainTumor_06087.jpg,Yes,,Yes,No,Yes,No,No,No,No,Yes,Yes
BrainTumor_06088.jpg,Yes,Yes,No,,No,Yes,Yes,Yes,No,,No
BrainTumor_06089.jpg,,,Yes,,,Yes,Yes,Yes,Yes,Yes,
BrainTumor_06090.jpg,No,,,Yes,Yes,Yes,,No,No,Yes,Yes
BrainTumor_06091.jpg,Yes,Yes,No,Yes,Yes,Yes,No,Yes,,,
BrainTumor_06092.jpg,No,Yes,,Yes,No,Yes,No,No,Yes,,
BrainTumor_06093.jpg,Yes,Yes,Yes,No,Yes,Yes,,No,,Yes,Yes
BrainTumor_06094.jpg,,Yes,No,,No,,,No,Yes,Yes,Yes
BrainTumor_06095.jpg,,,No,Yes,No,No,,No,No,Yes,Yes
BrainTumor_06096.jpg,,,No,,,,,No,,No,No
BrainTumor_06097.jpg,Yes,,,,,No,,,No,Yes,Yes
BrainTumor_06098.jpg,,Yes,Yes,No,No,No,,No,Yes,Yes,No
BrainTumor_06099.jpg,,Yes,,Yes,,No,,Yes,,No,
BrainTumor_06100.jpg,No,Yes,No,Yes,Yes,Yes,Yes,Yes,No,,
BrainTumor_06101.jpg,No,Yes,,,,Yes,Yes,Yes,No,No,No
BrainTumor_06102.jpg,Yes,,Yes,Yes,Yes,No,No,Yes,No,,No
BrainTumor_06103.jpg,No,,No,,No,Yes,,No,,Yes,No
BrainTumor_06104.jpg,Yes,No,Yes,Yes,No,,Yes,,,,No
BrainTumor_06105.jpg,,Yes,,No,No,No,,Yes,No,Yes,No
BrainTumor_06106.jpg,,No,,Yes,No,Yes,Yes,Yes,Yes,Yes,Yes
BrainTumor_06107.jpg,Yes,No,No,No,No,,No,Yes,No,,
BrainTumor_06108.jpg,Yes,,,,No,,Yes,,Yes,No,Yes
BrainTumor_06109.jpg,No,No,No,,,No,No,No,No,No,No
BrainTumor_06110.jpg,Yes,No,Yes,,,Yes,No,,No,Yes,No
BrainTumor_06111.jpg,Yes,,No,No,Yes,Yes,No,No,Yes,,
BrainTumor_06112.jpg,No,No,No,,Yes,,Yes,No,No,Yes,Yes
BrainTumor_06113.jpg,,No,,Yes,Yes,,No,Yes,Yes,,
BrainTumor_06114.jpg,Yes,Yes,Yes,No,Yes,,Yes,No,No,No,Yes
BrainTumor_06115.jpg,Yes,Yes,Yes,Yes,No,No,,Yes,Yes,Yes,
BrainTumor_06116.jpg,No,No,,No,,No,Yes,No,Yes,,No
BrainTumor_06117.jpg,Yes,No,No,No,Yes,Yes,,No,,No,No
BrainTumor_06118.jpg,No,Yes,,Yes,No,Yes,,Yes,Yes,Yes,
BrainTumor_06119.jpg,No,No,No,,Yes,No,No,No,Yes,,No
BrainTumor_06120.jpg,No,,Yes,No,Yes,,No,,No,No,Yes
BrainTumor_06121.jpg,,No,No,Yes,No,No,,Yes,No,No,Yes
BrainTumor_06122.jpg,Yes,,,,Yes,No,,,Yes,Yes,Yes
BrainTumor_06123.jpg,Yes,Yes,No,,No,Yes,,No,,,
BrainTumor_06124.jpg,No,Yes,No,No,No,No,No,Yes,Yes,No,Yes
BrainTumor_06125.jpg,Yes,Yes,,No,Yes,Yes,No,Yes,Yes,,No
BrainTumor_06126.jpg,No,Yes,,Yes,No,Yes,,,Yes,Yes,Yes
BrainTumor_06127.jpg,Yes,Yes,Yes,Yes,No,Yes,No,No,,Yes,
BrainTumor_06128.jpg,No,No,Yes,Yes,No,Yes,No,,No,No,No
BrainTumor_06129.jpg,No,Yes,Yes,,,,Yes,No,Yes,,
BrainTumor_06130.jpg,No,No,No,Yes,No,Yes,No,,Yes,,No
BrainTumor_06131.jpg,,No,No,,Yes,Yes,Yes,No,,No,No
BrainTumor_06132.jpg,,Yes,,,Yes,Yes,No,,Yes,No,Yes
BrainTumor_06133.jpg,No,No,Yes,,No,No,No,No,,No,No
BrainTumor_06134.jpg,Yes,Yes,,,,Yes,No,,,Yes,No
BrainTumor_06135.jpg,No,No,Yes,No,,,Yes,No,,No,No
BrainTumor_06136.jpg,No,No,No,No,Yes,,,,,No,No
BrainTumor_06137.jpg,Yes,Yes,,Yes,Yes,,,No,,,Yes
BrainTumor_06138.jpg,,,Yes,No,,Yes,,Yes,No,Yes,
BrainTumor_06139.jpg,No,No,Yes,No,,,No,,,Yes,No
BrainTumor_06140.jpg,Yes,No,Yes,Yes,,,Yes,Yes,No,Yes,Yes
BrainTumor_06141.jpg,,No,,,Yes,,,Yes,Yes,,Yes
BrainTumor_06142.jpg,,No,No,No,,No,,,,No,No
BrainTumor_06143.jpg,,No,No,,Yes,No,No,Yes,No,No,Yes
BrainTumor_06144.jpg,,Yes,No,Yes,,,Yes,Yes,No,Yes,Yes
BrainTumor_06145.jpg,,Yes,,No,Yes,No,No,,,No,Yes
BrainTumor_06146.jpg,,No,Yes,Yes,Yes,Yes,Yes,No,Yes,No,No
BrainTumor_06147.jpg,No,No,,,Yes,,,,,No,
BrainTumor_06148.jpg,No,Yes,,Yes,Yes,No,,Yes,No,,
BrainTumor_06149.jpg,No,No,Yes,No,No,,Yes,No,,No,
BrainTumor_06150.jpg,,,Yes,,,,Yes,No,,No,No
BrainTumor_06151.jpg,No,No,,No,,,Yes,,Yes,Yes,No
BrainTumor_06152.jpg,,No,Yes,No,No,No,Yes,,Yes,,Yes
BrainTumor_06153.jpg,No,Yes,Yes,No,,No,,No,Yes,,
BrainTumor_06154.jpg,No,Yes,,,,,No,No,No,,No
BrainTumor_06155.jpg,,Yes,,No,,,,Yes,No,,Yes
BrainTumor_06156.jpg,,,Yes,,Yes,No,Yes,Yes,No,Yes,Yes
BrainTumor_06157.jpg,Yes,No,Yes,,,No,No,,,No,
BrainTumor_06158.jpg,No,No,No,No,No,Yes,No,,Yes,No,No
BrainTumor_06159.jpg,No,No,Yes,,,Yes,No,Yes,Yes,,Yes
BrainTumor_06160.jpg,,No,Yes,,No,,,Yes,,Yes,Yes
BrainTumor_06161.jpg,No,No,No,,,No,No,No,,No,Yes
BrainTumor_06162.jpg,Yes,No,No,Yes,No,,No,,Yes,Yes,No
BrainTumor_06163.jpg,Yes,Yes,Yes,Yes,Yes,No,Yes,No,Yes,Yes,Yes
BrainTumor_06164.jpg,,Yes,Yes,Yes,,Yes,No,Yes,Yes,,
BrainTumor_06165.jpg,No,Yes,No,No,Yes,No,No,Yes,Yes,No,No
BrainTumor_06166.jpg,,Yes,Yes,Yes,,Yes,No,Yes,No,Yes,No
BrainTumor_06167.jpg,No,Yes,No,,Yes,,Yes,No,,No,No
BrainTumor_06168.jpg,No,Yes,Yes,No,No,,,No,No,No,
BrainTumor_06169.jpg,No,No,,,,No,No,,Yes,No,
BrainTumor_06170.jpg,No,,No,Yes,Yes,,,,,,
BrainTumor_06171.jpg,No,No,No,Yes,,,,Yes,No,,No
BrainTumor_06172.jpg,Yes,No,,Yes,,No,,,No,No,
BrainTumor_06173.jpg,,,No,,Yes,No,No,No,Yes,,Yes
BrainTumor_06174.jpg,No,No,,Yes,Yes,Yes,No,Yes,No,No,Yes
BrainTumor_06175.jpg,Yes,,No,No,,Yes,No,No,Yes,No,Yes
BrainTumor_06176.jpg,Yes,Yes,,Yes,Yes,,No,No,,No,
BrainTumor_06177.jpg,,Yes,,,,Yes,,Yes,No,Yes,Yes
BrainTumor_06178.jpg,Yes,Yes,No,,Yes,Yes,,,,No,
BrainTumor_06179.jpg,No,,No,,No,,,,,Yes,
BrainTumor_06180.jpg,No,No,No,,,Yes,No,Yes,No,,No
BrainTumor_06181.jpg,Yes,,Yes,,,Yes,No,No,No,,
BrainTumor_06182.jpg,No,,,,No,Yes,No,,,,Yes
BrainTumor_06183.jpg,,,,No,,No,No,No,,,Yes
BrainTumor_06184.jpg,,Yes,Yes,,No,,No,,Yes,,
BrainTumor_06185.jpg,Yes,Yes,,Yes,Yes,,No,No,,Yes,No
BrainTumor_06186.jpg,No,,No,,Yes,Yes,Yes,Yes,Yes,,No
BrainTumor_06187.jpg,,,No,Yes,,No,No,Yes,,Yes,
BrainTumor_06188.jpg,No,,,No,,No,No,Yes,No,No,Yes
BrainTumor_06189.jpg,,Yes,,No,No,,,No,,No,Yes
BrainTumor_06190.jpg,Yes,Yes,,,,,Yes,,,No,No
BrainTumor_06191.jpg,,Yes,,No,Yes,Yes,No,Yes,Yes,Yes,
BrainTumor_06192.jpg,Yes,Yes,Yes,No,No,No,No,No,,No,No
BrainTumor_06193.jpg,,Yes,Yes,,No,Yes,,No,,No,Yes
BrainTumor_06194.jpg,,No,No,,,,Yes,Yes,Yes,Yes,
BrainTumor_06195.jpg,No,,Yes,No,No,No,No,Yes,No,Yes,
BrainTumor_06196.jpg,No,,Yes,No,,,No,No,No,No,
BrainTumor_06197.jpg,No,Yes,,Yes,,,,No,Yes,Yes,Yes
BrainTumor_06198.jpg,,,,,Yes,No,,Yes,Yes,Yes,
BrainTumor_06199.jpg,,No,,Yes,Yes,,,Yes,,,No
BrainTumor_06200.jpg,No,,Yes,,Yes,No,No,No,,Yes,
BrainTumor_06201.jpg,No,,Yes,Yes,,No,Yes,,Yes,,Yes
BrainTumor_06202.jpg,No,Yes,,No,No,Yes,,No,,No,
BrainTumor_06203.jpg,No,Yes,,,Yes,Yes,,,,No,No
BrainTumor_06204.jpg,No,No,Yes,No,No,,No,Yes,Yes,Yes,Yes
BrainTumor_06205.jpg,No,,Yes,Yes,No,No,No,Yes,No,No,Yes
BrainTumor_06206.jpg,Yes,Yes,Yes,No,,Yes,Yes,No,Yes,No,No
BrainTumor_06207.jpg,Yes,No,Yes,,No,,No,,No,No,Yes
BrainTumor_06208.jpg,,Yes,,No,No,Yes,Yes,No,,No,Yes
BrainTumor_06209.jpg,,Yes,Yes,Yes,,,Yes,Yes,No,Yes,
BrainTumor_06210.jpg,No,,No,,,No,No,Yes,,,No
BrainTumor_06211.jpg,Yes,Yes,No,No,No,No,Yes,Yes,No,No,No
BrainTumor_06212.jpg,,,,,Yes,Yes,Yes,No,No,Yes,No
BrainTumor_06213.jpg,Yes,Yes,Yes,,No,Yes,,,,No,Yes
BrainTumor_06214.jpg,,No,,,,,,Yes,,,Yes
BrainTumor_06215.jpg,Yes,No,,No,,Yes,Yes,Yes,No,Yes,No
BrainTumor_06216.jpg,,No,Yes,,No,No,Yes,No,Yes,Yes,
BrainTumor_06217.jpg,Yes,No,No,Yes,,,,,No,,Yes
BrainTumor_06218.jpg,Yes,No,No,No,No,Yes,Yes,Yes,,Yes,Yes
BrainTumor_06219.jpg,,,,No,No,,Yes,No,Yes,,No
BrainTumor_06220.jpg,,,Yes,,,,,,No,Yes,Yes
BrainTumor_06221.jpg,No,No,Yes,,Yes,,,,No,No,
BrainTumor_06222.jpg,No,No,No,Yes,No,No,Yes,,Yes,,
BrainTumor_06223.jpg,,No,No,,Yes,Yes,,,No,Yes,Yes
BrainTumor_06224.jpg,,Yes,Yes,,Yes,Yes,Yes,Yes,,No,
BrainTumor_06225.jpg,No,,No,No,Yes,,No,,,No,No
BrainTumor_06226.jpg,No,Yes,No,Yes,No,No,Yes,,No,Yes,No
BrainTumor_06227.jpg,Yes,,No,No,Yes,Yes,No,,No,No,Yes
BrainTumor_06228.jpg,No,Yes,,Yes,No,Yes,,Yes,,,No
BrainTumor_06229.jpg,Yes,,Yes,Yes,No,,,Yes,,Yes,Yes
BrainTumor_06230.jpg,,,,Yes,No,,,Yes,No,No,
BrainTumor_06231.jpg,,,No,,,Yes,Yes,No,No,No,No
BrainTumor_06232.jpg,Yes,No,Yes,Yes,No,No,,No,,,Yes
BrainTumor_06233.jpg,Yes,,Yes,No,No,,Yes,No,,Yes,
BrainTumor_06234.jpg,No,Yes,Yes,No,Yes,No,No,Yes,,Yes,
BrainTumor_06235.jpg,,,No,Yes,,Yes,Yes,,Yes,Yes,Yes
BrainTumor_06236.jpg,,,,No,No,,,No,,No,Yes
BrainTumor_06237.jpg,Yes,Yes,,,No,Yes,No,No,,No,Yes
BrainTumor_06238.jpg,Yes,,Yes,No,,Yes,Yes,No,No,No,No
BrainTumor_06239.jpg,,Yes,,No,No,No,,,No,Yes,Yes
BrainTumor_06240.jpg,,No,,No,Yes,Yes,,,No,,
BrainTumor_06241.jpg,No,Yes,Yes,Yes,,No,Yes,,Yes,Yes,Yes
BrainTumor_06242.jpg,No,,Yes,Yes,No,No,Yes,Yes,Yes,,
BrainTumor_06243.jpg,Yes,No,Yes,No,No,Yes,,,No,,Yes
BrainTumor_06244.jpg,,,No,No,,Yes,No,No,,No,
BrainTumor_06245.jpg,Yes,No,,Yes,Yes,,Yes,,No,No,Yes
BrainTumor_06246.jpg,,No,No,,Yes,,Yes,,,Yes,
BrainTumor_06247.jpg,Yes,No,Yes,,Yes,No,Yes,,Yes,Yes,Yes
BrainTumor_06248.jpg,No,Yes,No,Yes,Yes,No,,Yes,Yes,No,
BrainTumor_06249.jpg,,,Yes,No,Yes,Yes,,Yes,,,No
BrainTumor_06250.jpg,No,No,,Yes,,No,Yes,Yes,No,Yes,
BrainTumor_06251.jpg,No,,,,,Yes,No,Yes,,Yes,
BrainTumor_06252.jpg,,,No,No,,,,,,Yes,Yes
BrainTumor_06253.jpg,,,Yes,,Yes,No,,No,Yes,Yes,No
BrainTumor_06254.jpg,,,No,,Yes,No,Yes,,No,,Yes
BrainTumor_06255.jpg,Yes,No,Yes,Yes,Yes,No,,,,No,
BrainTumor_06256.jpg,No,,Yes,Yes,No,,Yes,Yes,,,
BrainTumor_06257.jpg,,,Yes,,Yes,Yes,No,Yes,No,,
BrainTumor_06258.jpg,Yes,,Yes,Yes,,No,,Yes,,Yes,
BrainTumor_06259.jpg,Yes,,No,No,No,Yes,No,Yes,,,Yes
BrainTumor_06260.jpg,No,,No,No,No,Yes,Yes,Yes,Yes,,
BrainTumor_06261.jpg,Yes,Yes,Yes,Yes,,,No,No,Yes,,
BrainTumor_06262.jpg,No,Yes,,,No,No,Yes,Yes,No,Yes,No
BrainTumor_06263.jpg,No,No,No,,Yes,No,No,Yes,No,Yes,
BrainTumor_06264.jpg,Yes,No,Yes,Yes,No,,No,,,No,Yes
BrainTumor_06265.jpg,No,No,Yes,Yes,,No,Yes,Yes,No,,
BrainTumor_06266.jpg,,,No,No,No,Yes,No,Yes,Yes,No,Yes
BrainTumor_06267.jpg,Yes,No,Yes,,Yes,No,,No,No,,No
BrainTumor_06268.jpg,Yes,No,No,Yes,Yes,Yes,No,Yes,,Yes,No
BrainTumor_06269.jpg,No,Yes,,,,Yes,Yes,Yes,No,,Yes
BrainTumor_06270.jpg,Yes,Yes,Yes,,,Yes,No,,Yes,Yes,
BrainTumor_06271.jpg,,No,,No,,No,,,,Yes,
BrainTumor_06272.jpg,,Yes,Yes,Yes,,No,No,,Yes,,No
BrainTumor_06273.jpg,,Yes,,,No,,No,No,,No,Yes
BrainTumor_06274.jpg,Yes,No,,,,No,No,Yes,,,No
BrainTumor_06275.jpg,,,Yes,Yes,No,,No,Yes,No,No,
BrainTumor_06276.jpg,Yes,,No,Yes,Yes,Yes,,No,,Yes,Yes
BrainTumor_06277.jpg,,,No,No,No,No,Yes,Yes,No,No,
BrainTumor_06278.jpg,Yes,No,No,,,No,,Yes,Yes,No,
BrainTumor_06279.jpg,No,No,,Yes,,Yes,Yes,No,Yes,,
BrainTumor_06280.jpg,No,No,,,Yes,No,No,No,,No,
BrainTumor_06281.jpg,,Yes,Yes,No,Yes,Yes,No,,No,No,
BrainTumor_06282.jpg,,,No,,Yes,Yes,No,,Yes,No,Yes
BrainTumor_06283.jpg,No,Yes,No,Yes,No,,Yes,,Yes,No,Yes
BrainTumor_06284.jpg,,Yes,No,,,Yes,Yes,Yes,No,,Yes
BrainTumor_06285.jpg,Yes,,,Yes,Yes,,No,No,Yes,Yes,
BrainTumor_06286.jpg,No,Yes,No,Yes,,Yes,,No,,,Yes
BrainTumor_06287.jpg,No,Yes,Yes,,Yes,Yes,No,,Yes,Yes,
BrainTumor_06288.jpg,,,No,,Yes,Yes,No,Yes,,,No
BrainTumor_06289.jpg,Yes,Yes,Yes,Yes,,No,Yes,Yes,Yes,No,
BrainTumor_06290.jpg,Yes,No,,,Yes,Yes,No,No,,,
BrainTumor_06291.jpg,Yes,No,No,No,,,Yes,No,Yes,No,Yes
BrainTumor_06292.jpg,,No,Yes,Yes,Yes,,No,Yes,No,,Yes
BrainTumor_06293.jpg,No,No,No,No,,Yes,Yes,,No,,Yes
BrainTumor_06294.jpg,No,,Yes,Yes,No,,,Yes,Yes,,Yes
BrainTumor_06295.jpg,,,Yes,No,Yes,No,Yes,No,,Yes,
BrainTumor_06296.jpg,,Yes,,Yes,Yes,Yes,,,,Yes,No
BrainTumor_06297.jpg,,,Yes,No,No,Yes,,No,Yes,,Yes
BrainTumor_06298.jpg,Yes,No,Yes,Yes,,No,No,Yes,Yes,,Yes
BrainTumor_06299.jpg,No,,,Yes,Yes,No,Yes,Yes,,,No
BrainTumor_06300.jpg,,,Yes,Yes,Yes,,,,No,,Yes
BrainTumor_06301.jpg,Yes,,No,No,No,No,No,Yes,No,,Yes
BrainTumor_06302.jpg,,,Yes,Yes,,No,No,Yes,,,Yes
BrainTumor_06303.jpg,No,No,Yes,Yes,,No,,No,No,Yes,No
BrainTumor_06304.jpg,Yes,,No,Yes,,,No,,No,,No
BrainTumor_06305.jpg,,,Yes,No,No,No,Yes,No,No,Yes,Yes
BrainTumor_06306.jpg,Yes,No,,Yes,Yes,,,,Yes,No,
BrainTumor_06307.jpg,Yes,No,Yes,,,No,Yes,No,,,No
BrainTumor_06308.jpg,Yes,,Yes,Yes,,,,,,,Yes
BrainTumor_06309.jpg,,Yes,Yes,Yes,Yes,No,No,Yes,,Yes,Yes
BrainTumor_06310.jpg,No,,No,,No,,,Yes,,No,
BrainTumor_06311.jpg,No,No,No,No,,Yes,Yes,No,Yes,Yes,
BrainTumor_06312.jpg,,,No,No,,No,Yes,Yes,No,Yes,
BrainTumor_06313.jpg,No,,No,Yes,,Yes,No,Yes,Yes,No,No
BrainTumor_06314.jpg,No,,,,Yes,No,,No,Yes,,No
BrainTumor_06315.jpg,Yes,,Yes,No,,Yes,Yes,No,No,No,Yes
BrainTumor_06316.jpg,No,Yes,,Yes,,,No,No,,No,No
BrainTumor_06317.jpg,Yes,,Yes,,Yes,Yes,,,,,No
BrainTumor_06318.jpg,Yes,No,,,Yes,Yes,,No,,No,Yes
BrainTumor_06319.jpg,Yes,No,,Yes,Yes,No,Yes,Yes,,,
BrainTumor_06320.jpg,,Yes,Yes,Yes,Yes,No,No,,No,Yes,
BrainTumor_06321.jpg,Yes,,Yes,No,No,Yes,No,Yes,,No,
BrainTumor_06322.jpg,No,No,,No,Yes,Yes,No,,Yes,No,Yes
BrainTumor_06323.jpg,No,,,No,,Yes,Yes,No,,,
BrainTumor_06324.jpg,Yes,No,Yes,Yes,Yes,,Yes,Yes,No,Yes,Yes
BrainTumor_06325.jpg,No,,No,,Yes,No,No,No,Yes,No,No
BrainTumor_06326.jpg,,No,,Yes,Yes,,No,Yes,,Yes,
BrainTumor_06327.jpg,No,No,No,,Yes,Yes,No,No,No,,No
BrainTumor_06328.jpg,Yes,Yes,No,,No,Yes,Yes,No,Yes,No,Yes
BrainTumor_06329.jpg,,Yes,Yes,,Yes,No,,Yes,No,Yes,Yes
BrainTumor_06330.jpg,No,No,,No,,Yes,Yes,No,,,
BrainTumor_06331.jpg,No,No,No,,No,,Yes,Yes,,Yes,No
BrainTumor_06332.jpg,,,Yes,,,No,No,No,,No,No
BrainTumor_06333.jpg,,Yes,No,Yes,Yes,Yes,No,,Yes,Yes,No
BrainTumor_06334.jpg,,No,Yes,No,Yes,Yes,Yes,,Yes,Yes,Yes
BrainTumor_06335.jpg,,Yes,No,,,,,,Yes,No,
BrainTumor_06336.jpg,,No,No,No,Yes,No,Yes,,,No,Yes
BrainTumor_06337.jpg,,Yes,Yes,No,Yes,,Yes,No,Yes,No,Yes
BrainTumor_06338.jpg,,,,,,Yes,,Yes,No,No,No
BrainTumor_06339.jpg,,Yes,,,,No,No,Yes,No,,Yes
BrainTumor_06340.jpg,No,Yes,No,No,Yes,Yes,Yes,Yes,No,Yes,
BrainTumor_06341.jpg,,,Yes,No,Yes,Yes,,Yes,,,Yes
BrainTumor_06342.jpg,Yes,No,Yes,,Yes,,,,,Yes,No
BrainTumor_06343.jpg,No,Yes,,,No,No,No,No,No,Yes,Yes
BrainTumor_06344.jpg,,Yes,,,Yes,No,Yes,,,No,
BrainTumor_06345.jpg,Yes,,,,,Yes,Yes,,Yes,No,No
BrainTumor_06346.jpg,No,No,No,No,No,No,,,Yes,No,No
BrainTumor_06347.jpg,Yes,Yes,Yes,Yes,,No,Yes,,Yes,No,Yes
BrainTumor_06348.jpg,No,,,,Yes,Yes,,,Yes,Yes,No
BrainTumor_06349.jpg,No,No,,Yes,,Yes,,Yes,Yes,No,Yes
BrainTumor_06350.jpg,No,No,Yes,No,,Yes,No,,No,Yes,Yes
BrainTumor_06351.jpg,,Yes,,No,No,,Yes,Yes,,Yes,No
BrainTumor_06352.jpg,,Yes,Yes,Yes,,,No,,No,,No
BrainTumor_06353.jpg,Yes,No,Yes,,No,No,,Yes,Yes,,Yes
BrainTumor_06354.jpg,Yes,,,,,No,,No,Yes,Yes,No
BrainTumor_06355.jpg,,Yes,Yes,Yes,,No,No,,Yes,Yes,Yes
BrainTumor_06356.jpg,Yes,No,,,Yes,No,Yes,No,,Yes,
BrainTumor_06357.jpg,Yes,No,,Yes,Yes,Yes,No,,Yes,,Yes
BrainTumor_06358.jpg,Yes,Yes,,Yes,No,Yes,Yes,No,No,Yes,Yes
BrainTumor_06359.jpg,,Yes,No,,No,Yes,,,,No,
BrainTumor_06360.jpg,No,No,Yes,No,Yes,Yes,Yes,Yes,,Yes,Yes
BrainTumor_06361.jpg,Yes,No,No,,,Yes,Yes,,No,,Yes
BrainTumor_06362.jpg,Yes,Yes,,No,,Yes,No,No,,Yes,
BrainTumor_06363.jpg,,No,No,Yes,No,,No,,No,Yes,
BrainTumor_06364.jpg,Yes,,,No,Yes,,No,Yes,Yes,Yes,Yes
BrainTumor_06365.jpg,,,No,Yes,No,No,Yes,,No,Yes,No
BrainTumor_06366.jpg,No,Yes,No,,,Yes,,,No,Yes,Yes
BrainTumor_06367.jpg,,No,Yes,,,No,Yes,Yes,No,Yes,Yes
BrainTumor_06368.jpg,,Yes,,Yes,No,Yes,,,Yes,Yes,
BrainTumor_06369.jpg,,,No,Yes,Yes,Yes,Yes,Yes,,,No
BrainTumor_06370.jpg,No,No,No,No,Yes,,,,No,Yes,No
BrainTumor_06371.jpg,Yes,Yes,,Yes,,Yes,,Yes,,Yes,
BrainTumor_06372.jpg,Yes,Yes,No,,Yes,Yes,No,,No,,
BrainTumor_06373.jpg,No,No,No,Yes,No,No,,,,,Yes
BrainTumor_06374.jpg,No,No,Yes,No,No,Yes,No,,No,No,No
BrainTumor_06375.jpg,No,,,No,Yes,No,No,Yes,,,Yes
BrainTumor_06376.jpg,Yes,Yes,No,No,,Yes,,No,Yes,No,
BrainTumor_06377.jpg,No,,Yes,No,No,No,,No,,,No
BrainTumor_06378.jpg,,,,Yes,No,No,Yes,No,No,,No
BrainTumor_06379.jpg,No,Yes,No,Yes,No,,Yes,No,,No,Yes
BrainTumor_06380.jpg,No,No,No,,Yes,Yes,,,Yes,Yes,
BrainTumor_06381.jpg,Yes,No,Yes,No,,No,Yes,Yes,Yes,No,
BrainTumor_06382.jpg,,No,,Yes,No,Yes,No,No,,,
BrainTumor_06383.jpg,No,No,Yes,No,Yes,,,,No,,No
BrainTumor_06384.jpg,Yes,,,Yes,,No,Yes,,Yes,Yes,
BrainTumor_06385.jpg,Yes,Yes,,Yes,No,No,No,Yes,,,Yes
BrainTumor_06386.jpg,Yes,Yes,,,,Yes,,Yes,No,,Yes
BrainTumor_06387.jpg,No,No,No,Yes,Yes,,,,,No,No
BrainTumor_06388.jpg,Yes,,,No,Yes,No,Yes,No,No,No,No
BrainTumor_06389.jpg,,No,No,Yes,Yes,,,,Yes,,No
BrainTumor_06390.jpg,Yes,Yes,Yes,No,,No,No,No,No,No,No
BrainTumor_06391.jpg,No,No,No,,,Yes,Yes,Yes,,,No
BrainTumor_06392.jpg,Yes,,No,Yes,,No,,No,Yes,,Yes
BrainTumor_06393.jpg,No,Yes,No,,,Yes,Yes,,,No,
BrainTumor_06394.jpg,Yes,,Yes,,No,Yes,Yes,No,Yes,Yes,Yes
BrainTumor_06395.jpg,Yes,Yes,,No,No,,No,Yes,,Yes,No
BrainTumor_06396.jpg,Yes,No,Yes,,,,Yes,Yes,No,Yes,No
BrainTumor_06397.jpg,,Yes,No,,Yes,,,,No,No,Yes
BrainTumor_06398.jpg,,Yes,,,Yes,Yes,,Yes,Yes,No,
BrainTumor_06399.jpg,No,No,Yes,,No,Yes,Yes,,,No,
BrainTumor_06400.jpg,Yes,No,,,No,,Yes,No,,,Yes
BrainTumor_06401.jpg,Yes,,Yes,No,Yes,,,No,No,Yes,
BrainTumor_06402.jpg,Yes,No,Yes,,,Yes,No,No,,,No
BrainTumor_06403.jpg,No,,No,Yes,No,,No,No,,,No
BrainTumor_06404.jpg,Yes,,Yes,No,,,No,,Yes,No,Yes
BrainTumor_06405.jpg,No,No,No,Yes,No,Yes,,,No,Yes,Yes
BrainTumor_06406.jpg,No,,No,Yes,Yes,No,,,,,No
BrainTumor_06407.jpg,No,No,,Yes,,No,No,Yes,,No,
BrainTumor_06408.jpg,No,,No,Yes,,No,Yes,No,Yes,,No
BrainTumor_06409.jpg,No,Yes,No,,No,No,,No,,Yes,
BrainTumor_06410.jpg,,,,,No,,Yes,,,No,Yes
BrainTumor_06411.jpg,Yes,Yes,No,Yes,No,No,No,No,Yes,No,
BrainTumor_06412.jpg,,,,Yes,Yes,Yes,Yes,Yes,Yes,,Yes
BrainTumor_06413.jpg,Yes,Yes,Yes,No,Yes,,Yes,Yes,Yes,Yes,
BrainTumor_06414.jpg,No,No,,No,,No,No,Yes,No,No,Yes
BrainTumor_06415.jpg,,Yes,Yes,No,Yes,No,Yes,,Yes,Yes,No
BrainTumor_06416.jpg,,,,,,No,No,Yes,Yes,No,No
BrainTumor_06417.jpg,,Yes,Yes,,,,Yes,,Yes,Yes,
BrainTumor_06418.jpg,No,,,Yes,,,Yes,No,,Yes,No
BrainTumor_06419.jpg,,No,,,Yes,,,No,,,Yes
BrainTumor_06420.jpg,No,No,,Yes,Yes,,Yes,,No,Yes,
BrainTumor_06421.jpg,Yes,Yes,,,No,Yes,,No,Yes,,
BrainTumor_06422.jpg,No,Yes,No,,,Yes,,No,,No,
BrainTumor_06423.jpg,,,No,Yes,Yes,Yes,No,No,No,No,Yes
BrainTumor_06424.jpg,Yes,Yes,No,No,,Yes,,No,Yes,,Yes
BrainTumor_06425.jpg,,No,,No,No,Yes,No,,Yes,Yes,
BrainTumor_06426.jpg,,,No,Yes,No,Yes,Yes,No,,Yes,No
BrainTumor_06427.jpg,No,Yes,,No,No,,,,No,Yes,No
BrainTumor_06428.jpg,No,Yes,No,,,,Yes,,Yes,Yes,Yes
BrainTumor_06429.jpg,Yes,Yes,Yes,No,Yes,,,Yes,,No,No
BrainTumor_06430.jpg,Yes,No,,No,Yes,Yes,Yes,,No,Yes,Yes
BrainTumor_06431.jpg,,Yes,,No,Yes,,No,Yes,Yes,No,Yes
BrainTumor_06432.jpg,,,No,,,Yes,Yes,No,Yes,No,Yes
BrainTumor_06433.jpg,,Yes,,No,No,No,No,Yes,,,Yes
BrainTumor_06434.jpg,No,No,Yes,Yes,No,,,No,No,Yes,Yes
BrainTumor_06435.jpg,No,No,Yes,No,No,,No,No,Yes,No,No
BrainTumor_06436.jpg,No,,No,Yes,Yes,,No,No,No,,No
BrainTumor_06437.jpg,No,No,,,Yes,,,Yes,No,,
BrainTumor_06438.jpg,,,,No,Yes,,,,,Yes,
BrainTumor_06439.jpg,,No,No,,,,,Yes,Yes,Yes,No
BrainTumor_06440.jpg,Yes,Yes,Yes,Yes,No,,,,Yes,,Yes
BrainTumor_06441.jpg,Yes,Yes,No,Yes,No,No,Yes,Yes,,Yes,No
BrainTumor_06442.jpg,,No,No,No,No,Yes,Yes,No,Yes,Yes,
BrainTumor_06443.jpg,,,Yes,,,No,No,,No,Yes,
BrainTumor_06444.jpg,No,Yes,Yes,Yes,Yes,,Yes,No,No,,No
BrainTumor_06445.jpg,,Yes,,,No,No,,Yes,No,No,
BrainTumor_06446.jpg,Yes,No,,No,Yes,Yes,Yes,No,,No,Yes
BrainTumor_06447.jpg,Yes,No,Yes,No,,No,No,Yes,,,No
BrainTumor_06448.jpg,Yes,No,Yes,,,No,,Yes,,Yes,No
BrainTumor_06449.jpg,,No,Yes,No,,No,,No,,Yes,No
BrainTumor_06450.jpg,,,Yes,No,Yes,,Yes,,Yes,Yes,Yes
BrainTumor_06451.jpg,,Yes,No,,No,Yes,,Yes,No,Yes,No
BrainTumor_06452.jpg,,No,No,No,,,Yes,No,No,,
BrainTumor_06453.jpg,,No,,Yes,,No,,Yes,,No,Yes
BrainTumor_06454.jpg,No,No,,,Yes,,,,No,Yes,Yes
BrainTumor_06455.jpg,,Yes,,No,,No,No,,,Yes,Yes
BrainTumor_06456.jpg,No,,Yes,No,Yes,No,Yes,Yes,,,Yes
BrainTumor_06457.jpg,,Yes,Yes,No,Yes,,Yes,Yes,Yes,No,
BrainTumor_06458.jpg,,,Yes,Yes,No,,No,,Yes,,Yes
BrainTumor_06459.jpg,,No,,Yes,,Yes,Yes,No,No,Yes,
BrainTumor_06460.jpg,Yes,,,,Yes,No,,,Yes,No,No
BrainTumor_06461.jpg,Yes,,,Yes,Yes,Yes,,No,,No,No
BrainTumor_06462.jpg,,,Yes,Yes,Yes,No,No,,Yes,,
BrainTumor_06463.jpg,Yes,No,Yes,,Yes,Yes,,Yes,,Yes,
BrainTumor_06464.jpg,,Yes,Yes,No,,No,Yes,,Yes,,Yes
BrainTumor_06465.jpg,,,,Yes,No,Yes,,,Yes,,
BrainTumor_06466.jpg,No,No,,,No,Yes,Yes,Yes,,Yes,
BrainTumor_06467.jpg,,Yes,,No,Yes,,No,Yes,No,No,No
BrainTumor_06468.jpg,,Yes,No,No,,,No,,,No,
BrainTumor_06469.jpg,Yes,No,,Yes,,No,Yes,No,,No,Yes
BrainTumor_06470.jpg,Yes,,No,,,,No,Yes,,Yes,
BrainTumor_06471.jpg,,,No,,Yes,,Yes,,,No,
BrainTumor_06472.jpg,No,,,Yes,No,Yes,Yes,No,,No,
BrainTumor_06473.jpg,Yes,,Yes,,,Yes,No,Yes,No,No,
BrainTumor_06474.jpg,Yes,No,Yes,No,No,Yes,,No,No,,
BrainTumor_06475.jpg,Yes,No,Yes,Yes,,No,Yes,,Yes,,
BrainTumor_06476.jpg,Yes,Yes,No,Yes,,No,,Yes,,Yes,
BrainTumor_06477.jpg,,No,Yes,No,Yes,,No,No,No,,Yes
BrainTumor_06478.jpg,No,Yes,,No,Yes,Yes,No,,Yes,,No
BrainTumor_06479.jpg,,No,No,,,No,,No,Yes,No,
BrainTumor_06480.jpg,,,,,Yes,,Yes,No,,No,Yes
BrainTumor_06481.jpg,,Yes,No,,Yes,No,,Yes,No,Yes,No
BrainTumor_06482.jpg,No,Yes,Yes,No,No,No,,Yes,Yes,Yes,Yes
BrainTumor_06483.jpg,,Yes,Yes,No,No,No,,No,No,Yes,
BrainTumor_06484.jpg,,Yes,,Yes,Yes,,,,,No,No
BrainTumor_06485.jpg,Yes,No,,Yes,Yes,Yes,No,Yes,,,Yes
BrainTumor_06486.jpg,Yes,,,No,,Yes,No,,No,Yes,No
BrainTumor_06487.jpg,Yes,Yes,Yes,No,,No,,No,Yes,Yes,No
BrainTumor_06488.jpg,No,Yes,,No,Yes,No,,Yes,No,No,No
BrainTumor_06489.jpg,,No,Yes,Yes,Yes,Yes,Yes,Yes,No,Yes,
BrainTumor_06490.jpg,No,,No,No,No,,,Yes,,Yes,Yes
BrainTumor_06491.jpg,,No,Yes,,No,Yes,No,Yes,No,,No
BrainTumor_06492.jpg,,No,Yes,Yes,No,,,Yes,,Yes,No
BrainTumor_06493.jpg,Yes,No,Yes,No,Yes,Yes,No,Yes,No,No,Yes
BrainTumor_06494.jpg,No,,No,,,No,Yes,No,No,No,No
BrainTumor_06495.jpg,No,,Yes,,,Yes,No,,,No,Yes
BrainTumor_06496.jpg,Yes,No,No,,No,,Yes,No,,,No
BrainTumor_06497.jpg,Yes,No,No,,,,,Yes,No,No,Yes
BrainTumor_06498.jpg,,Yes,,Yes,,,No,Yes,No,No,No
BrainTumor_06499.jpg,,Yes,Yes,,Yes,Yes,No,,,Yes,No
BrainTumor_06500.jpg,,Yes,Yes,,No,No,Yes,Yes,No,,No
BrainTumor_06501.jpg,Yes,Yes,,Yes,Yes,Yes,Yes,Yes,No,,No
BrainTumor_06502.jpg,Yes,No,,Yes,No,Yes,Yes,No,,No,
BrainTumor_06503.jpg,,No,No,No,,No,Yes,No,,Yes,No
BrainTumor_06504.jpg,,No,No,No,No,Yes,No,Yes,,No,
BrainTumor_06505.jpg,Yes,,No,No,Yes,Yes,,Yes,No,Yes,No
BrainTumor_06506.jpg,No,,No,No,Yes,Yes,Yes,Yes,,Yes,No
BrainTumor_06507.jpg,Yes,,Yes,No,,No,Yes,,No,Yes,No
BrainTumor_06508.jpg,Yes,No,Yes,,No,,Yes,No,No,,Yes
BrainTumor_06509.jpg,,No,Yes,No,Yes,No,Yes,No,Yes,,No
BrainTumor_06510.jpg,No,Yes,No,Yes,Yes,Yes,,,No,Yes,No
BrainTumor_06511.jpg,No,Yes,Yes,No,,No,,No,,,Yes
BrainTumor_06512.jpg,,Yes,,No,No,,,No,,,Yes
BrainTumor_06513.jpg,,Yes,,Yes,No,No,Yes,,Yes,Yes,
BrainTumor_06514.jpg,,,Yes,Yes,,Yes,No,No,,Yes,Yes
BrainTumor_06515.jpg,,Yes,,No,,,,,,,Yes
BrainTumor_06516.jpg,Yes,,No,Yes,,,Yes,No,No,,Yes
BrainTumor_06517.jpg,Yes,,Yes,,,,No,Yes,,,Yes
BrainTumor_06518.jpg,,Yes,Yes,Yes,No,Yes,,Yes,,,Yes
BrainTumor_06519.jpg,Yes,Yes,Yes,,Yes,,No,,No,Yes,Yes
BrainTumor_06520.jpg,No,Yes,No,,No,Yes,No,Yes,,No,Yes
BrainTumor_06521.jpg,Yes,,No,No,,No,No,,No,No,No
BrainTumor_06522.jpg,,No,Yes,No,No,,,Yes,,No,No
BrainTumor_06523.jpg,No,Yes,,,,No,,Yes,,Yes,
BrainTumor_06524.jpg,Yes,Yes,,No,Yes,Yes,Yes,No,No,,No
BrainTumor_06525.jpg,,,,,,,,Yes,Yes,Yes,No
BrainTumor_06526.jpg,,,Yes,,Yes,Yes,,Yes,No,,No
BrainTumor_06527.jpg,,Yes,,Yes,No,Yes,Yes,,Yes,Yes,Yes
BrainTumor_06528.jpg,No,Yes,,No,No,No,Yes,No,No,,
BrainTumor_06529.jpg,No,Yes,Yes,No,Yes,,No,Yes,Yes,Yes,
BrainTumor_06530.jpg,Yes,No,Yes,Yes,No,,No,No,No,Yes,Yes
BrainTumor_06531.jpg,Yes,,No,,,Yes,,No,No,,Yes
BrainTumor_06532.jpg,,,Yes,Yes,No,Yes,No,Yes,,No,No
BrainTumor_06533.jpg,No,Yes,Yes,,No,Yes,No,Yes,No,,Yes
BrainTumor_06534.jpg,No,Yes,No,,,No,,,No,No,Yes
BrainTumor_06535.jpg,No,No,Yes,No,No,No,Yes,No,No,Yes,Yes
BrainTumor_06536.jpg,No,Yes,,No,,,,Yes,,Yes,
BrainTumor_06537.jpg,,No,Yes,,,Yes,No,,No,No,
BrainTumor_06538.jpg,,Yes,,Yes,,No,Yes,Yes,No,No,
BrainTumor_06539.jpg,Yes,,No,Yes,No,No,,,,,
BrainTumor_06540.jpg,Yes,,Yes,,,No,,No,,Yes,
BrainTumor_06541.jpg,,Yes,Yes,Yes,No,,No,Yes,,No,Yes
BrainTumor_06542.jpg,,,,,,No,Yes,Yes,No,Yes,
BrainTumor_06543.jpg,Yes,No,No,,No,,No,No,,,No
BrainTumor_06544.jpg,No,No,Yes,No,,Yes,Yes,No,Yes,Yes,No
BrainTumor_06545.jpg,,No,No,No,Yes,,Yes,,No,Yes,
BrainTumor_06546.jpg,,,,Yes,Yes,Yes,Yes,,Yes,Yes,
BrainTumor_06547.jpg,Yes,No,No,,No,No,Yes,No,Yes,Yes,No
BrainTumor_06548.jpg,No,Yes,Yes,Yes,No,No,Yes,No,No,Yes,
BrainTumor_06549.jpg,Yes,,,Yes,,,No,,No,No,No
BrainTumor_06550.jpg,Yes,,No,,Yes,Yes,No,No,Yes,No,No
BrainTumor_06551.jpg,,,,,,Yes,No,No,No,No,
BrainTumor_06552.jpg,Yes,Yes,,Yes,No,,Yes,No,Yes,No,
BrainTumor_06553.jpg,,No,,Yes,No,,Yes,No,No,,
BrainTumor_06554.jpg,Yes,Yes,No,Yes,,No,No,Yes,No,No,Yes
BrainTumor_06555.jpg,,,,Yes,,,,Yes,No,Yes,No
BrainTumor_06556.jpg,No,Yes,No,Yes,No,No,Yes,Yes,Yes,,Yes
BrainTumor_06557.jpg,Yes,No,,,Yes,No,,No,,Yes,No
BrainTumor_06558.jpg,,,No,Yes,Yes,Yes,Yes,No,Yes,No,No
BrainTumor_06559.jpg,Yes,Yes,Yes,Yes,,Yes,No,No,No,No,No
BrainTumor_06560.jpg,No,,,,,No,No,Yes,,,
BrainTumor_06561.jpg,Yes,Yes,No,,,,Yes,Yes,No,No,No
BrainTumor_06562.jpg,,No,Yes,,Yes,No,No,,Yes,Yes,Yes
BrainTumor_06563.jpg,Yes,No,Yes,Yes,,Yes,Yes,No,No,Yes,Yes
BrainTumor_06564.jpg,Yes,No,,Yes,,No,Yes,Yes,,No,
BrainTumor_06565.jpg,No,,,,No,Yes,,Yes,Yes,,
BrainTumor_06566.jpg,No,,,No,No,,,,,Yes,Yes
BrainTumor_06567.jpg,No,Yes,Yes,No,Yes,,No,,No,Yes,
BrainTumor_06568.jpg,Yes,No,Yes,Yes,Yes,No,,No,Yes,Yes,Yes
BrainTumor_06569.jpg,No,No,,,No,,Yes,,Yes,,No
BrainTumor_06570.jpg,No,No,Yes,Yes,,Yes,Yes,,Yes,,Yes
BrainTumor_06571.jpg,Yes,Yes,No,No,Yes,Yes,Yes,No,Yes,Yes,No
BrainTumor_06572.jpg,,Yes,Yes,No,No,No,No,,No,,Yes
BrainTumor_06573.jpg,,,,No,,,,Yes,,Yes,Yes
BrainTumor_06574.jpg,,Yes,Yes,Yes,Yes,No,Yes,No,Yes,Yes,No
BrainTumor_06575.jpg,No,Yes,Yes,,No,,Yes,Yes,No,No,No
BrainTumor_06576.jpg,Yes,No,,No,,,No,No,No,,
BrainTumor_06577.jpg,No,,Yes,No,,Yes,,Yes,No,,
BrainTumor_06578.jpg,No,No,,Yes,Yes,No,,Yes,No,No,
BrainTumor_06579.jpg,No,,,Yes,No,No,,Yes,,No,Yes
BrainTumor_06580.jpg,Yes,No,Yes,,,Yes,,Yes,No,Yes,No
BrainTumor_06581.jpg,,Yes,,Yes,Yes,No,No,,No,,No
BrainTumor_06582.jpg,,,Yes,No,No,No,,Yes,,No,Yes
BrainTumor_06583.jpg,Yes,Yes,,No,Yes,,Yes,Yes,No,,Yes
BrainTumor_06584.jpg,Yes,,No,Yes,,Yes,Yes,No,No,No,Yes
BrainTumor_06585.jpg,Yes,Yes,,,,No,No,No,No,,Yes
BrainTumor_06586.jpg,,Yes,Yes,,Yes,No,,No,Yes,No,No
BrainTumor_06587.jpg,Yes,No,Yes,No,Yes,No,Yes,Yes,No,,No
BrainTumor_06588.jpg,No,No,,,No,,Yes,Yes,No,Yes,No
BrainTumor_06589.jpg,Yes,No,No,,No,,Yes,No,No,No,
BrainTumor_06590.jpg,Yes,No,No,Yes,No,,,,No,Yes,Yes
BrainTumor_06591.jpg,Yes,Yes,Yes,,Yes,Yes,No,,,,Yes
BrainTumor_06592.jpg,No,Yes,,Yes,Yes,No,,,Yes,No,
BrainTumor_06593.jpg,,,Yes,,,,No,No,Yes,Yes,Yes
BrainTumor_06594.jpg,Yes,Yes,Yes,Yes,,No,Yes,,,,
BrainTumor_06595.jpg,,Yes,No,No,Yes,,No,,No,,Yes
BrainTumor_06596.jpg,No,No,,Yes,Yes,Yes,No,Yes,,,Yes
BrainTumor_06597.jpg,Yes,No,No,,Yes,,No,,Yes,Yes,Yes
BrainTumor_06598.jpg,,No,No,,,Yes,Yes,Yes,,,
BrainTumor_06599.jpg,,,Yes,,,Yes,No,No,,No,Yes
BrainTumor_06600.jpg,Yes,Yes,,No,,Yes,,No,No,Yes,Yes
BrainTumor_06601.jpg,Yes,Yes,,,No,No,No,Yes,,No,No
BrainTumor_06602.jpg,No,,Yes,No,No,,,,No,,No
BrainTumor_06603.jpg,Yes,,No,,,,No,Yes,Yes,Yes,No
BrainTumor_06604.jpg,Yes,,,Yes,Yes,,No,No,Yes,Yes,
BrainTumor_06605.jpg,Yes,Yes,,,No,,Yes,,No,,Yes
BrainTumor_06606.jpg,No,Yes,No,No,Yes,,No,Yes,Yes,Yes,No
BrainTumor_06607.jpg,No,,No,Yes,,,Yes,No,Yes,Yes,No
BrainTumor_06608.jpg,Yes,Yes,,,No,No,Yes,,No,Yes,No
BrainTumor_06609.jpg,Yes,Yes,Yes,Yes,No,No,No,Yes,No,No,Yes
BrainTumor_06610.jpg,,No,Yes,No,Yes,Yes,Yes,,,No,Yes
BrainTumor_06611.jpg,Yes,Yes,No,Yes,No,Yes,,,No,Yes,No
BrainTumor_06612.jpg,,,,Yes,No,Yes,No,No,Yes,No,
BrainTumor_06613.jpg,Yes,Yes,Yes,,No,No,,No,No,Yes,Yes
BrainTumor_06614.jpg,Yes,,,No,No,Yes,,No,Yes,,Yes
BrainTumor_06615.jpg,Yes,,,Yes,,,,,,No,
BrainTumor_06616.jpg,,Yes,No,Yes,,,Yes,No,,,Yes
BrainTumor_06617.jpg,No,,,Yes,No,,,No,No,No,No
BrainTumor_06618.jpg,No,No,Yes,No,,,No,No,,No,Yes
BrainTumor_06619.jpg,No,Yes,No,No,,,,,Yes,Yes,No
BrainTumor_06620.jpg,,Yes,Yes,Yes,No,,No,No,,Yes,No
BrainTumor_06621.jpg,Yes,No,No,No,Yes,No,,No,,Yes,No
BrainTumor_06622.jpg,No,No,Yes,No,Yes,No,,No,Yes,,Yes
BrainTumor_06623.jpg,,Yes,No,Yes,Yes,Yes,No,No,,Yes,No
BrainTumor_06624.jpg,No,Yes,Yes,No,Yes,Yes,Yes,Yes,Yes,No,No
BrainTumor_06625.jpg,,Yes,No,Yes,No,Yes,No,No,No,Yes,Yes
BrainTumor_06626.jpg,Yes,No,,,Yes,,,No,Yes,No,No
BrainTumor_06627.jpg,No,No,Yes,,,No,,No,Yes,Yes,No
BrainTumor_06628.jpg,Yes,,Yes,,No,No,Yes,,,Yes,Yes
BrainTumor_06629.jpg,No,,,No,No,Yes,Yes,Yes,,Yes,
BrainTumor_06630.jpg,,No,No,Yes,,Yes,,,Yes,Yes,Yes
BrainTumor_06631.jpg,,Yes,No,Yes,No,,,No,No,Yes,Yes
BrainTumor_06632.jpg,,Yes,No,,No,,No,,,,Yes
BrainTumor_06633.jpg,No,,No,,No,Yes,,,,Yes,Yes
BrainTumor_06634.jpg,Yes,Yes,No,No,No,,Yes,Yes,,Yes,No
BrainTumor_06635.jpg,No,,No,Yes,No,No,,,,No,No
BrainTumor_06636.jpg,,No,,No,Yes,,Yes,,Yes,No,Yes
BrainTumor_06637.jpg,,Yes,No,Yes,Yes,No,Yes,No,Yes,Yes,No
BrainTumor_06638.jpg,No,No,Yes,,,Yes,Yes,,Yes,,
BrainTumor_06639.jpg,Yes,No,Yes,No,No,No,Yes,Yes,Yes,Yes,No
BrainTumor_06640.jpg,No,No,,No,,Yes,Yes,Yes,No,No,Yes
BrainTumor_06641.jpg,,,No,No,,,Yes,,,,Yes
BrainTumor_06642.jpg,,No,,Yes,,,,Yes,Yes,Yes,Yes
BrainTumor_06643.jpg,,Yes,No,Yes,No,No,Yes,,,,No
BrainTumor_06644.jpg,,Yes,,Yes,No,No,No,No,,No,Yes
BrainTumor_06645.jpg,No,,Yes,,,Yes,,No,No,,No
BrainTumor_06646.jpg,Yes,No,No,,No,No,Yes,Yes,Yes,,No
BrainTumor_06647.jpg,,No,No,Yes,No,,No,,Yes,,
BrainTumor_06648.jpg,Yes,Yes,Yes,,No,,,,Yes,,No
BrainTumor_06649.jpg,,No,No,No,Yes,Yes,,No,No,Yes,No
BrainTumor_06650.jpg,No,No,,,,No,,No,Yes,Yes,No
BrainTumor_06651.jpg,No,No,Yes,No,No,Yes,,Yes,,,Yes
BrainTumor_06652.jpg,No,,,Yes,,Yes,Yes,,,,
BrainTumor_06653.jpg,Yes,No,Yes,Yes,No,,No,Yes,Yes,No,Yes
BrainTumor_06654.jpg,Yes,,,No,No,No,No,No,No,No,
BrainTumor_06655.jpg,Yes,,Yes,Yes,Yes,Yes,Yes,Yes,No,,Yes
BrainTumor_06656.jpg,,,No,No,Yes,,Yes,No,No,,No
BrainTumor_06657.jpg,Yes,Yes,Yes,Yes,No,No,No,Yes,Yes,Yes,Yes
BrainTumor_06658.jpg,No,,,No,No,,Yes,No,,Yes,Yes
BrainTumor_06659.jpg,,Yes,Yes,Yes,No,,,No,Yes,,Yes
BrainTumor_06660.jpg,Yes,Yes,No,,No,Yes,Yes,,,No,No
BrainTumor_06661.jpg,,No,,,No,No,,No,,,No
BrainTumor_06662.jpg,Yes,No,Yes,Yes,No,No,No,Yes,Yes,No,No
BrainTumor_06663.jpg,,,,No,Yes,Yes,,No,No,,No
BrainTumor_06664.jpg,Yes,,No,No,No,,,,Yes,No,No
BrainTumor_06665.jpg,No,Yes,Yes,,No,No,Yes,,No,No,No
BrainTumor_06666.jpg,,No,,No,No,Yes,,,,Yes,
BrainTumor_06667.jpg,Yes,Yes,,,No,Yes,No,,Yes,No,No
BrainTumor_06668.jpg,No,No,Yes,No,No,Yes,Yes,No,Yes,Yes,Yes
BrainTumor_06669.jpg,No,,No,No,Yes,Yes,No,Yes,Yes,,Yes
BrainTumor_06670.jpg,Yes,Yes,Yes,No,Yes,,,,Yes,Yes,No
BrainTumor_06671.jpg,Yes,Yes,,,No,Yes,,No,Yes,No,
BrainTumor_06672.jpg,No,,,,Yes,,No,Yes,,Yes,No
BrainTumor_06673.jpg,Yes,Yes,Yes,No,No,,Yes,No,No,Yes,
BrainTumor_06674.jpg,,Yes,Yes,No,Yes,No,No,No,Yes,Yes,Yes
BrainTumor_06675.jpg,Yes,,No,,,,Yes,Yes,,,Yes
BrainTumor_06676.jpg,No,No,,No,No,Yes,Yes,Yes,No,,No
BrainTumor_06677.jpg,No,Yes,,Yes,No,Yes,Yes,Yes,,Yes,Yes
BrainTumor_06678.jpg,Yes,,,No,Yes,Yes,No,Yes,Yes,No,
BrainTumor_06679.jpg,No,No,No,No,,No,No,,No,,No
BrainTumor_06680.jpg,No,No,,,,Yes,,Yes,,No,Yes
BrainTumor_06681.jpg,Yes,Yes,,,,Yes,,No,No,Yes,Yes
BrainTumor_06682.jpg,Yes,Yes,,No,,No,No,Yes,,Yes,
BrainTumor_06683.jpg,No,,Yes,,,Yes,No,,No,Yes,Yes
BrainTumor_06684.jpg,,,,Yes,,Yes,No,No,Yes,,
BrainTumor_06685.jpg,,No,,Yes,Yes,,,Yes,,,
BrainTumor_06686.jpg,No,,,,,No,,No,Yes,No,Yes
BrainTumor_06687.jpg,,No,Yes,No,,No,,,No,No,Yes
BrainTumor_06688.jpg,Yes,No,Yes,No,No,No,No,,,Yes,No
BrainTumor_06689.jpg,No,No,Yes,No,,,No,No,Yes,No,Yes
BrainTumor_06690.jpg,Yes,Yes,Yes,Yes,Yes,No,Yes,No,No,Yes,
BrainTumor_06691.jpg,No,No,Yes,,,Yes,No,No,Yes,No,No
BrainTumor_06692.jpg,,,Yes,No,,No,No,Yes,No,,Yes
BrainTumor_06693.jpg,No,No,No,Yes,Yes,Yes,,,No,Yes,No
BrainTumor_06694.jpg,Yes,,Yes,Yes,No,No,,,,No,Yes
BrainTumor_06695.jpg,,Yes,Yes,,No,,,Yes,,No,Yes
BrainTumor_06696.jpg,No,,No,No,Yes,,Yes,Yes,No,Yes,No
BrainTumor_06697.jpg,No,Yes,No,No,No,No,Yes,,,No,No
BrainTumor_06698.jpg,,No,Yes,No,,No,Yes,No,Yes,No,
BrainTumor_06699.jpg,,Yes,,Yes,Yes,Yes,Yes,No,No,,Yes
BrainTumor_06700.jpg,Yes,No,No,Yes,,Yes,,Yes,,No,
BrainTumor_06701.jpg,No,,Yes,,,,No,No,,No,
BrainTumor_06702.jpg,,,Yes,,,No,Yes,No,No,Yes,Yes
BrainTumor_06703.jpg,Yes,Yes,Yes,Yes,No,Yes,No,Yes,,,No
BrainTumor_06704.jpg,No,Yes,No,Yes,Yes,,No,Yes,,Yes,Yes
BrainTumor_06705.jpg,No,,,Yes,No,,Yes,Yes,,Yes,No
BrainTumor_06706.jpg,,Yes,Yes,Yes,Yes,No,,,Yes,,No
BrainTumor_06707.jpg,Yes,,,,Yes,,No,No,,,Yes
BrainTumor_06708.jpg,No,,,,No,,,,Yes,,No
BrainTumor_06709.jpg,Yes,Yes,Yes,Yes,,Yes,Yes,No,No,Yes,Yes
BrainTumor_06710.jpg,Yes,No,Yes,Yes,,Yes,,Yes,Yes,,
BrainTumor_06711.jpg,Yes,,,,Yes,No,No,Yes,Yes,,Yes
BrainTumor_06712.jpg,,No,,Yes,,Yes,,No,No,Yes,No
BrainTumor_06713.jpg,,No,No,,,,Yes,,Yes,No,
BrainTumor_06714.jpg,Yes,Yes,Yes,No,,Yes,No,No,,No,Yes
BrainTumor_06715.jpg,,Yes,No,No,Yes,No,,Yes,Yes,,Yes
BrainTumor_06716.jpg,Yes,No,Yes,No,No,Yes,No,Yes,Yes,No,No
BrainTumor_06717.jpg,,,No,,Yes,,Yes,,No,,
BrainTumor_06718.jpg,Yes,,Yes,,,Yes,,Yes,,No,
BrainTumor_06719.jpg,,No,Yes,Yes,No,Yes,Yes,No,,No,No
BrainTumor_06720.jpg,Yes,,Yes,,Yes,Yes,Yes,,,No,No
BrainTumor_06721.jpg,Yes,No,,Yes,Yes,,,Yes,Yes,,No
BrainTumor_06722.jpg,,No,No,Yes,Yes,Yes,Yes,Yes,No,No,No
BrainTumor_06723.jpg,Yes,No,Yes,Yes,Yes,,,,No,No,No
BrainTumor_06724.jpg,,Yes,Yes,,No,No,,Yes,,Yes,
BrainTumor_06725.jpg,Yes,,Yes,Yes,No,,Yes,No,Yes,,
BrainTumor_06726.jpg,Yes,No,No,Yes,Yes,,,Yes,Yes,No,Yes
BrainTumor_06727.jpg,Yes,Yes,,No,Yes,No,Yes,,,,Yes
BrainTumor_06728.jpg,Yes,No,No,,No,No,No,Yes,Yes,No,
BrainTumor_06729.jpg,Yes,,No,Yes,Yes,No,Yes,,No,Yes,Yes
BrainTumor_06730.jpg,No,,No,No,,,,,No,Yes,No
BrainTumor_06731.jpg,No,Yes,,,Yes,Yes,Yes,No,No,,No
BrainTumor_06732.jpg,Yes,No,No,Yes,,Yes,Yes,No,Yes,Yes,
BrainTumor_06733.jpg,,No,,,No,,No,Yes,,Yes,No
BrainTumor_06734.jpg,Yes,,,,No,Yes,Yes,No,No,No,Yes
BrainTumor_06735.jpg,Yes,No,No,,Yes,,,Yes,Yes,No,
BrainTumor_06736.jpg,,No,,,No,No,,,,,Yes
BrainTumor_06737.jpg,Yes,,Yes,No,,No,No,Yes,No,,Yes
BrainTumor_06738.jpg,,No,,,No,No,Yes,Yes,,Yes,
BrainTumor_06739.jpg,Yes,,No,Yes,No,Yes,,No,No,No,Yes
BrainTumor_06740.jpg,Yes,,No,No,Yes,,,Yes,,Yes,No
BrainTumor_06741.jpg,No,Yes,No,,,,,Yes,,No,No
BrainTumor_06742.jpg,No,,,No,Yes,Yes,,No,No,Yes,Yes
BrainTumor_06743.jpg,,,No,,No,No,,No,Yes,No,Yes
BrainTumor_06744.jpg,Yes,,Yes,Yes,No,Yes,No,Yes,,No,No
BrainTumor_06745.jpg,No,No,No,Yes,Yes,Yes,,Yes,,No,Yes
BrainTumor_06746.jpg,Yes,No,,No,,No,No,No,,Yes,No
BrainTumor_06747.jpg,Yes,No,Yes,No,No,,Yes,No,No,,Yes
BrainTumor_06748.jpg,No,,No,,,Yes,Yes,No,Yes,No,No
BrainTumor_06749.jpg,Yes,Yes,No,Yes,No,Yes,No,,,No,Yes
BrainTumor_06750.jpg,No,No,,Yes,No,No,,,Yes,No,
BrainTumor_06751.jpg,,Yes,,No,,Yes,Yes,Yes,Yes,Yes,Yes
BrainTumor_06752.jpg,,Yes,No,No,,,,Yes,No,Yes,No
BrainTumor_06753.jpg,,Yes,No,Yes,,,,,,,Yes
BrainTumor_06754.jpg,Yes,Yes,Yes,,,,Yes,No,No,Yes,No
BrainTumor_06755.jpg,Yes,Yes,No,,,Yes,Yes,No,Yes,No,Yes
BrainTumor_06756.jpg,No,No,Yes,,No,,Yes,No,No,,
BrainTumor_06757.jpg,No,No,Yes,Yes,,,Yes,No,No,No,No
BrainTumor_06758.jpg,Yes,Yes,,No,,,Yes,No,Yes,No,Yes
BrainTumor_06759.jpg,No,Yes,No,No,No,Yes,Yes,No,,No,No
BrainTumor_06760.jpg,Yes,No,,No,No,No,No,No,No,Yes,
BrainTumor_06761.jpg,Yes,,,Yes,No,,Yes,Yes,,Yes,
BrainTumor_06762.jpg,No,Yes,Yes,No,No,,No,,Yes,No,No
BrainTumor_06763.jpg,Yes,,Yes,,No,,Yes,,Yes,Yes,Yes
BrainTumor_06764.jpg,Yes,,No,Yes,Yes,No,No,Yes,Yes,No,No
BrainTumor_06765.jpg,,,,Yes,,Yes,,Yes,,Yes,Yes
BrainTumor_06766.jpg,No,,,Yes,Yes,Yes,Yes,Yes,Yes,Yes,Yes
BrainTumor_06767.jpg,,No,,Yes,Yes,No,Yes,,Yes,No,
BrainTumor_06768.jpg,,,,Yes,No,No,No,,No,No,No
BrainTumor_06769.jpg,Yes,No,,Yes,,No,Yes,,,No,Yes
BrainTumor_06770.jpg,,No,No,No,,No,No,No,No,Yes,No
BrainTumor_06771.jpg,,,,,Yes,,Yes,No,Yes,,
BrainTumor_06772.jpg,No,,,No,,Yes,No,No,No,Yes,
BrainTumor_06773.jpg,Yes,No,,Yes,Yes,Yes,,Yes,,No,No
BrainTumor_06774.jpg,No,Yes,No,No,No,Yes,Yes,,No,No,Yes
BrainTumor_06775.jpg,No,Yes,Yes,,Yes,Yes,No,Yes,,,No
BrainTumor_06776.jpg,,Yes,Yes,No,Yes,No,No,No,,,Yes
BrainTumor_06777.jpg,Yes,No,Yes,No,Yes,Yes,No,,No,No,Yes
BrainTumor_06778.jpg,,No,No,,,Yes,,,,Yes,Yes
BrainTumor_06779.jpg,No,No,,Yes,,No,Yes,,Yes,Yes,Yes
BrainTumor_06780.jpg,,,,Yes,,,Yes,Yes,No,Yes,
BrainTumor_06781.jpg,Yes,No,Yes,No,,No,No,Yes,,Yes,
BrainTumor_06782.jpg,No,,No,No,Yes,No,,No,Yes,,
BrainTumor_06783.jpg,No,,,,,No,No,,Yes,,Yes
BrainTumor_06784.jpg,Yes,No,Yes,,Yes,No,,No,,Yes,
BrainTumor_06785.jpg,Yes,,,No,,Yes,No,No,,No,Yes
BrainTumor_06786.jpg,No,No,,Yes,Yes,,Yes,,No,No,Yes
BrainTumor_06787.jpg,,Yes,,,Yes,,No,,,Yes,Yes
BrainTumor_06788.jpg,,No,,No,,,No,,,,Yes
BrainTumor_06789.jpg,,Yes,No,,No,,Yes,No,,,Yes
BrainTumor_06790.jpg,,No,,,,,Yes,,,,
BrainTumor_06791.jpg,Yes,,Yes,,,No,,No,Yes,Yes,
BrainTumor_06792.jpg,,No,,,No,,,,Yes,Yes,
BrainTumor_06793.jpg,Yes,,Yes,Yes,,Yes,Yes,No,Yes,Yes,No
BrainTumor_06794.jpg,Yes,No,No,,Yes,,,,Yes,No,Yes
BrainTumor_06795.jpg,,,,No,Yes,Yes,Yes,,,No,No
BrainTumor_06796.jpg,,No,Yes,No,,,,,Yes,,
BrainTumor_06797.jpg,No,,Yes,Yes,,Yes,Yes,Yes,,Yes,Yes
BrainTumor_06798.jpg,Yes,No,Yes,,,,,Yes,No,Yes,
BrainTumor_06799.jpg,No,Yes,Yes,Yes,,Yes,Yes,,Yes,Yes,Yes
BrainTumor_06800.jpg,Yes,Yes,,No,No,No,,Yes,Yes,Yes,No
BrainTumor_06801.jpg,No,Yes,Yes,No,No,Yes,No,Yes,,,No
BrainTumor_06802.jpg,Yes,,No,Yes,No,Yes,,Yes,,No,Yes
BrainTumor_06803.jpg,Yes,No,,,,No,,No,,Yes,No
BrainTumor_06804.jpg,,,,No,,Yes,,No,No,Yes,No
BrainTumor_06805.jpg,No,Yes,,,Yes,Yes,No,,No,,No
BrainTumor_06806.jpg,,No,,Yes,Yes,,Yes,,,,Yes
BrainTumor_06807.jpg,Yes,Yes,Yes,No,No,Yes,No,,No,,No
BrainTumor_06808.jpg,,,Yes,No,,Yes,,No,Yes,,
BrainTumor_06809.jpg,,,No,No,Yes,Yes,No,Yes,Yes,,
BrainTumor_06810.jpg,Yes,,Yes,Yes,No,Yes,No,No,,,
BrainTumor_06811.jpg,Yes,Yes,Yes,,Yes,Yes,No,No,,No,
BrainTumor_06812.jpg,,Yes,Yes,Yes,,,Yes,No,Yes,Yes,
BrainTumor_06813.jpg,,,No,Yes,,No,Yes,,No,,
BrainTumor_06814.jpg,,No,,No,Yes,No,No,No,Yes,No,
BrainTumor_06815.jpg,,,No,,,Yes,No,No,Yes,Yes,
BrainTumor_06816.jpg,,,Yes,No,Yes,,,No,,,Yes
BrainTumor_06817.jpg,No,No,Yes,No,,Yes,,,Yes,No,Yes
BrainTumor_06818.jpg,No,Yes,No,,No,Yes,No,Yes,No,No,No
BrainTumor_06819.jpg,Yes,,,,Yes,,Yes,No,Yes,Yes,No
BrainTumor_06820.jpg,Yes,Yes,Yes,Yes,,Yes,,,Yes,Yes,No
BrainTumor_06821.jpg,Yes,,Yes,No,No,Yes,,Yes,,,
BrainTumor_06822.jpg,No,No,No,No,No,Yes,Yes,Yes,Yes,No,No
BrainTumor_06823.jpg,No,Yes,Yes,Yes,No,,,Yes,No,,
BrainTumor_06824.jpg,,Yes,No,No,,Yes,,,Yes,Yes,Yes
BrainTumor_06825.jpg,Yes,No,Yes,Yes,Yes,Yes,Yes,,,,Yes
BrainTumor_06826.jpg,,,No,No,Yes,,No,No,Yes,,
BrainTumor_06827.jpg,No,,,No,No,,,No,Yes,No,No
BrainTumor_06828.jpg,,No,,No,Yes,,Yes,Yes,,Yes,Yes
BrainTumor_06829.jpg,Yes,No,,,No,Yes,,No,No,Yes,
BrainTumor_06830.jpg,,Yes,Yes,No,,No,,No,Yes,,No
BrainTumor_06831.jpg,,No,,,Yes,No,No,No,Yes,,Yes
BrainTumor_06832.jpg,Yes,Yes,Yes,,No,,,Yes,Yes,Yes,Yes
BrainTumor_06833.jpg,,,Yes,Yes,,Yes,Yes,Yes,Yes,No,
BrainTumor_06834.jpg,,,No,Yes,,,No,No,No,Yes,No
BrainTumor_06835.jpg,,,Yes,,Yes,,No,No,,No,
BrainTumor_06836.jpg,,,No,,No,No,,No,No,No,Yes
BrainTumor_06837.jpg,Yes,Yes,,Yes,,,,No,,,Yes
BrainTumor_06838.jpg,,,No,Yes,No,No,Yes,No,,Yes,
BrainTumor_06839.jpg,,No,Yes,,No,Yes,No,No,Yes,,
BrainTumor_06840.jpg,,No,,Yes,,Yes,No,Yes,,,No
BrainTumor_06841.jpg,,No,Yes,No,Yes,Yes,Yes,Yes,,,Yes
BrainTumor_06842.jpg,Yes,Yes,Yes,No,,No,Yes,,Yes,Yes,
BrainTumor_06843.jpg,Yes,Yes,,Yes,,Yes,No,Yes,,Yes,
BrainTumor_06844.jpg,,No,Yes,Yes,No,Yes,Yes,Yes,,,Yes
BrainTumor_06845.jpg,Yes,Yes,No,Yes,No,Yes,No,No,Yes,Yes,No
BrainTumor_06846.jpg,No,Yes,Yes,Yes,,No,Yes,Yes,No,Yes,No
BrainTumor_06847.jpg,,,No,,No,No,,Yes,No,No,No
BrainTumor_06848.jpg,Yes,Yes,,Yes,Yes,No,,,Yes,,
BrainTumor_06849.jpg,No,No,Yes,Yes,No,,,,,,No
BrainTumor_06850.jpg,No,Yes,Yes,No,Yes,,Yes,No,Yes,No,
BrainTumor_06851.jpg,,No,No,No,No,No,,,Yes,Yes,Yes
BrainTumor_06852.jpg,,No,,No,No,No,,No,,Yes,
BrainTumor_06853.jpg,Yes,,Yes,,,Yes,,Yes,No,No,Yes
BrainTumor_06854.jpg,No,Yes,,,No,No,Yes,,No,Yes,
BrainTumor_06855.jpg,No,Yes,No,No,Yes,No,Yes,Yes,,,Yes
BrainTumor_06856.jpg,Yes,Yes,,No,No,Yes,No,No,No,Yes,
BrainTumor_06857.jpg,No,Yes,Yes,No,,Yes,Yes,,Yes,Yes,Yes
BrainTumor_06858.jpg,Yes,Yes,,Yes,No,Yes,No,No,No,No,No
BrainTumor_06859.jpg,No,Yes,,,,,,Yes,No,No,
BrainTumor_06860.jpg,No,Yes,No,Yes,No,No,No,,No,,
BrainTumor_06861.jpg,Yes,,No,Yes,Yes,,Yes,No,Yes,,
BrainTumor_06862.jpg,No,,,Yes,,Yes,No,,Yes,Yes,No
BrainTumor_06863.jpg,,,Yes,Yes,,,No,Yes,Yes,Yes,No
BrainTumor_06864.jpg,,Yes,,,,Yes,,Yes,,,Yes
BrainTumor_06865.jpg,,,No,,No,Yes,No,No,,,
BrainTumor_06866.jpg,,Yes,,Yes,,,Yes,,Yes,No,No
BrainTumor_06867.jpg,,,,Yes,No,,,No,No,No,Yes
BrainTumor_06868.jpg,Yes,,,,No,No,Yes,,Yes,No,
BrainTumor_06869.jpg,Yes,No,No,Yes,Yes,No,Yes,Yes,No,No,
BrainTumor_06870.jpg,Yes,No,No,,Yes,Yes,No,,Yes,Yes,No
BrainTumor_06871.jpg,No,,,Yes,Yes,No,,Yes,Yes,,
BrainTumor_06872.jpg,No,No,,,Yes,No,No,No,,No,No
BrainTumor_06873.jpg,No,Yes,No,No,Yes,Yes,,,,No,
BrainTumor_06874.jpg,,,Yes,Yes,No,Yes,,No,,No,
BrainTumor_06875.jpg,Yes,Yes,,Yes,,No,No,,No,Yes,
BrainTumor_06876.jpg,Yes,,Yes,,No,Yes,No,Yes,,,No
BrainTumor_06877.jpg,Yes,,,No,No,,,No,No,Yes,No
BrainTumor_06878.jpg,Yes,Yes,No,No,,,No,No,No,Yes,
BrainTumor_06879.jpg,,Yes,,No,No,,,Yes,Yes,,Yes
BrainTumor_06880.jpg,Yes,No,No,No,No,No,,Yes,Yes,Yes,
BrainTumor_06881.jpg,No,No,Yes,Yes,Yes,Yes,No,No,Yes,,No
BrainTumor_06882.jpg,Yes,No,No,No,No,,No,Yes,No,Yes,No
BrainTumor_06883.jpg,,No,No,No,No,,Yes,No,,Yes,Yes
BrainTumor_06884.jpg,,,,,,,No,,,,Yes
BrainTumor_06885.jpg,No,,,,Yes,No,No,,No,,Yes
BrainTumor_06886.jpg,,No,,,,Yes,,No,,,
BrainTumor_06887.jpg,Yes,Yes,Yes,Yes,Yes,,,,No,,No
BrainTumor_06888.jpg,,,No,No,Yes,,,,,No,Yes
BrainTumor_06889.jpg,Yes,Yes,,Yes,,Yes,No,,,Yes,
BrainTumor_06890.jpg,Yes,No,Yes,,,No,,Yes,,,No
BrainTumor_06891.jpg,,No,Yes,,Yes,,,Yes,,No,
BrainTumor_06892.jpg,,Yes,Yes,,No,Yes,Yes,Yes,Yes,No,Yes
BrainTumor_06893.jpg,,Yes,,Yes,,Yes,Yes,,,No,No
BrainTumor_06894.jpg,Yes,No,No,Yes,,Yes,No,,,Yes,Yes
BrainTumor_06895.jpg,No,No,No,Yes,Yes,No,No,Yes,Yes,Yes,Yes
BrainTumor_06896.jpg,Yes,,No,No,,Yes,Yes,Yes,Yes,,
BrainTumor_06897.jpg,No,No,No,No,Yes,,,Yes,,No,Yes
BrainTumor_06898.jpg,Yes,,Yes,No,No,No,,No,,,No
BrainTumor_06899.jpg,,,No,No,,,Yes,,,Yes,
BrainTumor_06900.jpg,Yes,Yes,Yes,Yes,Yes,,Yes,,,No,
BrainTumor_06901.jpg,,Yes,Yes,Yes,No,No,No,,,No,No
BrainTumor_06902.jpg,,No,No,No,,,Yes,Yes,Yes,No,No
BrainTumor_06903.jpg,No,,Yes,No,,No,Yes,Yes,No,No,No
BrainTumor_06904.jpg,Yes,No,Yes,,,,,No,,Yes,Yes
BrainTumor_06905.jpg,Yes,No,,No,Yes,Yes,Yes,No,No,No,
BrainTumor_06906.jpg,No,Yes,Yes,,,No,No,No,Yes,,Yes
BrainTumor_06907.jpg,,,Yes,Yes,No,No,,Yes,,,
BrainTumor_06908.jpg,,,,Yes,Yes,,,,,Yes,
BrainTumor_06909.jpg,,Yes,No,Yes,Yes,,,No,No,Yes,
BrainTumor_06910.jpg,No,Yes,,No,,,Yes,No,,No,Yes
BrainTumor_06911.jpg,No,No,,Yes,,No,Yes,Yes,,,
BrainTumor_06912.jpg,Yes,,Yes,,,,Yes,No,No,,Yes
BrainTumor_06913.jpg,No,Yes,Yes,Yes,Yes,No,No,,No,Yes,Yes
BrainTumor_06914.jpg,Yes,,No,,,Yes,Yes,No,No,Yes,No
BrainTumor_06915.jpg,Yes,Yes,No,,,No,,,,Yes,No
BrainTumor_06916.jpg,Yes,,,No,Yes,Yes,,,No,No,No
BrainTumor_06917.jpg,Yes,No,No,,Yes,,No,,No,Yes,
BrainTumor_06918.jpg,No,Yes,Yes,No,Yes,,,Yes,,No,No
BrainTumor_06919.jpg,,,,,,No,,Yes,No,Yes,
BrainTumor_06920.jpg,,No,Yes,,Yes,Yes,No,Yes,,,No
BrainTumor_06921.jpg,No,No,No,,No,,,Yes,No,Yes,
BrainTumor_06922.jpg,,No,No,No,,No,,No,,Yes,Yes
BrainTumor_06923.jpg,,No,Yes,,No,,No,Yes,No,No,Yes
BrainTumor_06924.jpg,Yes,Yes,,Yes,Yes,,No,Yes,Yes,No,
BrainTumor_06925.jpg,Yes,Yes,,,,Yes,Yes,No,No,,
BrainTumor_06926.jpg,,No,,,No,,No,No,,No,No
BrainTumor_06927.jpg,,,,No,,,No,No,No,Yes,
BrainTumor_06928.jpg,,No,Yes,Yes,Yes,Yes,No,No,,Yes,
BrainTumor_06929.jpg,No,No,No,,Yes,,No,Yes,Yes,,Yes
BrainTumor_06930.jpg,,Yes,,,Yes,,Yes,Yes,,,
BrainTumor_06931.jpg,,Yes,,Yes,No,,,,No,,Yes
BrainTumor_06932.jpg,,Yes,Yes,Yes,Yes,No,Yes,No,No,Yes,No
BrainTumor_06933.jpg,No,Yes,,Yes,No,Yes,,,Yes,Yes,
BrainTumor_06934.jpg,Yes,,No,No,,No,,No,,,No
BrainTumor_06935.jpg,Yes,Yes,,No,,,,No,No,,
BrainTumor_06936.jpg,Yes,Yes,,No,,,Yes,Yes,Yes,,No
BrainTumor_06937.jpg,Yes,Yes,Yes,No,Yes,Yes,Yes,,Yes,Yes,Yes
BrainTumor_06938.jpg,Yes,No,Yes,No,,No,No,,,Yes,Yes
BrainTumor_06939.jpg,No,No,,No,No,,Yes,,No,Yes,No
BrainTumor_06940.jpg,,No,No,No,No,Yes,No,No,No,No,
BrainTumor_06941.jpg,Yes,Yes,,No,,No,,Yes,No,Yes,
BrainTumor_06942.jpg,Yes,Yes,Yes,,,No,Yes,,,,No
BrainTumor_06943.jpg,Yes,No,No,No,,Yes,No,No,,Yes,
BrainTumor_06944.jpg,No,Yes,No,,No,,No,No,,Yes,
BrainTumor_06945.jpg,,No,Yes,No,,No,,,No,,Yes
BrainTumor_06946.jpg,Yes,,Yes,,Yes,No,Yes,,,No,Yes
BrainTumor_06947.jpg,No,No,,No,Yes,No,,,,,Yes
BrainTumor_06948.jpg,Yes,,No,No,Yes,No,No,Yes,No,No,Yes
BrainTumor_06949.jpg,No,,,,No,,,No,No,Yes,Yes
BrainTumor_06950.jpg,Yes,No,No,Yes,No,,,Yes,,Yes,
BrainTumor_06951.jpg,Yes,,Yes,Yes,No,Yes,Yes,No,No,,Yes
BrainTumor_06952.jpg,Yes,Yes,No,No,No,,Yes,,Yes,No,
BrainTumor_06953.jpg,No,Yes,Yes,Yes,No,No,Yes,Yes,No,Yes,
BrainTumor_06954.jpg,Yes,,Yes,Yes,Yes,,Yes,No,Yes,,Yes
BrainTumor_06955.jpg,,No,,No,Yes,Yes,No,,Yes,Yes,Yes
BrainTumor_06956.jpg,,Yes,Yes,,,Yes,Yes,,No,No,Yes
BrainTumor_06957.jpg,No,,,Yes,,No,,No,Yes,,
BrainTumor_06958.jpg,Yes,,Yes,No,Yes,Yes,,No,Yes,Yes,No
BrainTumor_06959.jpg,,,No,Yes,Yes,Yes,Yes,Yes,No,No,Yes
BrainTumor_06960.jpg,No,No,,Yes,Yes,,No,Yes,Yes,Yes,No
BrainTumor_06961.jpg,,No,Yes,Yes,,,,Yes,,No,No
BrainTumor_06962.jpg,Yes,,,,Yes,Yes,,Yes,,Yes,
BrainTumor_06963.jpg,No,No,Yes,Yes,No,,Yes,Yes,Yes,No,
BrainTumor_06964.jpg,,,,No,Yes,,No,No,No,Yes,No
BrainTumor_06965.jpg,No,Yes,Yes,,Yes,Yes,No,No,,No,Yes
BrainTumor_06966.jpg,,,,No,Yes,Yes,,,,,No
BrainTumor_06967.jpg,Yes,No,No,Yes,,,Yes,Yes,No,,
BrainTumor_06968.jpg,No,,Yes,,,Yes,Yes,,,,Yes
BrainTumor_06969.jpg,Yes,Yes,,No,Yes,,,No,No,Yes,
BrainTumor_06970.jpg,,No,Yes,No,No,,No,No,No,No,
BrainTumor_06971.jpg,,No,Yes,No,,Yes,,No,,Yes,No
BrainTumor_06972.jpg,No,,No,No,Yes,No,Yes,No,Yes,,No
BrainTumor_06973.jpg,No,Yes,No,Yes,Yes,No,,Yes,Yes,No,
BrainTumor_06974.jpg,Yes,,,No,Yes,,,Yes,No,,
BrainTumor_06975.jpg,No,No,Yes,Yes,No,Yes,No,,No,,Yes
BrainTumor_06976.jpg,Yes,Yes,,Yes,Yes,,No,,Yes,No,No
BrainTumor_06977.jpg,,No,No,No,,,Yes,,Yes,,No
BrainTumor_06978.jpg,No,No,,,No,No,Yes,Yes,No,Yes,
BrainTumor_06979.jpg,No,Yes,,,No,,,Yes,No,,
BrainTumor_06980.jpg,Yes,,Yes,No,,No,,Yes,,Yes,
BrainTumor_06981.jpg,No,No,Yes,No,No,Yes,Yes,,Yes,Yes,No
BrainTumor_06982.jpg,,Yes,,Yes,Yes,Yes,No,,No,Yes,Yes
BrainTumor_06983.jpg,Yes,Yes,,Yes,No,No,Yes,Yes,No,No,Yes
BrainTumor_06984.jpg,No,Yes,No,No,Yes,No,Yes,Yes,No,,No
BrainTumor_06985.jpg,No,Yes,No,,Yes,No,No,No,No,No,No
BrainTumor_06986.jpg,No,No,No,No,,No,No,,,Yes,No
BrainTumor_06987.jpg,No,No,Yes,Yes,Yes,No,Yes,,Yes,No,Yes
BrainTumor_06988.jpg,,,,,,,,No,No,,
BrainTumor_06989.jpg,,,,No,Yes,No,,No,Yes,No,
BrainTumor_06990.jpg,No,,Yes,Yes,No,Yes,,,No,No,No
BrainTumor_06991.jpg,Yes,,No,No,No,No,No,,,,Yes
BrainTumor_06992.jpg,Yes,No,No,No,No,No,,No,No,No,Yes
BrainTumor_06993.jpg,Yes,No,No,Yes,No,Yes,Yes,,,,
BrainTumor_06994.jpg,,Yes,Yes,No,No,Yes,,,Yes,,Yes
BrainTumor_06995.jpg,Yes,No,No,,Yes,No,,No,No,Yes,No
BrainTumor_06996.jpg,,No,No,,No,Yes,Yes,Yes,,,No
BrainTumor_06997.jpg,Yes,No,,No,,,,Yes,,Yes,Yes
BrainTumor_06998.jpg,Yes,,No,,No,No,,,No,No,
BrainTumor_06999.jpg,,,,No,No,,Yes,Yes,Yes,,Yes
BrainTumor_07000.jpg,No,,,Yes,No,No,Yes,Yes,No,No,
BrainTumor_07001.jpg,No,No,,,,No,,,No,No,Yes
BrainTumor_07002.jpg,,No,No,,,Yes,No,Yes,No,,
BrainTumor_07003.jpg,No,No,Yes,,,,,No,,Yes,Yes
BrainTumor_07004.jpg,,Yes,No,Yes,Yes,Yes,No,,Yes,No,Yes
BrainTumor_07005.jpg,Yes,No,,Yes,No,No,Yes,No,Yes,No,No
BrainTumor_07006.jpg,,No,Yes,,,,,No,Yes,,
BrainTumor_07007.jpg,Yes,Yes,,,No,,,Yes,No,Yes,No
BrainTumor_07008.jpg,Yes,,No,No,Yes,No,No,,Yes,Yes,Yes
BrainTumor_07009.jpg,Yes,,,,,Yes,No,No,Yes,No,Yes
BrainTumor_07010.jpg,No,Yes,,,,,No,,Yes,No,No
BrainTumor_07011.jpg,No,Yes,Yes,No,,,Yes,No,No,,Yes
BrainTumor_07012.jpg,,,No,,Yes,,No,No,Yes,Yes,No
BrainTumor_07013.jpg,,,Yes,Yes,Yes,Yes,,Yes,,Yes,No
BrainTumor_07014.jpg,Yes,No,,,,No,,No,Yes,No,
BrainTumor_07015.jpg,Yes,No,,No,No,,,No,No,,
BrainTumor_07016.jpg,No,Yes,Yes,Yes,,No,,No,Yes,No,
BrainTumor_07017.jpg,No,,No,Yes,Yes,No,No,Yes,Yes,Yes,
BrainTumor_07018.jpg,,,Yes,,No,,,No,No,,No
BrainTumor_07019.jpg,No,,No,Yes,,Yes,Yes,Yes,Yes,No,Yes
BrainTumor_07020.jpg,,,Yes,No,Yes,,No,,No,Yes,Yes
BrainTumor_07021.jpg,No,Yes,No,No,,No,Yes,Yes,No,,
BrainTumor_07022.jpg,Yes,,Yes,,Yes,Yes,Yes,No,,No,
BrainTumor_07023.jpg,Yes,No,Yes,Yes,Yes,No,,Yes,No,No,
BrainTumor_07024.jpg,,,Yes,Yes,,Yes,,Yes,No,Yes,Yes
BrainTumor_07025.jpg,Yes,Yes,No,No,No,No,No,,,No,
BrainTumor_07026.jpg,,Yes,Yes,No,,Yes,No,Yes,No,No,No
BrainTumor_07027.jpg,,,Yes,Yes,No,,Yes,No,,Yes,Yes
BrainTumor_07028.jpg,,Yes,Yes,Yes,No,Yes,,No,Yes,Yes,
BrainTumor_07029.jpg,Yes,,No,Yes,No,No,No,,No,No,Yes
BrainTumor_07030.jpg,Yes,No,Yes,,Yes,No,,,,Yes,
BrainTumor_07031.jpg,,No,Yes,Yes,Yes,Yes,,No,,No,Yes
BrainTumor_07032.jpg,No,No,,,No,No,No,,Yes,Yes,Yes
BrainTumor_07033.jpg,Yes,Yes,No,,Yes,,Yes,Yes,Yes,No,No
BrainTumor_07034.jpg,,,No,Yes,No,Yes,Yes,,,No,Yes
BrainTumor_07035.jpg,,Yes,,Yes,,No,,Yes,Yes,No,
BrainTumor_07036.jpg,No,Yes,,,,Yes,No,No,Yes,,No
BrainTumor_07037.jpg,Yes,,,No,No,No,Yes,Yes,Yes,No,
BrainTumor_07038.jpg,Yes,,Yes,No,,No,,No,No,Yes,Yes
BrainTumor_07039.jpg,,Yes,Yes,No,,Yes,No,,Yes,,No
BrainTumor_07040.jpg,,Yes,No,Yes,No,Yes,Yes,Yes,No,,
BrainTumor_07041.jpg,Yes,Yes,Yes,,Yes,,No,Yes,No,Yes,Yes
BrainTumor_07042.jpg,,No,,No,Yes,,No,Yes,No,No,Yes
BrainTumor_07043.jpg,No,Yes,,,No,Yes,Yes,No,No,,Yes
BrainTumor_07044.jpg,,No,No,,Yes,Yes,No,,No,,
BrainTumor_07045.jpg,,No,,No,Yes,Yes,No,Yes,Yes,Yes,No
BrainTumor_07046.jpg,Yes,Yes,,,No,Yes,,No,Yes,,No
BrainTumor_07047.jpg,,,Yes,Yes,No,,Yes,Yes,Yes,,No
BrainTumor_07048.jpg,Yes,,Yes,No,,Yes,No,No,Yes,,
BrainTumor_07049.jpg,,,No,No,,Yes,No,Yes,Yes,Yes,Yes
BrainTumor_07050.jpg,No,No,,,Yes,Yes,No,,,Yes,No
BrainTumor_07051.jpg,No,Yes,No,,Yes,,No,No,,,No
BrainTumor_07052.jpg,Yes,No,Yes,No,Yes,,No,,,No,Yes
BrainTumor_07053.jpg,No,,,No,No,No,,,Yes,No,No
BrainTumor_07054.jpg,,Yes,Yes,No,,Yes,,No,,Yes,Yes
BrainTumor_07055.jpg,,Yes,No,,No,No,,No,No,Yes,
BrainTumor_07056.jpg,Yes,No,,,No,No,Yes,,Yes,No,No
BrainTumor_07057.jpg,,,,,No,Yes,Yes,No,,No,Yes
BrainTumor_07058.jpg,,No,,No,Yes,No,No,Yes,Yes,,No
BrainTumor_07059.jpg,Yes,,No,No,,,Yes,Yes,No,Yes,No
BrainTumor_07060.jpg,,,Yes,Yes,Yes,,Yes,No,No,Yes,
BrainTumor_07061.jpg,,,No,No,,Yes,Yes,No,No,No,
BrainTumor_07062.jpg,,Yes,No,,Yes,,Yes,,Yes,No,No
BrainTumor_07063.jpg,No,No,Yes,No,No,,No,No,,No,Yes
BrainTumor_07064.jpg,No,,Yes,,Yes,,Yes,Yes,No,,
BrainTumor_07065.jpg,No,No,No,,,Yes,Yes,Yes,Yes,,
BrainTumor_07066.jpg,,,,,No,No,Yes,Yes,,No,
BrainTumor_07067.jpg,,Yes,,No,Yes,Yes,,No,No,,No
BrainTumor_07068.jpg,,No,No,,Yes,,,No,Yes,,No
BrainTumor_07069.jpg,Yes,No,,,,Yes,Yes,No,No,No,Yes
BrainTumor_07070.jpg,No,No,No,Yes,,No,,,Yes,,Yes
BrainTumor_07071.jpg,Yes,,No,Yes,No,No,,Yes,No,Yes,
BrainTumor_07072.jpg,No,Yes,,Yes,,No,No,No,Yes,No,Yes
BrainTumor_07073.jpg,No,No,,No,,No,Yes,,,,No
BrainTumor_07074.jpg,Yes,Yes,,No,No,No,No,,,No,No
BrainTumor_07075.jpg,No,Yes,Yes,,,No,No,,,,Yes
BrainTumor_07076.jpg,Yes,,No,Yes,,Yes,No,No,No,,No
BrainTumor_07077.jpg,Yes,,Yes,No,,No,No,,Yes,,Yes
BrainTumor_07078.jpg,Yes,Yes,No,,Yes,,,Yes,,,
BrainTumor_07079.jpg,,,,No,No,No,No,,,No,Yes
BrainTumor_07080.jpg,Yes,No,Yes,No,No,,Yes,No,Yes,,
BrainTumor_07081.jpg,,,,No,No,Yes,No,Yes,No,No,Yes
BrainTumor_07082.jpg,No,No,No,Yes,No,,,No,,No,
BrainTumor_07083.jpg,,No,Yes,Yes,Yes,Yes,Yes,Yes,Yes,,
BrainTumor_07084.jpg,Yes,No,Yes,,Yes,No,,Yes,No,Yes,Yes
BrainTumor_07085.jpg,Yes,No,Yes,Yes,Yes,No,Yes,Yes,,Yes,Yes
BrainTumor_07086.jpg,,Yes,No,No,No,No,,,No,No,No
BrainTumor_07087.jpg,No,No,,No,Yes,Yes,No,No,No,,Yes
BrainTumor_07088.jpg,,,Yes,Yes,,,No,No,Yes,,Yes
BrainTumor_07089.jpg,No,No,No,No,,Yes,,Yes,No,No,No
BrainTumor_07090.jpg,No,,,Yes,,No,No,Yes,No,Yes,Yes
BrainTumor_07091.jpg,No,Yes,,,No,,Yes,,,No,No
BrainTumor_07092.jpg,,No,Yes,,,No,Yes,Yes,Yes,No,
BrainTumor_07093.jpg,,Yes,No,Yes,No,No,Yes,No,,Yes,
BrainTumor_07094.jpg,No,No,,Yes,Yes,No,No,Yes,,No,Yes
BrainTumor_07095.jpg,Yes,Yes,No,,,No,No,,No,,No
BrainTumor_07096.jpg,,,No,Yes,No,Yes,No,No,,No,No
BrainTumor_07097.jpg,Yes,,,,Yes,Yes,No,No,No,,
BrainTumor_07098.jpg,Yes,,,Yes,Yes,Yes,Yes,No,No,No,No
BrainTumor_07099.jpg,No,No,No,Yes,Yes,No,Yes,No,Yes,No,Yes
BrainTumor_07100.jpg,Yes,No,Yes,,No,,,Yes,,No,
BrainTumor_07101.jpg,,No,No,Yes,No,,No,Yes,No,No,Yes
BrainTumor_07102.jpg,Yes,,,Yes,,Yes,,,,,
BrainTumor_07103.jpg,,Yes,No,,No,,Yes,,,Yes,No
BrainTumor_07104.jpg,,,Yes,Yes,,,Yes,Yes,,Yes,Yes
BrainTumor_07105.jpg,No,No,Yes,No,Yes,No,No,,Yes,No,No
BrainTumor_07106.jpg,,No,Yes,,Yes,No,,,No,No,Yes
BrainTumor_07107.jpg,Yes,No,,Yes,,,No,No,Yes,Yes,
BrainTumor_07108.jpg,Yes,No,,Yes,,,Yes,,,No,Yes
BrainTumor_07109.jpg,No,,,Yes,Yes,,No,,Yes,,Yes
BrainTumor_07110.jpg,No,No,Yes,,No,Yes,,Yes,,,No
BrainTumor_07111.jpg,No,,,Yes,,Yes,No,,No,,No
BrainTumor_07112.jpg,No,Yes,Yes,Yes,Yes,No,,No,Yes,,Yes
BrainTumor_07113.jpg,,No,No,Yes,,Yes,Yes,Yes,,Yes,
BrainTumor_07114.jpg,Yes,,No,,,No,,No,No,Yes,No
BrainTumor_07115.jpg,No,Yes,,,Yes,,No,Yes,No,Yes,No
BrainTumor_07116.jpg,Yes,,No,Yes,Yes,No,No,No,Yes,No,Yes
BrainTumor_07117.jpg,Yes,No,Yes,No,,,,,No,,
BrainTumor_07118.jpg,Yes,No,No,No,Yes,Yes,No,No,,No,
BrainTumor_07119.jpg,No,Yes,,Yes,,No,Yes,,,No,
BrainTumor_07120.jpg,,,No,No,No,No,,Yes,Yes,,
BrainTumor_07121.jpg,No,,,No,No,Yes,No,,Yes,No,
BrainTumor_07122.jpg,Yes,No,,,No,,Yes,,No,,
BrainTumor_07123.jpg,No,,No,No,,Yes,,Yes,No,Yes,Yes
BrainTumor_07124.jpg,,Yes,,,No,Yes,No,Yes,,Yes,
BrainTumor_07125.jpg,,No,No,Yes,No,Yes,Yes,,Yes,No,
BrainTumor_07126.jpg,,No,No,,,No,No,No,,Yes,
BrainTumor_07127.jpg,Yes,No,,No,Yes,No,,Yes,Yes,,Yes
BrainTumor_07128.jpg,,No,,,,Yes,,No,No,No,Yes
BrainTumor_07129.jpg,,Yes,No,No,,Yes,,,Yes,Yes,
BrainTumor_07130.jpg,Yes,No,Yes,Yes,,Yes,No,,Yes,No,Yes
BrainTumor_07131.jpg,No,Yes,,Yes,No,Yes,Yes,,Yes,Yes,Yes
BrainTumor_07132.jpg,,No,No,No,No,No,,No,,No,No
BrainTumor_07133.jpg,Yes,,,No,,Yes,No,Yes,Yes,,Yes
BrainTumor_07134.jpg,No,,No,Yes,No,Yes,No,Yes,No,No,No
BrainTumor_07135.jpg,,Yes,,,,,,Yes,,,No
BrainTumor_07136.jpg,,No,No,,No,Yes,No,No,Yes,,
BrainTumor_07137.jpg,Yes,No,,Yes,No,No,,,,,No
BrainTumor_07138.jpg,Yes,No,No,Yes,Yes,,,Yes,Yes,,No
BrainTumor_07139.jpg,Yes,Yes,,No,No,,No,Yes,Yes,Yes,Yes
BrainTumor_07140.jpg,Yes,Yes,Yes,,Yes,No,Yes,No,Yes,,Yes
BrainTumor_07141.jpg,No,No,Yes,Yes,Yes,Yes,,No,Yes,,No
BrainTumor_07142.jpg,No,No,No,Yes,No,No,Yes,,Yes,No,Yes
BrainTumor_07143.jpg,,No,Yes,,Yes,No,No,Yes,,Yes,
BrainTumor_07144.jpg,Yes,No,Yes,No,Yes,Yes,Yes,,Yes,No,
BrainTumor_07145.jpg,No,Yes,No,,No,,Yes,,,,
BrainTumor_07146.jpg,Yes,Yes,Yes,Yes,,Yes,No,,No,No,Yes
BrainTumor_07147.jpg,,Yes,Yes,Yes,Yes,Yes,,,No,,No
BrainTumor_07148.jpg,Yes,,Yes,Yes,Yes,No,No,Yes,No,Yes,Yes
BrainTumor_07149.jpg,Yes,,No,No,Yes,,Yes,,,,Yes
BrainTumor_07150.jpg,,,No,,No,Yes,Yes,No,,No,No
BrainTumor_07151.jpg,Yes,No,Yes,Yes,Yes,,,,,Yes,
BrainTumor_07152.jpg,No,,,No,,Yes,,No,Yes,No,
BrainTumor_07153.jpg,Yes,Yes,,No,Yes,,Yes,,Yes,No,No
BrainTumor_07154.jpg,Yes,Yes,,,,Yes,Yes,,,Yes,No
BrainTumor_07155.jpg,,No,No,Yes,No,Yes,No,No,No,,No
BrainTumor_07156.jpg,Yes,Yes,Yes,No,Yes,,Yes,No,No,Yes,Yes
BrainTumor_07157.jpg,Yes,No,,No,,Yes,Yes,No,No,,No
BrainTumor_07158.jpg,No,No,Yes,Yes,No,Yes,No,No,,Yes,
BrainTumor_07159.jpg,,,,Yes,,No,No,,No,Yes,Yes
BrainTumor_07160.jpg,,No,Yes,,Yes,,,No,,No,No
BrainTumor_07161.jpg,,,No,Yes,,Yes,No,No,Yes,,
BrainTumor_07162.jpg,,Yes,,,No,Yes,,No,,,No
BrainTumor_07163.jpg,Yes,Yes,No,No,No,,,No,,Yes,Yes
BrainTumor_07164.jpg,,No,No,Yes,Yes,Yes,,Yes,,Yes,
BrainTumor_07165.jpg,Yes,No,No,No,,Yes,No,No,Yes,Yes,No
BrainTumor_07166.jpg,,,Yes,No,Yes,Yes,,Yes,,No,
BrainTumor_07167.jpg,,,,Yes,Yes,Yes,No,Yes,No,,Yes
BrainTumor_07168.jpg,No,No,No,,No,,No,,Yes,,No
BrainTumor_07169.jpg,Yes,No,Yes,Yes,,,No,,Yes,Yes,
BrainTumor_07170.jpg,Yes,Yes,Yes,,No,Yes,Yes,No,Yes,Yes,Yes
BrainTumor_07171.jpg,Yes,Yes,Yes,No,Yes,No,No,,No,No,Yes
BrainTumor_07172.jpg,,,Yes,Yes,No,Yes,,No,No,No,
BrainTumor_07173.jpg,Yes,Yes,Yes,,,,Yes,,No,No,Yes
BrainTumor_07174.jpg,,No,No,Yes,,,,No,Yes,Yes,No
BrainTumor_07175.jpg,,Yes,,Yes,No,,,,No,Yes,
BrainTumor_07176.jpg,,,Yes,Yes,No,,,,,Yes,
BrainTumor_07177.jpg,Yes,Yes,,No,Yes,Yes,Yes,Yes,Yes,Yes,Yes
BrainTumor_07178.jpg,,No,,Yes,No,,No,No,Yes,No,No
BrainTumor_07179.jpg,Yes,Yes,Yes,No,Yes,No,,,No,Yes,
BrainTumor_07180.jpg,,No,Yes,No,No,No,No,Yes,,No,No
BrainTumor_07181.jpg,,,No,No,Yes,No,,No,No,,No
BrainTumor_07182.jpg,No,Yes,No,,No,,No,,No,No,No
BrainTumor_07183.jpg,Yes,Yes,No,,,No,,Yes,No,No,No
BrainTumor_07184.jpg,No,No,Yes,No,Yes,,Yes,Yes,Yes,,No
BrainTumor_07185.jpg,No,No,,Yes,No,Yes,,,No,No,No
BrainTumor_07186.jpg,No,Yes,No,Yes,,No,Yes,Yes,No,Yes,Yes
BrainTumor_07187.jpg,Yes,No,,Yes,Yes,Yes,Yes,No,Yes,No,No
BrainTumor_07188.jpg,No,No,No,No,No,No,Yes,,No,Yes,Yes
BrainTumor_07189.jpg,No,Yes,No,No,,No,Yes,No,No,,Yes
BrainTumor_07190.jpg,,No,No,No,,No,No,No,No,Yes,
BrainTumor_07191.jpg,,,No,No,,No,,,Yes,Yes,No
BrainTumor_07192.jpg,,No,Yes,Yes,No,No,Yes,Yes,No,No,Yes
BrainTumor_07193.jpg,No,Yes,,Yes,,,,No,No,No,
BrainTumor_07194.jpg,,Yes,Yes,No,,Yes,No,No,Yes,No,No
BrainTumor_07195.jpg,Yes,,Yes,No,No,Yes,No,No,Yes,,Yes
BrainTumor_07196.jpg,No,,,Yes,Yes,No,No,Yes,Yes,No,Yes
BrainTumor_07197.jpg,Yes,No,Yes,,,,Yes,No,,Yes,Yes
BrainTumor_07198.jpg,Yes,No,Yes,Yes,Yes,Yes,Yes,,Yes,,Yes
BrainTumor_07199.jpg,Yes,,,Yes,Yes,No,No,,Yes,Yes,
BrainTumor_07200.jpg,,Yes,Yes,Yes,No,,Yes,,,No,No
BrainTumor_07201.jpg,No,,Yes,Yes,No,No,,No,No,No,Yes
BrainTumor_07202.jpg,,No,,,Yes,No,Yes,,Yes,,
BrainTumor_07203.jpg,,,Yes,,,,No,Yes,Yes,Yes,No
BrainTumor_07204.jpg,,No,Yes,No,No,No,No,Yes,,No,Yes
BrainTumor_07205.jpg,Yes,Yes,No,No,,No,No,Yes,,No,Yes
BrainTumor_07206.jpg,Yes,,,No,Yes,Yes,,,Yes,Yes,No
BrainTumor_07207.jpg,No,Yes,Yes,No,No,Yes,Yes,No,Yes,No,
BrainTumor_07208.jpg,No,No,Yes,No,,Yes,No,Yes,No,Yes,
BrainTumor_07209.jpg,,Yes,,,Yes,,,Yes,No,No,Yes
BrainTumor_07210.jpg,No,No,No,,,Yes,No,Yes,No,No,
BrainTumor_07211.jpg,No,Yes,Yes,No,,No,Yes,Yes,No,No,
BrainTumor_07212.jpg,,Yes,No,No,Yes,No,No,No,,Yes,
BrainTumor_07213.jpg,No,Yes,Yes,Yes,Yes,Yes,,,No,,
BrainTumor_07214.jpg,No,No,No,Yes,,Yes,No,,Yes,No,
BrainTumor_07215.jpg,No,Yes,,Yes,,Yes,Yes,No,No,,No
BrainTumor_07216.jpg,,Yes,No,No,,Yes,,,No,,No
BrainTumor_07217.jpg,,,,Yes,No,,Yes,Yes,,,No
BrainTumor_07218.jpg,Yes,,,Yes,,,Yes,,,,
BrainTumor_07219.jpg,,Yes,,Yes,No,No,,,,,Yes
BrainTumor_07220.jpg,Yes,,No,,,Yes,Yes,No,No,,No
BrainTumor_07221.jpg,Yes,Yes,No,No,,No,,No,No,No,
BrainTumor_07222.jpg,,Yes,Yes,No,Yes,Yes,Yes,Yes,No,Yes,No
BrainTumor_07223.jpg,No,Yes,,No,Yes,,,No,Yes,No,
BrainTumor_07224.jpg,No,Yes,Yes,Yes,Yes,Yes,No,Yes,Yes,Yes,
BrainTumor_07225.jpg,,No,No,,No,No,,No,Yes,No,
BrainTumor_07226.jpg,,,Yes,Yes,No,Yes,Yes,No,,,
BrainTumor_07227.jpg,Yes,No,Yes,,,,Yes,,,Yes,No
BrainTumor_07228.jpg,No,Yes,No,,Yes,Yes,No,Yes,,No,Yes
BrainTumor_07229.jpg,No,Yes,,Yes,,No,No,,No,No,
BrainTumor_07230.jpg,No,Yes,,,,No,,Yes,No,,Yes
BrainTumor_07231.jpg,No,,Yes,Yes,Yes,Yes,,Yes,Yes,,
BrainTumor_07232.jpg,No,Yes,,No,Yes,Yes,Yes,No,,Yes,
BrainTumor_07233.jpg,,Yes,Yes,No,,No,No,No,,No,
BrainTumor_07234.jpg,,Yes,Yes,Yes,No,No,,Yes,No,Yes,
BrainTumor_07235.jpg,Yes,,Yes,No,No,No,No,No,,,Yes
BrainTumor_07236.jpg,,Yes,No,Yes,No,No,,No,,Yes,Yes
BrainTumor_07237.jpg,Yes,No,No,,No,Yes,No,No,Yes,No,No
BrainTumor_07238.jpg,,No,Yes,Yes,,,,Yes,No,Yes,No
BrainTumor_07239.jpg,,Yes,,No,No,No,Yes,,Yes,No,Yes
BrainTumor_07240.jpg,,No,Yes,No,No,,,Yes,No,,Yes
BrainTumor_07241.jpg,No,,,No,No,,,Yes,Yes,No,No
BrainTumor_07242.jpg,,Yes,,,Yes,Yes,No,No,No,No,Yes
BrainTumor_07243.jpg,Yes,No,,Yes,,No,,No,,,
BrainTumor_07244.jpg,,,No,Yes,No,,,Yes,,,
BrainTumor_07245.jpg,,Yes,No,Yes,,No,,Yes,Yes,No,Yes
BrainTumor_07246.jpg,Yes,,Yes,Yes,No,Yes,Yes,No,No,No,Yes
BrainTumor_07247.jpg,Yes,Yes,Yes,No,,Yes,,,,No,No
BrainTumor_07248.jpg,No,,No,Yes,,,,No,Yes,,No
BrainTumor_07249.jpg,No,No,No,Yes,Yes,,Yes,,,Yes,Yes
BrainTumor_07250.jpg,No,,No,,No,,Yes,,Yes,No,No
BrainTumor_07251.jpg,,Yes,No,Yes,Yes,Yes,,Yes,Yes,No,
BrainTumor_07252.jpg,No,,Yes,No,,No,No,Yes,Yes,Yes,
BrainTumor_07253.jpg,,No,,Yes,,No,No,Yes,Yes,No,Yes
BrainTumor_07254.jpg,Yes,No,No,,Yes,,Yes,No,No,No,No
BrainTumor_07255.jpg,No,No,Yes,No,No,Yes,No,No,,Yes,Yes
BrainTumor_07256.jpg,,Yes,No,,,Yes,Yes,,,No,No
BrainTumor_07257.jpg,No,Yes,No,No,,Yes,No,No,,No,
BrainTumor_07258.jpg,Yes,Yes,No,Yes,No,Yes,No,No,,Yes,
BrainTumor_07259.jpg,,Yes,No,Yes,,Yes,No,,,,
BrainTumor_07260.jpg,Yes,Yes,Yes,,No,No,,,No,,No
BrainTumor_07261.jpg,No,Yes,Yes,,Yes,,No,No,Yes,,No
BrainTumor_07262.jpg,,,Yes,,,Yes,,No,Yes,No,Yes
BrainTumor_07263.jpg,Yes,No,Yes,No,,,Yes,Yes,No,,No
BrainTumor_07264.jpg,Yes,Yes,No,No,,Yes,No,,No,,
BrainTumor_07265.jpg,Yes,Yes,,No,,No,,Yes,Yes,Yes,Yes
BrainTumor_07266.jpg,No,,,No,No,No,No,No,No,No,No
BrainTumor_07267.jpg,No,,Yes,Yes,,No,,,No,,Yes
BrainTumor_07268.jpg,Yes,,No,No,No,Yes,No,Yes,Yes,No,No
BrainTumor_07269.jpg,Yes,No,Yes,No,No,Yes,,Yes,No,,No
BrainTumor_07270.jpg,,,Yes,No,Yes,,Yes,,,No,No
BrainTumor_07271.jpg,Yes,No,No,No,No,Yes,No,Yes,Yes,Yes,Yes
BrainTumor_07272.jpg,No,No,,,,Yes,No,,No,Yes,No
BrainTumor_07273.jpg,Yes,Yes,Yes,No,,,,No,,,No
BrainTumor_07274.jpg,No,No,Yes,,No,No,No,No,No,No,Yes
BrainTumor_07275.jpg,,,Yes,Yes,No,Yes,,,Yes,Yes,
BrainTumor_07276.jpg,,No,Yes,Yes,,Yes,Yes,,,No,No
BrainTumor_07277.jpg,Yes,Yes,,No,No,Yes,Yes,Yes,No,No,No
BrainTumor_07278.jpg,Yes,No,No,Yes,Yes,,,No,,No,No
BrainTumor_07279.jpg,,No,No,No,No,Yes,Yes,Yes,Yes,No,
BrainTumor_07280.jpg,Yes,,Yes,,Yes,No,,Yes,,No,No
BrainTumor_07281.jpg,No,No,Yes,,Yes,,,,No,Yes,No
BrainTumor_07282.jpg,No,No,Yes,Yes,,No,No,Yes,,,No
BrainTumor_07283.jpg,Yes,,,Yes,No,Yes,Yes,,,,Yes
BrainTumor_07284.jpg,,Yes,,,,Yes,,,Yes,No,Yes
BrainTumor_07285.jpg,No,,Yes,,Yes,No,,No,,No,Yes
BrainTumor_07286.jpg,No,,Yes,No,No,,No,No,,Yes,
BrainTumor_07287.jpg,,,No,Yes,Yes,,Yes,Yes,,Yes,
BrainTumor_07288.jpg,Yes,No,,No,No,No,Yes,No,,Yes,Yes
BrainTumor_07289.jpg,No,,No,No,No,,Yes,Yes,No,,No
BrainTumor_07290.jpg,No,Yes,Yes,Yes,No,Yes,Yes,Yes,Yes,Yes,
BrainTumor_07291.jpg,,No,Yes,,Yes,No,Yes,,No,No,
BrainTumor_07292.jpg,No,No,Yes,Yes,Yes,No,,No,Yes,No,No
BrainTumor_07293.jpg,Yes,,No,Yes,No,,,No,,No,Yes
BrainTumor_07294.jpg,No,Yes,,No,No,No,Yes,Yes,,Yes,
BrainTumor_07295.jpg,No,Yes,,,,,No,Yes,,,
BrainTumor_07296.jpg,No,Yes,Yes,,Yes,Yes,,No,Yes,No,
BrainTumor_07297.jpg,No,No,,Yes,Yes,,Yes,,No,,Yes
BrainTumor_07298.jpg,,No,,Yes,,Yes,,Yes,,Yes,Yes
BrainTumor_07299.jpg,Yes,No,No,,No,Yes,No,,,Yes,
BrainTumor_07300.jpg,No,,Yes,Yes,Yes,,No,,Yes,No,No
BrainTumor_07301.jpg,,,,Yes,No,,No,,,,No
BrainTumor_07302.jpg,,No,No,Yes,No,No,Yes,No,Yes,,Yes
BrainTumor_07303.jpg,,No,Yes,Yes,,Yes,,,No,,Yes
BrainTumor_07304.jpg,,No,,,,,Yes,Yes,Yes,Yes,No
BrainTumor_07305.jpg,,,,Yes,No,Yes,,,No,No,
BrainTumor_07306.jpg,,,,No,Yes,No,,Yes,No,,Yes
BrainTumor_07307.jpg,,Yes,,,No,,No,No,Yes,No,No
BrainTumor_07308.jpg,Yes,Yes,No,No,Yes,,,Yes,,,
BrainTumor_07309.jpg,Yes,,Yes,Yes,,Yes,Yes,No,No,Yes,Yes
BrainTumor_07310.jpg,Yes,No,Yes,No,No,,No,No,,No,Yes
BrainTumor_07311.jpg,Yes,Yes,,No,Yes,Yes,No,No,Yes,,Yes
BrainTumor_07312.jpg,Yes,No,No,,No,Yes,No,,,No,No
BrainTumor_07313.jpg,Yes,,Yes,No,No,Yes,,,No,No,Yes
BrainTumor_07314.jpg,,No,No,,,Yes,,,,,
BrainTumor_07315.jpg,No,,Yes,Yes,No,,Yes,Yes,No,No,
BrainTumor_07316.jpg,Yes,Yes,,Yes,No,Yes,No,Yes,Yes,,No
BrainTumor_07317.jpg,Yes,No,Yes,No,,,,No,,,
BrainTumor_07318.jpg,,,Yes,,No,,Yes,Yes,No,,Yes
BrainTumor_07319.jpg,,,No,,No,No,No,,,,Yes
BrainTumor_07320.jpg,No,,,Yes,Yes,Yes,,No,,Yes,No
BrainTumor_07321.jpg,No,Yes,Yes,Yes,Yes,Yes,Yes,Yes,No,Yes,Yes
BrainTumor_07322.jpg,Yes,No,Yes,Yes,,No,No,,,,Yes
BrainTumor_07323.jpg,Yes,Yes,No,,,,,,Yes,No,No
BrainTumor_07324.jpg,No,Yes,,Yes,No,,,,,,
BrainTumor_07325.jpg,Yes,Yes,Yes,No,No,Yes,,Yes,,Yes,
BrainTumor_07326.jpg,,No,Yes,Yes,,Yes,,,,No,Yes
BrainTumor_07327.jpg,Yes,,No,,Yes,Yes,No,No,No,No,Yes
BrainTumor_07328.jpg,,,Yes,,Yes,Yes,Yes,,No,,
BrainTumor_07329.jpg,Yes,No,,,No,No,,No,,No,
BrainTumor_07330.jpg,,,No,,Yes,Yes,No,No,,No,No
BrainTumor_07331.jpg,Yes,Yes,No,Yes,No,No,,No,,,No
BrainTumor_07332.jpg,Yes,Yes,Yes,No,No,Yes,,Yes,,Yes,No
BrainTumor_07333.jpg,No,,Yes,Yes,Yes,Yes,Yes,Yes,Yes,No,
BrainTumor_07334.jpg,,Yes,,Yes,No,No,,No,No,,No
BrainTumor_07335.jpg,,Yes,,,,Yes,No,No,Yes,Yes,Yes
BrainTumor_07336.jpg,,Yes,No,No,,Yes,,,,,
BrainTumor_07337.jpg,Yes,Yes,Yes,Yes,No,No,No,No,Yes,Yes,Yes
BrainTumor_07338.jpg,No,,,Yes,Yes,Yes,Yes,,,,
BrainTumor_07339.jpg,Yes,,No,,Yes,No,Yes,Yes,Yes,,Yes
BrainTumor_07340.jpg,Yes,Yes,Yes,Yes,Yes,,No,,Yes,No,No
BrainTumor_07341.jpg,No,Yes,Yes,,,,,Yes,No,Yes,
BrainTumor_07342.jpg,Yes,Yes,No,,Yes,No,No,,Yes,No,
BrainTumor_07343.jpg,Yes,No,Yes,No,Yes,No,,No,,No,Yes
BrainTumor_07344.jpg,No,No,No,,,No,No,,Yes,,No
BrainTumor_07345.jpg,Yes,,Yes,Yes,Yes,,,Yes,,No,Yes
BrainTumor_07346.jpg,No,No,Yes,,Yes,No,No,Yes,No,No,
BrainTumor_07347.jpg,Yes,Yes,,Yes,Yes,,No,No,,No,No
BrainTumor_07348.jpg,No,,No,No,,No,Yes,,Yes,,No
BrainTumor_07349.jpg,No,,Yes,No,Yes,,No,,,No,Yes
BrainTumor_07350.jpg,Yes,Yes,,Yes,No,Yes,,,Yes,,
BrainTumor_07351.jpg,Yes,No,No,,No,,Yes,No,Yes,,
BrainTumor_07352.jpg,No,,,Yes,,No,,No,No,No,
BrainTumor_07353.jpg,No,No,No,No,No,,No,,Yes,No,No
BrainTumor_07354.jpg,No,Yes,No,Yes,Yes,Yes,,Yes,No,,
BrainTumor_07355.jpg,Yes,No,Yes,No,Yes,No,Yes,Yes,Yes,No,
BrainTumor_07356.jpg,No,Yes,,,No,No,No,,Yes,,No
BrainTumor_07357.jpg,Yes,No,,No,Yes,No,Yes,Yes,No,Yes,No
BrainTumor_07358.jpg,Yes,No,,Yes,Yes,Yes,No,Yes,Yes,No,No
BrainTumor_07359.jpg,,No,No,Yes,,Yes,,Yes,Yes,No,
BrainTumor_07360.jpg,,No,No,No,No,No,Yes,No,No,No,No
BrainTumor_07361.jpg,,Yes,,,No,No,No,No,Yes,No,No
BrainTumor_07362.jpg,,Yes,No,No,,,,No,,No,No
BrainTumor_07363.jpg,Yes,No,No,,,No,Yes,Yes,No,No,No
BrainTumor_07364.jpg,No,No,,No,,No,,Yes,No,,
BrainTumor_07365.jpg,,Yes,,Yes,Yes,Yes,Yes,,Yes,No,No
BrainTumor_07366.jpg,Yes,No,Yes,No,No,No,Yes,No,No,Yes,
BrainTumor_07367.jpg,,,Yes,No,Yes,Yes,Yes,,,,Yes
BrainTumor_07368.jpg,No,Yes,Yes,,Yes,No,Yes,Yes,No,No,No
BrainTumor_07369.jpg,Yes,No,,No,No,,No,,No,Yes,
BrainTumor_07370.jpg,No,Yes,,,Yes,No,Yes,Yes,,Yes,
BrainTumor_07371.jpg,No,No,,Yes,No,,No,,No,,No
BrainTumor_07372.jpg,,,No,No,,,,Yes,No,,No
BrainTumor_07373.jpg,No,No,Yes,Yes,,,,No,,No,Yes
BrainTumor_07374.jpg,Yes,No,No,No,,,No,,No,No,Yes
BrainTumor_07375.jpg,Yes,,,Yes,Yes,Yes,,Yes,No,Yes,Yes
BrainTumor_07376.jpg,Yes,No,,,Yes,,No,No,Yes,Yes,
BrainTumor_07377.jpg,No,Yes,Yes,,,No,Yes,Yes,,No,
BrainTumor_07378.jpg,Yes,,,Yes,No,Yes,No,,,No,Yes
BrainTumor_07379.jpg,Yes,,,Yes,No,No,Yes,,Yes,Yes,Yes
BrainTumor_07380.jpg,Yes,No,Yes,,Yes,No,No,No,No,No,
BrainTumor_07381.jpg,Yes,Yes,,No,Yes,No,No,,No,Yes,Yes
BrainTumor_07382.jpg,,Yes,No,,Yes,No,No,,,No,No
BrainTumor_07383.jpg,Yes,,No,Yes,,Yes,Yes,No,Yes,No,Yes
BrainTumor_07384.jpg,Yes,Yes,Yes,Yes,Yes,No,,No,,,
BrainTumor_07385.jpg,,No,,No,No,,,Yes,Yes,No,Yes
BrainTumor_07386.jpg,Yes,Yes,,No,No,Yes,Yes,No,,Yes,
BrainTumor_07387.jpg,No,No,,No,,,Yes,No,No,No,
BrainTumor_07388.jpg,Yes,No,,,Yes,Yes,Yes,Yes,,Yes,
BrainTumor_07389.jpg,,,No,No,,,No,,,No,
BrainTumor_07390.jpg,Yes,,No,,,,,,Yes,,
BrainTumor_07391.jpg,No,No,No,No,,,No,No,No,Yes,
BrainTumor_07392.jpg,,Yes,No,No,Yes,Yes,,Yes,,Yes,No
BrainTumor_07393.jpg,No,,Yes,No,,,Yes,Yes,No,No,No
BrainTumor_07394.jpg,Yes,No,Yes,Yes,Yes,Yes,,No,,Yes,Yes
BrainTumor_07395.jpg,,No,No,,,No,Yes,No,Yes,,
BrainTumor_07396.jpg,,Yes,No,Yes,No,Yes,Yes,,Yes,,Yes
BrainTumor_07397.jpg,No,Yes,Yes,Yes,,Yes,,,,Yes,No
BrainTumor_07398.jpg,Yes,No,Yes,Yes,No,,,Yes,,No,
BrainTumor_07399.jpg,,No,No,No,No,No,,No,No,Yes,
BrainTumor_07400.jpg,No,No,Yes,Yes,,,,Yes,,Yes,
BrainTumor_07401.jpg,No,No,,No,Yes,No,Yes,Yes,Yes,Yes,
BrainTumor_07402.jpg,,Yes,No,No,,,,,,,No
BrainTumor_07403.jpg,,No,No,No,No,No,,No,,Yes,
BrainTumor_07404.jpg,No,,,Yes,No,Yes,,Yes,,Yes,No
BrainTumor_07405.jpg,Yes,Yes,,,No,No,,Yes,Yes,Yes,No
BrainTumor_07406.jpg,,,Yes,,Yes,No,Yes,,Yes,No,No
BrainTumor_07407.jpg,,,Yes,Yes,No,Yes,,No,Yes,Yes,No
BrainTumor_07408.jpg,,No,,Yes,No,,No,,,Yes,No
BrainTumor_07409.jpg,No,Yes,No,Yes,,No,No,No,,,No
BrainTumor_07410.jpg,Yes,No,No,Yes,No,Yes,No,Yes,Yes,No,
BrainTumor_07411.jpg,Yes,No,No,,,No,,Yes,,,No
BrainTumor_07412.jpg,Yes,No,,Yes,Yes,Yes,,Yes,Yes,,
BrainTumor_07413.jpg,Yes,Yes,,No,,No,,,,No,
BrainTumor_07414.jpg,Yes,Yes,,No,No,Yes,No,Yes,Yes,No,
BrainTumor_07415.jpg,Yes,No,Yes,,No,,Yes,No,,Yes,No
BrainTumor_07416.jpg,,No,,Yes,Yes,Yes,No,,No,No,Yes
BrainTumor_07417.jpg,No,Yes,No,No,Yes,,,Yes,Yes,,
BrainTumor_07418.jpg,,,Yes,,,No,No,No,No,,
BrainTumor_07419.jpg,,,No,No,No,,No,,Yes,No,Yes
BrainTumor_07420.jpg,Yes,No,Yes,No,Yes,Yes,,,,Yes,
BrainTumor_07421.jpg,,,Yes,Yes,Yes,,No,Yes,,Yes,
BrainTumor_07422.jpg,,Yes,No,,Yes,Yes,Yes,,,,No
BrainTumor_07423.jpg,,No,Yes,No,,Yes,No,No,,,
BrainTumor_07424.jpg,,No,No,Yes,No,,Yes,Yes,,Yes,No
BrainTumor_07425.jpg,Yes,Yes,Yes,,,Yes,No,Yes,Yes,Yes,
BrainTumor_07426.jpg,,Yes,,No,,Yes,Yes,No,Yes,No,No
BrainTumor_07427.jpg,Yes,,Yes,,,No,No,No,No,Yes,
BrainTumor_07428.jpg,Yes,No,No,No,No,Yes,No,,,,Yes
BrainTumor_07429.jpg,No,Yes,Yes,,Yes,No,Yes,No,No,No,No
BrainTumor_07430.jpg,Yes,,No,,No,No,,Yes,Yes,Yes,No
BrainTumor_07431.jpg,,,Yes,Yes,,No,Yes,Yes,Yes,No,No
BrainTumor_07432.jpg,,Yes,,No,Yes,No,No,,Yes,Yes,
BrainTumor_07433.jpg,,No,No,No,No,No,Yes,Yes,Yes,No,No
BrainTumor_07434.jpg,No,No,Yes,No,No,,No,,Yes,,
BrainTumor_07435.jpg,Yes,,,No,No,Yes,No,,Yes,No,Yes
BrainTumor_07436.jpg,,Yes,,Yes,,,Yes,No,No,No,Yes
BrainTumor_07437.jpg,,,No,,Yes,Yes,No,,No,No,Yes
BrainTumor_07438.jpg,Yes,,,No,,Yes,No,Yes,,Yes,No
BrainTumor_07439.jpg,Yes,,,Yes,No,Yes,No,No,No,Yes,
BrainTumor_07440.jpg,Yes,Yes,,No,,Yes,Yes,Yes,No,,No
BrainTumor_07441.jpg,,,Yes,Yes,,,Yes,,Yes,Yes,Yes
BrainTumor_07442.jpg,Yes,No,Yes,No,,,No,,,No,
BrainTumor_07443.jpg,Yes,No,,,Yes,Yes,Yes,No,,Yes,Yes
BrainTumor_07444.jpg,No,No,Yes,Yes,Yes,Yes,,,,No,
BrainTumor_07445.jpg,No,No,Yes,Yes,Yes,No,Yes,,No,Yes,No
BrainTumor_07446.jpg,No,,No,No,Yes,Yes,,,,Yes,No
BrainTumor_07447.jpg,Yes,,No,Yes,,,No,No,No,Yes,No
BrainTumor_07448.jpg,No,No,,,Yes,No,Yes,No,,,Yes
BrainTumor_07449.jpg,Yes,,,Yes,No,Yes,Yes,Yes,,No,Yes
BrainTumor_07450.jpg,Yes,No,,No,,No,Yes,,No,No,Yes
BrainTumor_07451.jpg,No,Yes,No,Yes,,,,Yes,Yes,No,No
BrainTumor_07452.jpg,No,,No,No,,No,Yes,Yes,No,Yes,Yes
BrainTumor_07453.jpg,No,Yes,,,Yes,Yes,,No,No,Yes,No
BrainTumor_07454.jpg,Yes,,No,No,No,,Yes,Yes,No,No,Yes
BrainTumor_07455.jpg,No,Yes,No,,No,Yes,,No,Yes,Yes,Yes
BrainTumor_07456.jpg,Yes,,No,No,No,No,No,Yes,No,,No
BrainTumor_07457.jpg,Yes,Yes,Yes,No,No,,,,,Yes,No
BrainTumor_07458.jpg,No,No,Yes,Yes,,Yes,No,No,,,Yes
BrainTumor_07459.jpg,Yes,Yes,,No,Yes,,No,,No,Yes,No
BrainTumor_07460.jpg,Yes,,No,,No,No,,Yes,No,Yes,No
BrainTumor_07461.jpg,,,No,No,No,Yes,,No,,,Yes
BrainTumor_07462.jpg,Yes,Yes,,No,,,Yes,Yes,,,
BrainTumor_07463.jpg,Yes,Yes,,,,,Yes,No,No,,No
BrainTumor_07464.jpg,No,Yes,Yes,No,Yes,,No,No,,No,Yes
BrainTumor_07465.jpg,,No,No,Yes,Yes,,No,,,,
BrainTumor_07466.jpg,Yes,No,No,,Yes,,,Yes,No,,No
BrainTumor_07467.jpg,No,,Yes,,Yes,No,,,No,No,
BrainTumor_07468.jpg,,,No,,,Yes,,,No,Yes,No
BrainTumor_07469.jpg,Yes,Yes,Yes,,No,No,No,,No,No,
BrainTumor_07470.jpg,No,No,Yes,Yes,,No,Yes,No,,Yes,Yes
BrainTumor_07471.jpg,No,No,,Yes,Yes,,Yes,No,,No,No
BrainTumor_07472.jpg,No,No,Yes,No,Yes,No,No,No,Yes,Yes,No
BrainTumor_07473.jpg,Yes,,No,No,,Yes,No,,No,Yes,No
BrainTumor_07474.jpg,,Yes,Yes,No,,Yes,Yes,,,Yes,
BrainTumor_07475.jpg,,No,No,No,,,No,No,,Yes,No
BrainTumor_07476.jpg,Yes,No,Yes,Yes,,,Yes,No,No,Yes,
BrainTumor_07477.jpg,,,Yes,No,No,No,,No,Yes,No,
BrainTumor_07478.jpg,No,No,Yes,,,No,Yes,Yes,No,Yes,No
BrainTumor_07479.jpg,Yes,,No,Yes,No,,,Yes,Yes,No,Yes
BrainTumor_07480.jpg,No,Yes,No,,No,No,Yes,Yes,,,Yes
BrainTumor_07481.jpg,,No,No,,No,No,,No,Yes,,
BrainTumor_07482.jpg,No,Yes,No,Yes,,Yes,Yes,Yes,,No,Yes
BrainTumor_07483.jpg,No,No,Yes,Yes,Yes,No,Yes,Yes,,Yes,
BrainTumor_07484.jpg,,No,Yes,,,,,,Yes,,No
BrainTumor_07485.jpg,No,No,No,,,,,No,Yes,No,No
BrainTumor_07486.jpg,,Yes,No,No,,No,No,,Yes,,Yes
BrainTumor_07487.jpg,,No,No,,Yes,No,Yes,No,Yes,Yes,No
BrainTumor_07488.jpg,No,No,Yes,No,,No,,No,Yes,No,Yes
BrainTumor_07489.jpg,,No,Yes,,,No,,,,,Yes
BrainTumor_07490.jpg,Yes,Yes,Yes,Yes,No,,,No,Yes,Yes,
BrainTumor_07491.jpg,Yes,,No,Yes,No,No,No,,Yes,No,Yes
BrainTumor_07492.jpg,No,,,,Yes,No,No,Yes,,No,Yes
BrainTumor_07493.jpg,No,No,No,Yes,No,No,,Yes,Yes,No,Yes
BrainTumor_07494.jpg,No,,No,Yes,,Yes,,Yes,,No,
BrainTumor_07495.jpg,No,Yes,Yes,,Yes,,,,No,Yes,Yes
BrainTumor_07496.jpg,,,,Yes,No,,Yes,,Yes,Yes,Yes
BrainTumor_07497.jpg,,Yes,Yes,No,No,Yes,,Yes,,Yes,Yes
BrainTumor_07498.jpg,,No,No,No,,,No,Yes,No,,No
BrainTumor_07499.jpg,,Yes,,Yes,No,Yes,Yes,,Yes,,Yes
BrainTumor_07500.jpg,Yes,Yes,Yes,No,No,Yes,Yes,Yes,Yes,No,No
BrainTumor_07501.jpg,,No,No,,No,No,No,,No,Yes,
BrainTumor_07502.jpg,Yes,Yes,No,Yes,No,,Yes,Yes,,No,No
BrainTumor_07503.jpg,No,Yes,Yes,,Yes,,No,Yes,,Yes,No
BrainTumor_07504.jpg,No,No,No,,Yes,,No,,,,
BrainTumor_07505.jpg,,No,No,No,,Yes,No,No,No,No,No
BrainTumor_07506.jpg,No,No,,No,Yes,No,No,No,,No,No
BrainTumor_07507.jpg,No,Yes,No,,No,No,Yes,No,No,,Yes
BrainTumor_07508.jpg,,No,Yes,,Yes,No,,,,No,No
BrainTumor_07509.jpg,Yes,,No,No,No,No,Yes,No,No,No,Yes
BrainTumor_07510.jpg,No,,Yes,No,Yes,,,Yes,Yes,,
BrainTumor_07511.jpg,,,No,Yes,Yes,Yes,Yes,,,No,No
BrainTumor_07512.jpg,,No,No,No,,Yes,,Yes,No,Yes,No
BrainTumor_07513.jpg,No,,,Yes,,,,Yes,,,Yes
BrainTumor_07514.jpg,No,No,Yes,Yes,No,Yes,Yes,No,Yes,Yes,No
BrainTumor_07515.jpg,,Yes,No,Yes,,No,,,,,Yes
BrainTumor_07516.jpg,,Yes,Yes,,Yes,,No,No,,Yes,
BrainTumor_07517.jpg,,Yes,,No,,,,No,,Yes,
BrainTumor_07518.jpg,,Yes,,,,No,,Yes,,Yes,
BrainTumor_07519.jpg,No,,Yes,Yes,,No,No,No,,,Yes
BrainTumor_07520.jpg,Yes,,No,,,Yes,Yes,No,No,Yes,No
BrainTumor_07521.jpg,Yes,No,Yes,,,Yes,No,No,Yes,Yes,No
BrainTumor_07522.jpg,Yes,,Yes,Yes,,Yes,,,Yes,Yes,No
BrainTumor_07523.jpg,Yes,Yes,No,No,,Yes,Yes,,No,No,Yes
BrainTumor_07524.jpg,,No,,No,,,Yes,Yes,Yes,,No
BrainTumor_07525.jpg,No,No,No,No,,Yes,,No,No,Yes,No
BrainTumor_07526.jpg,Yes,,,No,No,Yes,,No,Yes,,No
BrainTumor_07527.jpg,,Yes,No,No,No,Yes,Yes,Yes,No,No,No
BrainTumor_07528.jpg,Yes,,Yes,Yes,,,No,Yes,Yes,No,No
BrainTumor_07529.jpg,,,,Yes,No,,Yes,No,No,No,
BrainTumor_07530.jpg,No,No,No,,,Yes,Yes,No,,No,Yes
BrainTumor_07531.jpg,No,Yes,Yes,,No,Yes,Yes,,,Yes,Yes
BrainTumor_07532.jpg,No,No,Yes,Yes,,Yes,,,No,No,No
BrainTumor_07533.jpg,No,,No,No,No,Yes,,Yes,No,,
BrainTumor_07534.jpg,No,,No,Yes,,,No,No,,,Yes
BrainTumor_07535.jpg,No,,No,,No,,,Yes,Yes,Yes,No
BrainTumor_07536.jpg,No,Yes,No,Yes,Yes,Yes,,,,No,No
BrainTumor_07537.jpg,,,No,Yes,Yes,,Yes,Yes,,No,No
BrainTumor_07538.jpg,No,,Yes,No,No,Yes,No,,Yes,Yes,Yes
BrainTumor_07539.jpg,No,No,No,No,Yes,,Yes,,Yes,Yes,
BrainTumor_07540.jpg,Yes,Yes,No,No,Yes,,No,,,Yes,No
BrainTumor_07541.jpg,Yes,Yes,No,Yes,,No,No,No,,No,
BrainTumor_07542.jpg,No,,,No,,,Yes,No,,,No
BrainTumor_07543.jpg,Yes,No,Yes,Yes,Yes,Yes,No,Yes,Yes,No,Yes
BrainTumor_07544.jpg,No,Yes,No,No,Yes,No,No,No,No,Yes,No
BrainTumor_07545.jpg,,Yes,,,No,No,No,Yes,No,No,No
BrainTumor_07546.jpg,,Yes,,,No,No,,,No,,
BrainTumor_07547.jpg,No,,Yes,,No,No,Yes,Yes,,Yes,No
BrainTumor_07548.jpg,,Yes,Yes,No,,Yes,,,,Yes,Yes
BrainTumor_07549.jpg,No,Yes,Yes,No,Yes,Yes,No,Yes,No,No,Yes
BrainTumor_07550.jpg,Yes,No,Yes,Yes,Yes,No,Yes,No,,,Yes
BrainTumor_07551.jpg,No,,No,,No,No,Yes,,,,No
BrainTumor_07552.jpg,No,,,Yes,No,,Yes,No,No,,No
BrainTumor_07553.jpg,,No,,,,Yes,Yes,No,No,Yes,No
BrainTumor_07554.jpg,No,,No,,,No,Yes,No,Yes,No,No
BrainTumor_07555.jpg,No,,No,Yes,Yes,,Yes,,No,No,No
BrainTumor_07556.jpg,Yes,,,No,No,Yes,Yes,Yes,Yes,Yes,No
BrainTumor_07557.jpg,Yes,No,Yes,,Yes,Yes,,,Yes,No,Yes
BrainTumor_07558.jpg,Yes,,No,Yes,No,No,Yes,Yes,,,Yes
BrainTumor_07559.jpg,,No,,No,No,,No,No,No,No,Yes
BrainTumor_07560.jpg,No,No,No,No,No,No,No,,,Yes,Yes
BrainTumor_07561.jpg,,Yes,No,Yes,No,,No,,No,Yes,
BrainTumor_07562.jpg,Yes,Yes,,No,,Yes,Yes,,Yes,,Yes
BrainTumor_07563.jpg,No,,,No,,No,,No,Yes,No,
BrainTumor_07564.jpg,Yes,Yes,No,No,,,Yes,,No,,No
BrainTumor_07565.jpg,Yes,Yes,No,,,,No,,No,Yes,Yes
BrainTumor_07566.jpg,,No,,,Yes,Yes,,No,,No,
BrainTumor_07567.jpg,,,No,Yes,No,Yes,,No,No,Yes,
BrainTumor_07568.jpg,Yes,No,,,No,,Yes,Yes,No,Yes,
BrainTumor_07569.jpg,,,Yes,,Yes,Yes,,No,,Yes,
BrainTumor_07570.jpg,No,Yes,,Yes,No,Yes,,,Yes,No,Yes
BrainTumor_07571.jpg,,Yes,Yes,,,Yes,Yes,No,No,Yes,Yes
BrainTumor_07572.jpg,No,Yes,,,No,,No,Yes,Yes,Yes,
BrainTumor_07573.jpg,,No,Yes,Yes,Yes,,Yes,No,No,,
BrainTumor_07574.jpg,Yes,No,No,No,Yes,,No,No,Yes,Yes,Yes
BrainTumor_07575.jpg,Yes,Yes,Yes,,Yes,,,,,,No
BrainTumor_07576.jpg,Yes,,,,No,,Yes,No,Yes,,No
BrainTumor_07577.jpg,,No,No,No,Yes,,Yes,,,No,Yes
BrainTumor_07578.jpg,,No,Yes,No,,Yes,No,No,,,No
BrainTumor_07579.jpg,No,,No,Yes,,No,No,Yes,,No,
BrainTumor_07580.jpg,,No,,No,No,No,No,Yes,,No,No
BrainTumor_07581.jpg,No,Yes,,,Yes,,Yes,,,,No
BrainTumor_07582.jpg,No,,No,Yes,Yes,Yes,,,No,No,
BrainTumor_07583.jpg,,Yes,No,,No,Yes,,,,Yes,Yes
BrainTumor_07584.jpg,,Yes,No,No,Yes,No,No,Yes,No,No,Yes
BrainTumor_07585.jpg,Yes,,,Yes,Yes,No,Yes,,No,No,No
BrainTumor_07586.jpg,No,Yes,No,No,No,No,,,No,No,
BrainTumor_07587.jpg,,,,No,No,,,,Yes,No,
BrainTumor_07588.jpg,Yes,,Yes,,Yes,,,No,No,No,Yes
BrainTumor_07589.jpg,Yes,,Yes,,,,,Yes,,Yes,Yes
BrainTumor_07590.jpg,Yes,No,,Yes,No,Yes,,Yes,No,,No
BrainTumor_07591.jpg,No,Yes,No,Yes,Yes,,,No,,No,No
BrainTumor_07592.jpg,No,Yes,Yes,No,,No,,No,,,
BrainTumor_07593.jpg,No,Yes,Yes,Yes,,No,,,No,Yes,No
BrainTumor_07594.jpg,Yes,,,No,Yes,No,No,,,No,Yes
BrainTumor_07595.jpg,Yes,,Yes,,No,No,No,Yes,No,,No
BrainTumor_07596.jpg,No,No,,,Yes,,No,Yes,No,,
BrainTumor_07597.jpg,,,Yes,,No,,No,Yes,No,No,Yes
BrainTumor_07598.jpg,Yes,No,Yes,No,,Yes,No,,Yes,,No
BrainTumor_07599.jpg,No,Yes,Yes,No,,,Yes,,,No,No
BrainTumor_07600.jpg,No,No,,,No,,,No,Yes,No,
BrainTumor_07601.jpg,Yes,,Yes,No,,,,Yes,Yes,Yes,
BrainTumor_07602.jpg,No,No,,Yes,,Yes,,,No,No,Yes
BrainTumor_07603.jpg,No,Yes,Yes,,,Yes,Yes,,No,No,
BrainTumor_07604.jpg,Yes,No,,Yes,,Yes,,,Yes,No,
BrainTumor_07605.jpg,,,No,Yes,No,,,No,No,No,Yes
BrainTumor_07606.jpg,No,Yes,,,No,Yes,Yes,,Yes,Yes,Yes
BrainTumor_07607.jpg,Yes,Yes,No,Yes,Yes,,No,Yes,No,Yes,Yes
BrainTumor_07608.jpg,,No,Yes,No,Yes,Yes,Yes,,No,,
BrainTumor_07609.jpg,Yes,No,No,No,,,Yes,No,Yes,,No
BrainTumor_07610.jpg,Yes,No,,Yes,,No,,No,No,Yes,Yes
BrainTumor_07611.jpg,No,No,,,Yes,,No,Yes,,No,No
BrainTumor_07612.jpg,,No,,,,Yes,,No,No,No,Yes
BrainTumor_07613.jpg,No,No,,No,Yes,No,Yes,Yes,Yes,No,Yes
BrainTumor_07614.jpg,,,Yes,No,Yes,No,No,No,Yes,Yes,
BrainTumor_07615.jpg,No,Yes,Yes,Yes,,Yes,,No,,,
BrainTumor_07616.jpg,Yes,Yes,,,Yes,,Yes,,No,No,
BrainTumor_07617.jpg,Yes,,No,Yes,,No,No,Yes,No,No,No
BrainTumor_07618.jpg,Yes,,,No,Yes,No,No,,No,,Yes
BrainTumor_07619.jpg,No,Yes,,No,,,No,No,,,Yes
BrainTumor_07620.jpg,Yes,,Yes,No,,,,Yes,Yes,Yes,Yes
BrainTumor_07621.jpg,No,,No,,Yes,No,,,No,Yes,Yes
BrainTumor_07622.jpg,No,No,,Yes,Yes,,,No,,,
BrainTumor_07623.jpg,No,Yes,,Yes,No,Yes,Yes,,,Yes,Yes
BrainTumor_07624.jpg,,,,Yes,Yes,,,,No,Yes,
BrainTumor_07625.jpg,No,No,No,Yes,No,,,Yes,,No,
BrainTumor_07626.jpg,Yes,Yes,No,,No,No,,,No,Yes,No
BrainTumor_07627.jpg,No,Yes,Yes,No,Yes,,No,No,,,Yes
BrainTumor_07628.jpg,,No,,No,,Yes,Yes,Yes,,No,
BrainTumor_07629.jpg,Yes,No,Yes,,Yes,No,Yes,No,No,Yes,
BrainTumor_07630.jpg,Yes,,No,Yes,Yes,No,No,No,No,,
BrainTumor_07631.jpg,Yes,No,No,No,Yes,No,No,Yes,,No,Yes
BrainTumor_07632.jpg,Yes,,,Yes,No,No,No,,,No,No
BrainTumor_07633.jpg,Yes,No,No,No,Yes,Yes,No,No,,No,
BrainTumor_07634.jpg,No,No,Yes,No,Yes,,No,Yes,,No,No
BrainTumor_07635.jpg,No,Yes,Yes,,No,Yes,,Yes,Yes,Yes,No
BrainTumor_07636.jpg,Yes,No,Yes,Yes,No,Yes,,Yes,,Yes,No
BrainTumor_07637.jpg,No,Yes,No,,No,Yes,No,No,Yes,No,
BrainTumor_07638.jpg,Yes,Yes,Yes,No,,No,,No,,Yes,Yes
BrainTumor_07639.jpg,No,No,No,Yes,,Yes,Yes,,,No,
BrainTumor_07640.jpg,No,Yes,,Yes,No,Yes,No,Yes,No,Yes,No
BrainTumor_07641.jpg,Yes,,No,No,No,,,No,,No,No
BrainTumor_07642.jpg,No,,Yes,Yes,Yes,Yes,No,Yes,No,,No
BrainTumor_07643.jpg,No,No,,No,,,No,No,Yes,Yes,
BrainTumor_07644.jpg,Yes,,,Yes,No,Yes,,,Yes,Yes,Yes
BrainTumor_07645.jpg,Yes,No,,,No,No,,,,Yes,
BrainTumor_07646.jpg,No,,No,Yes,,Yes,No,Yes,,No,No
BrainTumor_07647.jpg,Yes,,No,,Yes,No,,No,No,No,Yes
BrainTumor_07648.jpg,Yes,Yes,,Yes,Yes,Yes,No,Yes,Yes,,No
BrainTumor_07649.jpg,,No,Yes,No,Yes,,,,,,
BrainTumor_07650.jpg,No,No,No,Yes,No,Yes,Yes,Yes,Yes,Yes,No
BrainTumor_07651.jpg,No,Yes,Yes,,,No,,Yes,,No,No
BrainTumor_07652.jpg,Yes,No,No,,,Yes,No,No,,No,No
BrainTumor_07653.jpg,,Yes,No,Yes,,No,,,No,No,Yes
BrainTumor_07654.jpg,,Yes,Yes,Yes,,,No,,Yes,Yes,No
BrainTumor_07655.jpg,,,No,,No,Yes,Yes,,,Yes,Yes
BrainTumor_07656.jpg,,,No,,No,No,,,No,No,Yes
BrainTumor_07657.jpg,Yes,No,,Yes,No,,,,No,No,
BrainTumor_07658.jpg,,,Yes,,No,No,,No,Yes,Yes,
BrainTumor_07659.jpg,,No,Yes,No,,No,,No,,No,Yes
BrainTumor_07660.jpg,,Yes,,,Yes,,No,No,Yes,Yes,Yes
BrainTumor_07661.jpg,No,,,No,Yes,Yes,No,No,Yes,No,
BrainTumor_07662.jpg,Yes,Yes,,,,No,,Yes,No,,No
BrainTumor_07663.jpg,,No,Yes,No,No,No,No,Yes,Yes,No,
BrainTumor_07664.jpg,Yes,No,No,Yes,Yes,,,,No,,
BrainTumor_07665.jpg,,No,No,No,,Yes,No,No,Yes,Yes,Yes
BrainTumor_07666.jpg,Yes,,Yes,,Yes,Yes,Yes,,No,,No
BrainTumor_07667.jpg,No,,No,Yes,Yes,No,Yes,Yes,,No,No
BrainTumor_07668.jpg,,No,,Yes,Yes,,,No,No,No,Yes
BrainTumor_07669.jpg,,No,,No,,Yes,Yes,Yes,Yes,Yes,Yes
BrainTumor_07670.jpg,No,Yes,No,,No,No,No,No,Yes,No,Yes
BrainTumor_07671.jpg,Yes,No,No,,Yes,,Yes,,Yes,,No
BrainTumor_07672.jpg,Yes,,,No,Yes,,,No,,,
BrainTumor_07673.jpg,Yes,,,,,,Yes,No,No,Yes,
BrainTumor_07674.jpg,No,Yes,Yes,No,Yes,,,Yes,Yes,No,Yes
BrainTumor_07675.jpg,No,No,,Yes,No,,,,No,No,No
BrainTumor_07676.jpg,Yes,,,,Yes,Yes,,,,No,
BrainTumor_07677.jpg,Yes,No,Yes,Yes,Yes,,No,Yes,No,No,
BrainTumor_07678.jpg,,No,,Yes,,Yes,No,Yes,No,No,
BrainTumor_07679.jpg,Yes,,,,Yes,Yes,Yes,No,,No,
BrainTumor_07680.jpg,No,,,No,Yes,No,Yes,,,Yes,No
BrainTumor_07681.jpg,Yes,No,No,No,,No,Yes,Yes,Yes,No,
BrainTumor_07682.jpg,No,No,Yes,Yes,,No,Yes,Yes,Yes,,
BrainTumor_07683.jpg,No,Yes,Yes,Yes,No,Yes,,,,Yes,Yes
BrainTumor_07684.jpg,No,No,Yes,,No,,,,Yes,,Yes
BrainTumor_07685.jpg,,,,,No,Yes,Yes,No,Yes,,
BrainTumor_07686.jpg,Yes,,Yes,Yes,No,No,Yes,No,No,,Yes
BrainTumor_07687.jpg,Yes,Yes,Yes,No,No,No,,No,Yes,No,
BrainTumor_07688.jpg,No,,,Yes,Yes,No,,No,Yes,,Yes
BrainTumor_07689.jpg,No,Yes,Yes,No,Yes,No,Yes,,Yes,No,Yes
BrainTumor_07690.jpg,,,Yes,,Yes,Yes,,Yes,Yes,,
BrainTumor_07691.jpg,,No,,No,Yes,No,No,No,,,Yes
BrainTumor_07692.jpg,No,,,,Yes,No,Yes,,No,Yes,Yes
BrainTumor_07693.jpg,,Yes,,,No,,No,No,Yes,,No
BrainTumor_07694.jpg,,No,,No,,Yes,Yes,No,No,No,Yes
BrainTumor_07695.jpg,,No,,,Yes,,No,Yes,,Yes,
BrainTumor_07696.jpg,Yes,No,,No,No,,Yes,Yes,No,No,Yes
BrainTumor_07697.jpg,Yes,Yes,,,No,,No,Yes,Yes,,No
BrainTumor_07698.jpg,,No,,No,Yes,No,No,No,,,Yes
BrainTumor_07699.jpg,,No,No,Yes,No,,No,,,Yes,Yes
BrainTumor_07700.jpg,Yes,,,No,No,No,,No,,,No
BrainTumor_07701.jpg,,No,No,,No,Yes,Yes,No,,,
BrainTumor_07702.jpg,,No,,No,No,Yes,,Yes,,No,No
BrainTumor_07703.jpg,No,,No,,Yes,No,Yes,No,,No,Yes
BrainTumor_07704.jpg,,No,Yes,No,Yes,,,Yes,No,,No
BrainTumor_07705.jpg,No,,,,Yes,,No,,Yes,,No
BrainTumor_07706.jpg,,Yes,Yes,,Yes,No,No,,Yes,,No
BrainTumor_07707.jpg,Yes,,Yes,No,,Yes,No,Yes,Yes,,No
BrainTumor_07708.jpg,No,No,,Yes,Yes,Yes,Yes,Yes,No,,Yes
BrainTumor_07709.jpg,No,,,Yes,Yes,,Yes,No,,No,
BrainTumor_07710.jpg,Yes,,Yes,,Yes,Yes,No,Yes,,,No
BrainTumor_07711.jpg,,,No,Yes,Yes,Yes,,Yes,No,No,Yes
BrainTumor_07712.jpg,Yes,,,,No,Yes,No,Yes,Yes,No,
BrainTumor_07713.jpg,No,No,Yes,,,No,Yes,Yes,,Yes,
BrainTumor_07714.jpg,No,No,,No,No,,,No,No,No,No
BrainTumor_07715.jpg,No,Yes,Yes,No,,,,No,Yes,No,No
BrainTumor_07716.jpg,Yes,,No,,No,No,No,Yes,Yes,Yes,No
BrainTumor_07717.jpg,,,,No,No,,No,,No,No,Yes
BrainTumor_07718.jpg,Yes,No,,No,,Yes,,Yes,,,No
BrainTumor_07719.jpg,,,,,,No,No,,,,
BrainTumor_07720.jpg,Yes,Yes,,No,Yes,,Yes,No,Yes,Yes,
BrainTumor_07721.jpg,,,Yes,No,Yes,No,No,,Yes,,Yes
BrainTumor_07722.jpg,,Yes,Yes,,No,,No,,Yes,,No
BrainTumor_07723.jpg,No,Yes,,No,,No,,No,No,,
BrainTumor_07724.jpg,,Yes,Yes,No,,Yes,,,,Yes,
BrainTumor_07725.jpg,Yes,,,Yes,Yes,,Yes,,Yes,,
BrainTumor_07726.jpg,No,No,Yes,Yes,,,,,Yes,No,
BrainTumor_07727.jpg,,No,Yes,No,,No,,Yes,,No,Yes
BrainTumor_07728.jpg,,No,,Yes,No,Yes,Yes,Yes,Yes,Yes,No
BrainTumor_07729.jpg,Yes,No,,No,No,Yes,Yes,No,,Yes,
BrainTumor_07730.jpg,,Yes,No,No,No,,Yes,No,,No,Yes
BrainTumor_07731.jpg,No,Yes,,Yes,No,Yes,Yes,Yes,,No,
BrainTumor_07732.jpg,Yes,No,,Yes,,No,Yes,Yes,,,No
BrainTumor_07733.jpg,Yes,Yes,,,No,Yes,No,,No,No,No
BrainTumor_07734.jpg,Yes,Yes,,Yes,,Yes,No,Yes,,No,No
BrainTumor_07735.jpg,,No,No,Yes,Yes,No,Yes,Yes,Yes,,No
BrainTumor_07736.jpg,Yes,Yes,No,,,No,Yes,Yes,Yes,,Yes
BrainTumor_07737.jpg,No,,,No,Yes,No,,Yes,,,
BrainTumor_07738.jpg,,No,,Yes,Yes,,No,No,No,,No
BrainTumor_07739.jpg,,No,Yes,,,,,No,Yes,No,Yes
BrainTumor_07740.jpg,Yes,No,Yes,No,Yes,Yes,No,Yes,Yes,,
BrainTumor_07741.jpg,,,No,Yes,No,,Yes,Yes,Yes,No,Yes
BrainTumor_07742.jpg,,Yes,No,,,,Yes,,Yes,Yes,Yes
BrainTumor_07743.jpg,,,No,No,Yes,No,No,No,No,,No
BrainTumor_07744.jpg,No,Yes,,Yes,Yes,Yes,Yes,,,No,Yes
BrainTumor_07745.jpg,Yes,Yes,,No,Yes,Yes,No,,,No,
BrainTumor_07746.jpg,No,No,Yes,,,Yes,No,No,Yes,Yes,
BrainTumor_07747.jpg,No,Yes,No,No,No,Yes,Yes,,Yes,No,No
BrainTumor_07748.jpg,,,No,Yes,No,No,No,No,Yes,No,No
BrainTumor_07749.jpg,,Yes,Yes,No,Yes,,,No,,Yes,
BrainTumor_07750.jpg,,No,No,,Yes,,,,No,,No
BrainTumor_07751.jpg,No,Yes,,Yes,No,,,Yes,No,No,
BrainTumor_07752.jpg,Yes,Yes,Yes,,No,,Yes,Yes,Yes,,Yes
BrainTumor_07753.jpg,No,Yes,Yes,,,No,Yes,,,No,No
BrainTumor_07754.jpg,Yes,Yes,Yes,,Yes,,Yes,Yes,,Yes,
BrainTumor_07755.jpg,No,No,,Yes,,,Yes,Yes,No,Yes,Yes
BrainTumor_07756.jpg,No,Yes,Yes,,No,,Yes,Yes,,Yes,
BrainTumor_07757.jpg,No,,Yes,No,,,,No,No,No,
BrainTumor_07758.jpg,Yes,No,,No,No,Yes,Yes,Yes,Yes,Yes,No
BrainTumor_07759.jpg,Yes,No,Yes,Yes,,No,No,Yes,Yes,,
BrainTumor_07760.jpg,,,Yes,No,No,Yes,Yes,,Yes,,
BrainTumor_07761.jpg,,,Yes,Yes,No,Yes,Yes,,,,No
BrainTumor_07762.jpg,,No,Yes,Yes,No,Yes,No,No,No,,Yes
BrainTumor_07763.jpg,Yes,Yes,,No,,No,Yes,,No,No,
BrainTumor_07764.jpg,No,No,,Yes,No,Yes,Yes,,Yes,No,Yes
BrainTumor_07765.jpg,Yes,,No,,,No,Yes,,No,,No
BrainTumor_07766.jpg,Yes,,No,,No,,,No,,,
BrainTumor_07767.jpg,,,,,,Yes,,,Yes,No,Yes
BrainTumor_07768.jpg,,,,Yes,No,,No,,No,No,
BrainTumor_07769.jpg,,No,Yes,,No,Yes,No,,No,No,No
BrainTumor_07770.jpg,No,Yes,Yes,,Yes,,No,No,,Yes,Yes
BrainTumor_07771.jpg,Yes,No,,,No,,Yes,No,Yes,,
BrainTumor_07772.jpg,Yes,Yes,Yes,,No,Yes,,,Yes,Yes,
BrainTumor_07773.jpg,Yes,,No,Yes,No,,Yes,,No,,
BrainTumor_07774.jpg,,No,No,No,,Yes,,,No,Yes,No
BrainTumor_07775.jpg,No,No,,Yes,Yes,,Yes,No,,Yes,Yes
BrainTumor_07776.jpg,No,Yes,,Yes,No,,Yes,Yes,Yes,Yes,Yes
BrainTumor_07777.jpg,Yes,No,No,Yes,Yes,,Yes,Yes,Yes,Yes,Yes
BrainTumor_07778.jpg,,Yes,,No,Yes,Yes,Yes,,,No,No
BrainTumor_07779.jpg,,,,No,,Yes,No,Yes,Yes,Yes,
BrainTumor_07780.jpg,No,Yes,No,Yes,,No,,Yes,,No,No
BrainTumor_07781.jpg,Yes,Yes,No,No,,Yes,Yes,No,Yes,No,Yes
BrainTumor_07782.jpg,,,,,,No,Yes,,,,No
BrainTumor_07783.jpg,No,,No,No,,,,No,,Yes,Yes
BrainTumor_07784.jpg,No,No,,Yes,,Yes,No,,No,No,No
BrainTumor_07785.jpg,Yes,,,,Yes,Yes,No,No,,No,
BrainTumor_07786.jpg,No,,,Yes,,,Yes,Yes,,,No
BrainTumor_07787.jpg,Yes,Yes,Yes,,Yes,No,,,Yes,Yes,No
BrainTumor_07788.jpg,No,,Yes,,,,No,Yes,Yes,No,Yes
BrainTumor_07789.jpg,,No,,Yes,No,No,No,No,Yes,No,No
BrainTumor_07790.jpg,No,,Yes,No,,Yes,,No,No,,No
BrainTumor_07791.jpg,No,,Yes,Yes,,No,No,,No,No,
BrainTumor_07792.jpg,No,Yes,,,,,Yes,Yes,Yes,No,
BrainTumor_07793.jpg,,,No,No,,Yes,No,No,No,Yes,Yes
BrainTumor_07794.jpg,No,,No,Yes,No,,No,,,Yes,No
BrainTumor_07795.jpg,,Yes,Yes,Yes,,No,,Yes,,Yes,
BrainTumor_07796.jpg,Yes,,,No,No,No,No,Yes,Yes,Yes,No
BrainTumor_07797.jpg,,No,No,,No,Yes,,Yes,,Yes,
BrainTumor_07798.jpg,,Yes,No,Yes,No,No,No,No,No,Yes,
BrainTumor_07799.jpg,Yes,No,No,No,Yes,No,Yes,,No,No,No
BrainTumor_07800.jpg,Yes,,Yes,Yes,No,No,Yes,,No,Yes,Yes
BrainTumor_07801.jpg,,,No,,,,,,,,Yes
BrainTumor_07802.jpg,Yes,No,,Yes,No,Yes,Yes,No,,,Yes
BrainTumor_07803.jpg,No,Yes,No,,Yes,,,,,,No
BrainTumor_07804.jpg,No,,No,,,No,No,No,No,,Yes
BrainTumor_07805.jpg,,,Yes,Yes,No,,Yes,Yes,No,No,Yes
BrainTumor_07806.jpg,,,Yes,Yes,Yes,No,No,,Yes,,
BrainTumor_07807.jpg,Yes,,No,No,,,,,Yes,Yes,No
BrainTumor_07808.jpg,Yes,No,Yes,,No,Yes,No,,No,No,Yes
BrainTumor_07809.jpg,,No,,Yes,No,No,Yes,No,,No,
BrainTumor_07810.jpg,No,,Yes,Yes,No,No,No,,No,No,Yes
BrainTumor_07811.jpg,Yes,,Yes,,,Yes,Yes,No,,Yes,
BrainTumor_07812.jpg,,,Yes,No,No,No,Yes,No,,,
BrainTumor_07813.jpg,,No,,Yes,No,Yes,,Yes,No,No,No
BrainTumor_07814.jpg,No,,No,No,Yes,,,Yes,Yes,Yes,Yes
BrainTumor_07815.jpg,,Yes,Yes,Yes,,,No,No,,,
BrainTumor_07816.jpg,,No,Yes,,Yes,No,,Yes,,No,No
BrainTumor_07817.jpg,,No,,,No,No,,Yes,Yes,No,Yes
BrainTumor_07818.jpg,Yes,No,,Yes,Yes,No,,Yes,No,No,Yes
BrainTumor_07819.jpg,Yes,Yes,Yes,,No,Yes,Yes,,,No,Yes
BrainTumor_07820.jpg,Yes,,,Yes,Yes,No,,No,No,Yes,Yes
BrainTumor_07821.jpg,No,No,No,Yes,,No,,No,No,,Yes
BrainTumor_07822.jpg,,No,,,No,No,Yes,Yes,Yes,,
BrainTumor_07823.jpg,,Yes,,Yes,Yes,Yes,,,,,Yes
BrainTumor_07824.jpg,,Yes,Yes,No,Yes,,Yes,,No,Yes,No
BrainTumor_07825.jpg,,Yes,No,,Yes,No,Yes,Yes,No,,Yes
BrainTumor_07826.jpg,No,,,No,No,No,,Yes,Yes,,
BrainTumor_07827.jpg,,Yes,No,,,Yes,No,No,Yes,Yes,
BrainTumor_07828.jpg,No,,Yes,,No,No,Yes,,No,,Yes
BrainTumor_07829.jpg,,,,No,Yes,,No,Yes,No,,
BrainTumor_07830.jpg,No,,Yes,Yes,,Yes,Yes,,Yes,Yes,No
BrainTumor_07831.jpg,Yes,Yes,,No,Yes,Yes,No,No,Yes,,No
BrainTumor_07832.jpg,,No,,Yes,,Yes,,No,No,No,Yes
BrainTumor_07833.jpg,,No,No,,,Yes,No,Yes,Yes,Yes,No
BrainTumor_07834.jpg,Yes,,,No,,No,No,No,No,No,Yes
BrainTumor_07835.jpg,Yes,Yes,,,Yes,No,No,No,No,Yes,No
BrainTumor_07836.jpg,,,,,,,No,Yes,Yes,,Yes
BrainTumor_07837.jpg,Yes,Yes,Yes,No,No,,,No,,Yes,Yes
BrainTumor_07838.jpg,No,Yes,,,Yes,Yes,No,Yes,Yes,No,
BrainTumor_07839.jpg,Yes,No,Yes,No,Yes,No,Yes,,,,No
BrainTumor_07840.jpg,Yes,Yes,Yes,,,No,Yes,Yes,No,No,
BrainTumor_07841.jpg,,Yes,No,No,Yes,Yes,Yes,,Yes,,
BrainTumor_07842.jpg,No,No,No,,No,,Yes,No,,,Yes
BrainTumor_07843.jpg,,,,,Yes,,,,,No,No
BrainTumor_07844.jpg,No,,No,Yes,No,,No,,No,No,No
BrainTumor_07845.jpg,No,Yes,No,No,Yes,No,Yes,No,No,,Yes
BrainTumor_07846.jpg,,Yes,,Yes,,Yes,Yes,,Yes,,
BrainTumor_07847.jpg,No,,No,Yes,Yes,Yes,,,No,,Yes
BrainTumor_07848.jpg,No,,,,Yes,Yes,Yes,Yes,Yes,Yes,
BrainTumor_07849.jpg,No,Yes,,Yes,No,Yes,Yes,No,,Yes,
BrainTumor_07850.jpg,,No,Yes,No,,Yes,,No,,No,Yes
BrainTumor_07851.jpg,Yes,No,No,No,No,,,No,No,,
BrainTumor_07852.jpg,,No,,Yes,No,Yes,No,No,Yes,,No
BrainTumor_07853.jpg,Yes,Yes,,,,,No,Yes,,No,No
BrainTumor_07854.jpg,,,Yes,Yes,,Yes,No,No,,,
BrainTumor_07855.jpg,No,,Yes,No,Yes,No,,,,No,No
BrainTumor_07856.jpg,,No,No,,,,,No,No,Yes,
BrainTumor_07857.jpg,,No,No,,,No,,No,Yes,Yes,
BrainTumor_07858.jpg,,,,No,No,No,,No,,,
BrainTumor_07859.jpg,Yes,,,No,No,,Yes,No,No,,
BrainTumor_07860.jpg,No,No,Yes,Yes,Yes,Yes,No,No,No,,
BrainTumor_07861.jpg,,,No,Yes,Yes,No,No,,Yes,No,No
BrainTumor_07862.jpg,Yes,No,Yes,,No,Yes,Yes,No,No,No,No
BrainTumor_07863.jpg,,,No,Yes,,No,,Yes,No,No,
BrainTumor_07864.jpg,,Yes,Yes,,No,No,No,No,No,No,
BrainTumor_07865.jpg,Yes,,No,No,No,,,,Yes,,
BrainTumor_07866.jpg,,No,No,No,No,Yes,Yes,,No,,
BrainTumor_07867.jpg,Yes,Yes,,,No,No,Yes,No,No,Yes,No
BrainTumor_07868.jpg,Yes,No,Yes,No,,No,No,No,No,,No
BrainTumor_07869.jpg,,Yes,,,,No,Yes,Yes,No,No,No
BrainTumor_07870.jpg,Yes,,No,Yes,Yes,,,No,,No,No
BrainTumor_07871.jpg,,No,No,Yes,No,No,Yes,No,Yes,Yes,No
BrainTumor_07872.jpg,Yes,No,No,,Yes,No,Yes,,Yes,No,No
BrainTumor_07873.jpg,Yes,No,,,No,,Yes,Yes,Yes,No,Yes
BrainTumor_07874.jpg,,No,No,No,,Yes,Yes,No,Yes,Yes,No
BrainTumor_07875.jpg,,,No,Yes,,No,Yes,Yes,No,,
BrainTumor_07876.jpg,,No,No,,No,No,No,Yes,No,No,
BrainTumor_07877.jpg,Yes,,No,,Yes,,Yes,,,,No
BrainTumor_07878.jpg,Yes,No,,Yes,Yes,,No,,No,No,Yes
BrainTumor_07879.jpg,No,,Yes,,Yes,No,No,No,No,No,Yes
BrainTumor_07880.jpg,,Yes,No,,No,Yes,Yes,No,Yes,,
BrainTumor_07881.jpg,,Yes,No,No,,,Yes,No,Yes,No,No
BrainTumor_07882.jpg,Yes,No,No,,No,,No,No,Yes,,
BrainTumor_07883.jpg,No,Yes,No,Yes,No,Yes,Yes,,Yes,,Yes
BrainTumor_07884.jpg,Yes,Yes,Yes,No,No,,No,,No,Yes,No
BrainTumor_07885.jpg,,No,,,,Yes,,No,No,No,Yes
BrainTumor_07886.jpg,No,No,,No,,No,,,,,No
BrainTumor_07887.jpg,Yes,No,No,No,,,No,,,,Yes
BrainTumor_07888.jpg,Yes,No,No,Yes,No,Yes,No,No,Yes,,
BrainTumor_07889.jpg,No,,,,Yes,,,No,,Yes,No
BrainTumor_07890.jpg,Yes,Yes,Yes,Yes,No,,No,,,No,No
BrainTumor_07891.jpg,,,No,No,,No,,Yes,No,Yes,No
BrainTumor_07892.jpg,,,,,Yes,,Yes,Yes,Yes,No,
BrainTumor_07893.jpg,Yes,No,No,,,No,No,Yes,,Yes,
BrainTumor_07894.jpg,,No,Yes,No,No,Yes,No,No,,Yes,No
BrainTumor_07895.jpg,Yes,Yes,No,,Yes,Yes,,Yes,,Yes,
BrainTumor_07896.jpg,No,,Yes,Yes,No,,No,No,Yes,Yes,Yes
BrainTumor_07897.jpg,Yes,Yes,No,Yes,No,Yes,Yes,Yes,Yes,Yes,
BrainTumor_07898.jpg,No,,No,No,Yes,No,,Yes,Yes,Yes,Yes
BrainTumor_07899.jpg,,Yes,,Yes,,Yes,Yes,No,Yes,,No
BrainTumor_07900.jpg,Yes,No,Yes,Yes,No,No,,No,,,Yes
BrainTumor_07901.jpg,,,Yes,No,No,,,Yes,,Yes,Yes
BrainTumor_07902.jpg,,,,Yes,No,,,Yes,No,No,No
BrainTumor_07903.jpg,Yes,Yes,Yes,Yes,Yes,No,,,No,,No
BrainTumor_07904.jpg,No,,,Yes,Yes,No,Yes,No,Yes,Yes,No
BrainTumor_07905.jpg,Yes,Yes,,Yes,No,No,,,Yes,,Yes
BrainTumor_07906.jpg,,No,,,Yes,,No,,Yes,No,No
BrainTumor_07907.jpg,Yes,Yes,No,,,,No,No,Yes,,Yes
BrainTumor_07908.jpg,No,Yes,,No,No,,No,,No,Yes,
BrainTumor_07909.jpg,,No,,,,Yes,No,,No,No,
BrainTumor_07910.jpg,Yes,Yes,Yes,,,,Yes,Yes,No,No,Yes
BrainTumor_07911.jpg,Yes,No,No,No,Yes,Yes,No,Yes,Yes,,
BrainTumor_07912.jpg,No,No,,Yes,No,,No,Yes,,,Yes
BrainTumor_07913.jpg,No,,,No,,,Yes,,,Yes,No
BrainTumor_07914.jpg,Yes,No,No,,Yes,Yes,Yes,No,,,
BrainTumor_07915.jpg,Yes,,No,Yes,,Yes,No,No,Yes,Yes,No
BrainTumor_07916.jpg,No,Yes,Yes,Yes,No,Yes,,No,No,Yes,No
BrainTumor_07917.jpg,,,No,,Yes,Yes,,Yes,Yes,Yes,
BrainTumor_07918.jpg,,No,Yes,,,Yes,No,Yes,Yes,No,
BrainTumor_07919.jpg,No,Yes,No,,Yes,,,No,No,,
BrainTumor_07920.jpg,No,No,No,No,No,No,No,,No,Yes,
BrainTumor_07921.jpg,Yes,,Yes,Yes,,Yes,No,,No,,Yes
BrainTumor_07922.jpg,,,No,,,No,,Yes,Yes,No,
BrainTumor_07923.jpg,No,,,,Yes,,No,,No,Yes,Yes
BrainTumor_07924.jpg,,No,Yes,,,Yes,,Yes,No,,
BrainTumor_07925.jpg,Yes,Yes,Yes,Yes,Yes,No,,Yes,Yes,No,No
BrainTumor_07926.jpg,No,No,Yes,No,No,,,Yes,No,,
BrainTumor_07927.jpg,Yes,,No,No,Yes,Yes,,,No,Yes,Yes
BrainTumor_07928.jpg,Yes,,,No,No,,Yes,Yes,Yes,No,No
BrainTumor_07929.jpg,Yes,No,Yes,,Yes,Yes,Yes,No,,,
BrainTumor_07930.jpg,,Yes,,,,Yes,,No,Yes,No,No
BrainTumor_07931.jpg,,,No,No,Yes,No,,,No,No,
BrainTumor_07932.jpg,,,No,Yes,No,No,Yes,No,,,No
BrainTumor_07933.jpg,,No,,Yes,Yes,,,No,Yes,,
BrainTumor_07934.jpg,No,No,No,Yes,No,,No,Yes,,Yes,No
BrainTumor_07935.jpg,No,No,Yes,,Yes,No,No,Yes,,,
BrainTumor_07936.jpg,Yes,,No,,,,No,,,Yes,No
BrainTumor_07937.jpg,,No,Yes,,,Yes,No,No,,No,
BrainTumor_07938.jpg,,No,,,,,No,No,Yes,No,No
BrainTumor_07939.jpg,No,No,,No,Yes,Yes,,Yes,Yes,No,
BrainTumor_07940.jpg,Yes,No,No,No,No,No,No,Yes,No,,
BrainTumor_07941.jpg,,No,Yes,No,,Yes,Yes,Yes,Yes,Yes,
BrainTumor_07942.jpg,,No,Yes,No,,,Yes,No,No,No,No
BrainTumor_07943.jpg,,No,No,Yes,,Yes,,,No,No,
BrainTumor_07944.jpg,Yes,,Yes,No,,Yes,Yes,Yes,,Yes,
BrainTumor_07945.jpg,Yes,Yes,Yes,Yes,No,No,Yes,Yes,Yes,,
BrainTumor_07946.jpg,,Yes,No,No,No,Yes,Yes,No,No,,No
BrainTumor_07947.jpg,,,,,,No,Yes,Yes,No,Yes,
BrainTumor_07948.jpg,,,,No,Yes,Yes,,No,,Yes,No
BrainTumor_07949.jpg,No,,,No,,No,,,,Yes,
BrainTumor_07950.jpg,,No,,Yes,No,No,No,Yes,No,,Yes
BrainTumor_07951.jpg,,No,No,,No,,,Yes,No,Yes,No
BrainTumor_07952.jpg,,,,,,,Yes,Yes,,No,No
BrainTumor_07953.jpg,,,,,Yes,No,No,,Yes,No,No
BrainTumor_07954.jpg,Yes,No,,,No,Yes,No,Yes,,,Yes
BrainTumor_07955.jpg,,No,Yes,Yes,Yes,Yes,Yes,,No,Yes,No
BrainTumor_07956.jpg,,Yes,,Yes,Yes,Yes,No,Yes,Yes,,No
BrainTumor_07957.jpg,,Yes,No,Yes,No,,No,Yes,,Yes,Yes
BrainTumor_07958.jpg,,,No,,,,Yes,,,,No
BrainTumor_07959.jpg,No,,,,Yes,Yes,No,No,Yes,No,
BrainTumor_07960.jpg,,,,,,Yes,Yes,Yes,No,No,
BrainTumor_07961.jpg,No,No,Yes,Yes,Yes,No,Yes,,Yes,Yes,No
BrainTumor_07962.jpg,Yes,,,No,Yes,,,No,,No,
BrainTumor_07963.jpg,No,Yes,No,,No,,No,,Yes,,
BrainTumor_07964.jpg,Yes,,Yes,Yes,Yes,Yes,Yes,No,No,,
BrainTumor_07965.jpg,Yes,No,No,No,Yes,Yes,No,No,,,Yes
BrainTumor_07966.jpg,No,,No,Yes,No,Yes,No,No,,No,Yes
BrainTumor_07967.jpg,Yes,Yes,No,No,Yes,No,No,No,Yes,Yes,Yes
BrainTumor_07968.jpg,No,,,,,No,No,,No,Yes,Yes
BrainTumor_07969.jpg,,Yes,Yes,No,Yes,Yes,Yes,,Yes,No,No
BrainTumor_07970.jpg,Yes,No,,Yes,,Yes,,Yes,,No,
BrainTumor_07971.jpg,No,,No,,Yes,No,,No,Yes,No,Yes
BrainTumor_07972.jpg,No,,No,No,Yes,,,Yes,,,No
BrainTumor_07973.jpg,,No,No,,,Yes,No,No,,,No
BrainTumor_07974.jpg,,Yes,,No,No,Yes,Yes,Yes,Yes,No,No
BrainTumor_07975.jpg,No,,No,,No,,,Yes,,No,Yes
BrainTumor_07976.jpg,Yes,No,No,,,Yes,Yes,Yes,Yes,,Yes
BrainTumor_07977.jpg,,Yes,Yes,No,No,Yes,No,,,Yes,Yes
BrainTumor_07978.jpg,No,,,Yes,Yes,Yes,Yes,No,,,Yes
BrainTumor_07979.jpg,Yes,No,Yes,Yes,,,Yes,No,Yes,No,No
BrainTumor_07980.jpg,Yes,No,No,Yes,,No,No,Yes,Yes,No,
BrainTumor_07981.jpg,No,No,No,No,,No,,Yes,Yes,,
BrainTumor_07982.jpg,Yes,Yes,Yes,,,,Yes,Yes,,No,Yes
BrainTumor_07983.jpg,Yes,,,Yes,No,No,,No,No,,
BrainTumor_07984.jpg,,,No,No,No,Yes,No,Yes,,Yes,
BrainTumor_07985.jpg,Yes,Yes,No,Yes,No,Yes,Yes,Yes,,,No
BrainTumor_07986.jpg,No,Yes,No,Yes,No,Yes,,,No,Yes,No
BrainTumor_07987.jpg,Yes,Yes,,,Yes,,Yes,No,No,,
BrainTumor_07988.jpg,Yes,,,,No,Yes,Yes,No,No,No,
BrainTumor_07989.jpg,No,No,No,,,No,No,Yes,No,,Yes
BrainTumor_07990.jpg,,Yes,No,Yes,Yes,Yes,,No,No,No,Yes
BrainTumor_07991.jpg,,,Yes,No,,,Yes,No,No,,No
BrainTumor_07992.jpg,,Yes,,Yes,Yes,Yes,,No,No,,No
BrainTumor_07993.jpg,No,No,No,No,Yes,Yes,Yes,No,No,,No
BrainTumor_07994.jpg,No,No,Yes,No,Yes,Yes,No,,,No,Yes
BrainTumor_07995.jpg,No,No,No,No,No,Yes,,,,No,Yes
BrainTumor_07996.jpg,No,No,Yes,No,No,,No,Yes,Yes,Yes,Yes
BrainTumor_07997.jpg,Yes,No,No,No,Yes,,No,Yes,Yes,No,No
BrainTumor_07998.jpg,No,,No,No,,Yes,,Yes,Yes,No,Yes
BrainTumor_07999.jpg,,No,Yes,Yes,No,Yes,No,No,,No,Yes
BrainTumor_08000.jpg,No,,Yes,Yes,No,Yes,Yes,,No,Yes,No
BrainTumor_08001.jpg,Yes,Yes,No,No,Yes,Yes,No,,Yes,Yes,Yes
BrainTumor_08002.jpg,Yes,No,,,,Yes,Yes,,No,Yes,No
BrainTumor_08003.jpg,,No,Yes,No,,No,No,No,No,Yes,Yes
BrainTumor_08004.jpg,No,Yes,No,No,No,No,No,Yes,Yes,,No
BrainTumor_08005.jpg,No,No,No,Yes,No,No,,No,No,,No
BrainTumor_08006.jpg,Yes,Yes,,No,,No,Yes,Yes,,No,Yes
BrainTumor_08007.jpg,Yes,No,No,No,,,Yes,Yes,No,No,Yes
BrainTumor_08008.jpg,,No,Yes,Yes,Yes,No,,Yes,,Yes,Yes
BrainTumor_08009.jpg,No,No,Yes,Yes,Yes,No,No,,No,Yes,Yes
BrainTumor_08010.jpg,,,,,No,,No,Yes,No,Yes,
BrainTumor_08011.jpg,Yes,Yes,No,Yes,,,No,No,No,Yes,
BrainTumor_08012.jpg,Yes,No,No,No,No,,,Yes,Yes,No,Yes
BrainTumor_08013.jpg,No,Yes,No,,Yes,No,,,Yes,,
BrainTumor_08014.jpg,,Yes,Yes,,No,No,No,,,No,
BrainTumor_08015.jpg,,,No,Yes,Yes,Yes,,Yes,Yes,,No
BrainTumor_08016.jpg,Yes,Yes,Yes,,No,No,,No,,Yes,Yes
BrainTumor_08017.jpg,No,No,Yes,,No,Yes,,,,No,
BrainTumor_08018.jpg,No,Yes,No,,Yes,Yes,Yes,,,No,Yes
BrainTumor_08019.jpg,No,No,Yes,No,No,Yes,Yes,,,Yes,Yes
BrainTumor_08020.jpg,Yes,Yes,,Yes,Yes,,,Yes,Yes,,No
BrainTumor_08021.jpg,,,,Yes,,No,Yes,,,,Yes
BrainTumor_08022.jpg,Yes,Yes,Yes,Yes,,Yes,,,Yes,No,Yes
BrainTumor_08023.jpg,No,,Yes,Yes,No,Yes,Yes,No,Yes,,
BrainTumor_08024.jpg,Yes,,,,No,,,,No,No,Yes
BrainTumor_08025.jpg,,Yes,No,,Yes,Yes,,Yes,Yes,Yes,
BrainTumor_08026.jpg,No,,Yes,No,Yes,,Yes,No,No,,No
BrainTumor_08027.jpg,Yes,Yes,No,Yes,,Yes,No,,No,No,No
BrainTumor_08028.jpg,,,No,No,,,No,,Yes,No,No
BrainTumor_08029.jpg,,No,Yes,,,No,,No,,No,Yes
BrainTumor_08030.jpg,,No,Yes,Yes,Yes,No,,,,No,
BrainTumor_08031.jpg,Yes,,,No,,Yes,Yes,,No,,
BrainTumor_08032.jpg,Yes,Yes,,Yes,Yes,,No,,Yes,Yes,Yes
BrainTumor_08033.jpg,,No,No,,No,,No,,Yes,,
BrainTumor_08034.jpg,No,No,Yes,,Yes,No,No,,No,No,
BrainTumor_08035.jpg,Yes,Yes,Yes,,No,Yes,,Yes,,,
BrainTumor_08036.jpg,No,Yes,No,,No,Yes,,,Yes,No,
BrainTumor_08037.jpg,,No,Yes,,,No,Yes,,Yes,,No
BrainTumor_08038.jpg,Yes,,Yes,No,No,Yes,No,Yes,,No,
BrainTumor_08039.jpg,No,Yes,Yes,Yes,No,,,,No,,No
BrainTumor_08040.jpg,,,,Yes,,No,,Yes,Yes,No,Yes
BrainTumor_08041.jpg,,Yes,No,No,Yes,No,Yes,,No,Yes,No
BrainTumor_08042.jpg,,,Yes,,,Yes,,Yes,Yes,,Yes
BrainTumor_08043.jpg,,Yes,No,No,No,,,Yes,No,No,No
BrainTumor_08044.jpg,No,No,,No,Yes,,No,No,,No,Yes
BrainTumor_08045.jpg,Yes,Yes,,,No,,,,No,Yes,Yes
BrainTumor_08046.jpg,No,,No,,Yes,,No,Yes,,No,No
BrainTumor_08047.jpg,Yes,Yes,Yes,No,Yes,No,No,,No,No,Yes
BrainTumor_08048.jpg,Yes,,No,Yes,,Yes,No,No,No,,
BrainTumor_08049.jpg,,,,,No,Yes,No,No,No,Yes,
BrainTumor_08050.jpg,No,,No,No,No,,No,Yes,,No,
BrainTumor_08051.jpg,Yes,Yes,No,,No,Yes,,,No,No,
BrainTumor_08052.jpg,,No,No,,,,No,Yes,Yes,No,No
BrainTumor_08053.jpg,,,Yes,Yes,,No,Yes,No,No,Yes,Yes
BrainTumor_08054.jpg,Yes,Yes,No,,Yes,No,Yes,Yes,No,,
BrainTumor_08055.jpg,Yes,Yes,Yes,No,,Yes,,No,Yes,No,
BrainTumor_08056.jpg,Yes,,,Yes,No,Yes,No,Yes,No,,No
BrainTumor_08057.jpg,No,No,No,,No,,,No,Yes,No,Yes
BrainTumor_08058.jpg,,,No,No,No,Yes,Yes,No,,No,Yes
BrainTumor_08059.jpg,No,,Yes,Yes,No,,,No,No,Yes,No
BrainTumor_08060.jpg,No,No,No,No,No,,No,Yes,No,Yes,No
BrainTumor_08061.jpg,,No,No,,,No,No,,No,,
BrainTumor_08062.jpg,No,Yes,,,No,,No,No,No,Yes,
BrainTumor_08063.jpg,Yes,No,No,No,No,No,,No,No,No,No
BrainTumor_08064.jpg,Yes,Yes,,No,No,Yes,No,No,No,No,
BrainTumor_08065.jpg,No,Yes,Yes,Yes,No,,No,Yes,No,,
BrainTumor_08066.jpg,No,Yes,No,No,,No,Yes,,,No,No
BrainTumor_08067.jpg,Yes,No,Yes,No,Yes,,,,Yes,,
BrainTumor_08068.jpg,Yes,Yes,Yes,No,No,,,Yes,Yes,Yes,Yes
BrainTumor_08069.jpg,Yes,Yes,No,,Yes,No,No,No,No,No,No
BrainTumor_08070.jpg,,No,,Yes,No,No,Yes,Yes,No,,
BrainTumor_08071.jpg,,Yes,,Yes,Yes,,No,Yes,No,No,No
BrainTumor_08072.jpg,,Yes,Yes,Yes,Yes,No,No,Yes,No,,Yes
BrainTumor_08073.jpg,Yes,,,,No,No,No,Yes,Yes,Yes,
BrainTumor_08074.jpg,No,Yes,No,No,Yes,Yes,,,,Yes,No
BrainTumor_08075.jpg,Yes,Yes,,No,,,,Yes,Yes,No,No
BrainTumor_08076.jpg,,,Yes,No,No,,,No,No,Yes,No
BrainTumor_08077.jpg,No,No,,No,Yes,Yes,,Yes,Yes,No,Yes
BrainTumor_08078.jpg,Yes,,Yes,Yes,,,Yes,Yes,Yes,No,No
BrainTumor_08079.jpg,No,No,Yes,,No,No,No,No,Yes,,
BrainTumor_08080.jpg,Yes,,No,,No,Yes,Yes,No,,Yes,Yes
BrainTumor_08081.jpg,,Yes,No,Yes,Yes,No,,No,No,Yes,No
BrainTumor_08082.jpg,No,,Yes,,,No,,,No,,Yes
BrainTumor_08083.jpg,No,No,,No,Yes,,,No,No,,No
BrainTumor_08084.jpg,,Yes,,No,Yes,No,,Yes,Yes,,
BrainTumor_08085.jpg,,Yes,,Yes,Yes,Yes,Yes,No,Yes,Yes,Yes
BrainTumor_08086.jpg,No,,Yes,No,,No,No,,,,No
BrainTumor_08087.jpg,,,,,,,Yes,No,Yes,Yes,No
BrainTumor_08088.jpg,Yes,Yes,,Yes,,,Yes,No,,No,Yes
BrainTumor_08089.jpg,No,,,Yes,Yes,,Yes,Yes,,Yes,Yes
BrainTumor_08090.jpg,Yes,Yes,Yes,No,Yes,,No,No,No,Yes,Yes
BrainTumor_08091.jpg,Yes,,No,Yes,,No,,No,Yes,,No
BrainTumor_08092.jpg,Yes,No,,Yes,Yes,Yes,No,,Yes,,Yes
BrainTumor_08093.jpg,,,,Yes,No,,Yes,,,Yes,
BrainTumor_08094.jpg,,Yes,,Yes,Yes,,Yes,,No,No,No
BrainTumor_08095.jpg,Yes,,,Yes,No,,Yes,No,,Yes,
BrainTumor_08096.jpg,Yes,No,,,,Yes,No,No,Yes,,
BrainTumor_08097.jpg,No,Yes,Yes,Yes,,No,Yes,No,Yes,No,
BrainTumor_08098.jpg,,Yes,Yes,No,No,Yes,,,No,Yes,Yes
BrainTumor_08099.jpg,No,,,,Yes,Yes,,Yes,No,No,
BrainTumor_08100.jpg,Yes,Yes,No,Yes,Yes,Yes,,,No,,
BrainTumor_08101.jpg,,No,No,No,,,No,No,No,Yes,
BrainTumor_08102.jpg,,No,No,No,No,,Yes,No,Yes,No,No
BrainTumor_08103.jpg,Yes,No,,,No,Yes,Yes,No,Yes,No,
BrainTumor_08104.jpg,Yes,No,No,Yes,,No,Yes,Yes,No,,No
BrainTumor_08105.jpg,Yes,Yes,,Yes,,,Yes,,,No,No
BrainTumor_08106.jpg,,,,Yes,,No,Yes,Yes,,Yes,
BrainTumor_08107.jpg,Yes,,No,,No,Yes,Yes,,,,
BrainTumor_08108.jpg,No,,Yes,Yes,,No,Yes,No,Yes,,
BrainTumor_08109.jpg,Yes,Yes,Yes,No,,Yes,No,No,No,,
BrainTumor_08110.jpg,,No,,,,No,No,No,No,,No
BrainTumor_08111.jpg,,No,No,No,No,No,Yes,Yes,Yes,Yes,Yes
BrainTumor_08112.jpg,No,,,No,,No,,No,,,No
BrainTumor_08113.jpg,,Yes,Yes,No,,,Yes,No,,No,
BrainTumor_08114.jpg,,Yes,No,No,No,Yes,No,,Yes,,No
BrainTumor_08115.jpg,Yes,,Yes,No,,,Yes,,,Yes,Yes
BrainTumor_08116.jpg,,Yes,Yes,Yes,No,No,No,No,,,No
BrainTumor_08117.jpg,,Yes,,Yes,,,Yes,No,Yes,No,
BrainTumor_08118.jpg,,Yes,,Yes,Yes,No,,Yes,No,No,No
BrainTumor_08119.jpg,No,,No,,No,No,No,No,,Yes,
BrainTumor_08120.jpg,No,,Yes,No,,Yes,No,Yes,,Yes,
BrainTumor_08121.jpg,Yes,,Yes,Yes,Yes,No,,,Yes,,
BrainTumor_08122.jpg,,,,Yes,,Yes,No,,Yes,No,Yes
BrainTumor_08123.jpg,,Yes,No,Yes,Yes,No,No,,No,Yes,No
BrainTumor_08124.jpg,Yes,No,No,Yes,,,Yes,No,Yes,No,No
BrainTumor_08125.jpg,,,No,Yes,,,Yes,Yes,Yes,No,Yes
BrainTumor_08126.jpg,,Yes,No,,,No,Yes,,No,,No
BrainTumor_08127.jpg,,,Yes,,,,Yes,Yes,,No,No
BrainTumor_08128.jpg,,No,No,No,Yes,No,Yes,Yes,No,No,
BrainTumor_08129.jpg,,Yes,No,Yes,Yes,,No,,No,,Yes
BrainTumor_08130.jpg,No,Yes,,Yes,,Yes,Yes,Yes,,No,No
BrainTumor_08131.jpg,Yes,No,Yes,No,,Yes,No,,No,Yes,No
BrainTumor_08132.jpg,,,No,,Yes,No,,,No,Yes,No
BrainTumor_08133.jpg,,,No,Yes,No,,,Yes,,Yes,Yes
BrainTumor_08134.jpg,,,Yes,No,No,No,,Yes,Yes,Yes,No
BrainTumor_08135.jpg,No,,Yes,,No,Yes,,No,Yes,,
BrainTumor_08136.jpg,No,Yes,Yes,Yes,Yes,Yes,No,,,Yes,
BrainTumor_08137.jpg,No,No,Yes,,No,,,No,No,Yes,
BrainTumor_08138.jpg,Yes,No,,No,No,Yes,No,No,Yes,,
BrainTumor_08139.jpg,No,Yes,Yes,Yes,Yes,,,,,Yes,No
BrainTumor_08140.jpg,,,No,No,Yes,No,,Yes,No,No,No
BrainTumor_08141.jpg,Yes,No,No,,No,Yes,Yes,,No,No,
BrainTumor_08142.jpg,,No,,Yes,,,,,,No,No
BrainTumor_08143.jpg,,No,,Yes,Yes,No,,,No,Yes,Yes
BrainTumor_08144.jpg,No,No,No,No,,Yes,Yes,,Yes,Yes,No
BrainTumor_08145.jpg,No,,No,,Yes,No,Yes,Yes,Yes,No,No
BrainTumor_08146.jpg,,,,,,,No,Yes,Yes,Yes,
BrainTumor_08147.jpg,,,,Yes,Yes,Yes,Yes,,,No,
BrainTumor_08148.jpg,,Yes,No,Yes,Yes,No,,No,,Yes,
BrainTumor_08149.jpg,,No,,No,,No,Yes,,No,Yes,
BrainTumor_08150.jpg,,,,No,,,,No,,No,Yes
BrainTumor_08151.jpg,Yes,,,Yes,No,,,No,No,,No
BrainTumor_08152.jpg,Yes,,No,No,No,No,No,,No,Yes,No
BrainTumor_08153.jpg,,,Yes,No,,Yes,Yes,Yes,Yes,Yes,
BrainTumor_08154.jpg,Yes,No,,No,Yes,,Yes,Yes,,No,No
BrainTumor_08155.jpg,No,,,Yes,Yes,Yes,No,Yes,No,No,Yes
BrainTumor_08156.jpg,,Yes,Yes,,Yes,,Yes,,Yes,,No
BrainTumor_08157.jpg,Yes,,Yes,,,,Yes,Yes,Yes,,No
BrainTumor_08158.jpg,Yes,,No,No,,Yes,,Yes,No,No,
BrainTumor_08159.jpg,Yes,No,No,Yes,Yes,No,,,,No,No
BrainTumor_08160.jpg,,,No,Yes,Yes,No,No,,,No,No
BrainTumor_08161.jpg,,,,,,Yes,No,No,No,Yes,Yes
BrainTumor_08162.jpg,,,Yes,,No,,Yes,,Yes,No,No
BrainTumor_08163.jpg,Yes,,Yes,Yes,Yes,No,No,,Yes,No,
BrainTumor_08164.jpg,No,,No,No,,No,Yes,,No,No,Yes
BrainTumor_08165.jpg,,No,,Yes,Yes,No,No,No,,Yes,No
BrainTumor_08166.jpg,,Yes,Yes,Yes,No,Yes,No,Yes,Yes,No,Yes
BrainTumor_08167.jpg,No,Yes,,No,,Yes,,Yes,No,No,Yes
BrainTumor_08168.jpg,,Yes,No,No,No,,No,No,No,Yes,No
BrainTumor_08169.jpg,Yes,Yes,Yes,No,,Yes,No,Yes,,No,No
BrainTumor_08170.jpg,,No,No,Yes,Yes,Yes,No,,No,Yes,
BrainTumor_08171.jpg,Yes,,No,Yes,No,,Yes,No,Yes,,Yes
BrainTumor_08172.jpg,Yes,Yes,No,,No,No,,No,Yes,No,
BrainTumor_08173.jpg,No,No,,,Yes,,,Yes,No,,No
BrainTumor_08174.jpg,Yes,No,Yes,Yes,,Yes,No,,No,No,
BrainTumor_08175.jpg,No,,Yes,No,,No,Yes,,Yes,Yes,No
BrainTumor_08176.jpg,Yes,Yes,Yes,,No,No,,No,,No,Yes
BrainTumor_08177.jpg,,No,Yes,No,,Yes,No,Yes,No,No,
BrainTumor_08178.jpg,Yes,Yes,No,,No,Yes,Yes,,,No,
BrainTumor_08179.jpg,Yes,,No,,,No,No,No,Yes,Yes,Yes
BrainTumor_08180.jpg,Yes,Yes,No,Yes,,,Yes,No,,,Yes
BrainTumor_08181.jpg,,,,No,,Yes,No,,Yes,Yes,
BrainTumor_08182.jpg,No,,,No,,,Yes,Yes,,,No
BrainTumor_08183.jpg,No,,Yes,Yes,,No,Yes,No,,,No
BrainTumor_08184.jpg,No,,Yes,Yes,No,No,Yes,,No,Yes,No
BrainTumor_08185.jpg,,No,No,No,,Yes,Yes,No,Yes,No,
BrainTumor_08186.jpg,No,Yes,No,Yes,,,Yes,,No,,
BrainTumor_08187.jpg,Yes,Yes,,No,,,,No,No,No,
BrainTumor_08188.jpg,,Yes,Yes,No,No,Yes,No,No,No,Yes,No
BrainTumor_08189.jpg,No,No,,Yes,No,,No,,,No,Yes
BrainTumor_08190.jpg,Yes,,,Yes,No,No,,Yes,No,,
BrainTumor_08191.jpg,No,No,Yes,,Yes,,No,No,No,Yes,No
BrainTumor_08192.jpg,No,Yes,No,,,,Yes,No,,,Yes
BrainTumor_08193.jpg,No,Yes,Yes,Yes,No,,No,,Yes,,
BrainTumor_08194.jpg,No,,,,No,Yes,,Yes,No,,Yes
BrainTumor_08195.jpg,,Yes,Yes,,No,Yes,No,Yes,Yes,,Yes
BrainTumor_08196.jpg,No,,No,No,No,No,No,Yes,,,
BrainTumor_08197.jpg,No,No,,No,Yes,No,,Yes,,,
BrainTumor_08198.jpg,No,,,No,No,,Yes,,No,,No
BrainTumor_08199.jpg,Yes,Yes,,,Yes,No,No,,No,,No
BrainTumor_08200.jpg,Yes,Yes,Yes,No,Yes,No,Yes,,,Yes,Yes
BrainTumor_08201.jpg,,,,Yes,Yes,Yes,Yes,,No,No,No
BrainTumor_08202.jpg,,No,Yes,Yes,,Yes,Yes,Yes,No,No,No
BrainTumor_08203.jpg,No,,Yes,Yes,Yes,,Yes,,No,Yes,
BrainTumor_08204.jpg,,No,,No,Yes,,Yes,Yes,Yes,,
BrainTumor_08205.jpg,No,Yes,,No,Yes,Yes,No,Yes,,,No
BrainTumor_08206.jpg,No,,Yes,Yes,,,Yes,Yes,,No,No
BrainTumor_08207.jpg,No,,,,Yes,,Yes,,,Yes,No
BrainTumor_08208.jpg,Yes,Yes,No,Yes,No,,Yes,,,,No
BrainTumor_08209.jpg,,,No,,Yes,,No,Yes,,,No
BrainTumor_08210.jpg,,Yes,No,Yes,No,Yes,No,Yes,Yes,Yes,No
BrainTumor_08211.jpg,No,No,,Yes,,,Yes,,No,Yes,
BrainTumor_08212.jpg,,,,Yes,Yes,Yes,Yes,Yes,,Yes,Yes
BrainTumor_08213.jpg,No,No,Yes,Yes,No,No,,Yes,No,Yes,Yes
BrainTumor_08214.jpg,Yes,No,No,,No,,,Yes,,No,
BrainTumor_08215.jpg,Yes,No,No,No,No,No,,,No,No,Yes
BrainTumor_08216.jpg,Yes,No,No,No,,,No,Yes,,Yes,
BrainTumor_08217.jpg,,,,,No,,No,,Yes,Yes,
BrainTumor_08218.jpg,,,Yes,Yes,,No,No,Yes,No,,No
BrainTumor_08219.jpg,Yes,Yes,No,No,Yes,,No,,Yes,Yes,
BrainTumor_08220.jpg,No,No,,No,Yes,,,Yes,No,Yes,No
BrainTumor_08221.jpg,Yes,No,Yes,,Yes,,Yes,Yes,,Yes,
BrainTumor_08222.jpg,Yes,No,Yes,,Yes,,Yes,Yes,Yes,Yes,
BrainTumor_08223.jpg,Yes,Yes,No,No,,Yes,Yes,No,,Yes,No
BrainTumor_08224.jpg,,Yes,No,,,,,,No,Yes,No
BrainTumor_08225.jpg,No,Yes,Yes,,Yes,Yes,,No,Yes,No,Yes
BrainTumor_08226.jpg,Yes,,,,No,No,Yes,,,No,No
BrainTumor_08227.jpg,,No,Yes,,,No,No,No,Yes,No,No
BrainTumor_08228.jpg,Yes,Yes,Yes,,Yes,No,Yes,Yes,Yes,,Yes
BrainTumor_08229.jpg,Yes,,,Yes,Yes,Yes,No,No,,,Yes
BrainTumor_08230.jpg,,Yes,No,No,,No,Yes,No,Yes,No,
BrainTumor_08231.jpg,,,,,No,,No,Yes,Yes,,Yes
BrainTumor_08232.jpg,Yes,Yes,Yes,,Yes,No,,Yes,Yes,,No
BrainTumor_08233.jpg,No,No,No,,,No,No,Yes,,No,No
BrainTumor_08234.jpg,No,,,,No,No,,No,,Yes,
BrainTumor_08235.jpg,No,Yes,Yes,No,No,Yes,,,Yes,,Yes
BrainTumor_08236.jpg,,Yes,Yes,,,No,,Yes,Yes,No,No
BrainTumor_08237.jpg,No,No,No,Yes,Yes,No,No,No,,No,No
BrainTumor_08238.jpg,,,No,Yes,Yes,No,No,No,,No,Yes
BrainTumor_08239.jpg,Yes,Yes,,No,Yes,No,Yes,,No,,No
BrainTumor_08240.jpg,No,Yes,No,,Yes,,Yes,,No,Yes,No
BrainTumor_08241.jpg,Yes,,No,No,No,,,No,,Yes,Yes
BrainTumor_08242.jpg,,No,Yes,Yes,No,,No,,No,No,
BrainTumor_08243.jpg,No,Yes,No,Yes,,,Yes,,Yes,Yes,Yes
BrainTumor_08244.jpg,Yes,No,No,,No,No,,,Yes,,No
BrainTumor_08245.jpg,,No,,,Yes,,,No,,,
BrainTumor_08246.jpg,No,No,No,,Yes,No,Yes,No,Yes,,
BrainTumor_08247.jpg,Yes,No,No,Yes,No,Yes,Yes,,,No,
BrainTumor_08248.jpg,No,No,Yes,No,No,,No,,Yes,No,
BrainTumor_08249.jpg,,,No,,,No,Yes,,No,,
BrainTumor_08250.jpg,Yes,No,Yes,,No,Yes,No,Yes,Yes,,No
BrainTumor_08251.jpg,,Yes,No,Yes,,,Yes,No,,No,Yes
BrainTumor_08252.jpg,,,,Yes,,Yes,,,,No,Yes
BrainTumor_08253.jpg,,,,Yes,No,,,Yes,No,,Yes
BrainTumor_08254.jpg,No,Yes,Yes,,,No,,No,No,No,Yes
BrainTumor_08255.jpg,,Yes,,No,,,No,Yes,Yes,No,No
BrainTumor_08256.jpg,No,,No,Yes,No,No,Yes,No,No,No,No
BrainTumor_08257.jpg,,No,,No,No,No,Yes,No,,,No
BrainTumor_08258.jpg,,No,No,No,No,No,Yes,No,Yes,Yes,
BrainTumor_08259.jpg,,No,,No,Yes,Yes,,,,Yes,No
BrainTumor_08260.jpg,,,Yes,,No,No,No,Yes,No,No,
BrainTumor_08261.jpg,No,Yes,No,,No,No,No,Yes,Yes,Yes,Yes
BrainTumor_08262.jpg,No,Yes,,No,,Yes,Yes,Yes,No,Yes,Yes
BrainTumor_08263.jpg,Yes,,,Yes,Yes,Yes,No,,Yes,No,Yes
BrainTumor_08264.jpg,No,,,,,No,,No,No,Yes,
BrainTumor_08265.jpg,No,,No,,,,Yes,,No,Yes,No
BrainTumor_08266.jpg,Yes,,,,,,,Yes,Yes,No,
BrainTumor_08267.jpg,No,No,,Yes,,No,No,No,Yes,,No
BrainTumor_08268.jpg,Yes,No,Yes,,Yes,Yes,No,,No,Yes,
BrainTumor_08269.jpg,,,No,Yes,Yes,,Yes,No,No,No,
BrainTumor_08270.jpg,,Yes,No,,Yes,No,No,No,Yes,Yes,Yes
BrainTumor_08271.jpg,Yes,,Yes,No,No,No,,,,No,Yes
BrainTumor_08272.jpg,No,Yes,Yes,No,No,,Yes,No,Yes,No,No
BrainTumor_08273.jpg,Yes,Yes,No,Yes,,,,Yes,,Yes,Yes
BrainTumor_08274.jpg,No,,No,No,No,Yes,,,No,,
BrainTumor_08275.jpg,,No,No,,,,No,,Yes,No,No
BrainTumor_08276.jpg,,,Yes,Yes,,Yes,No,,,,
BrainTumor_08277.jpg,,No,Yes,Yes,,Yes,,No,,No,Yes
BrainTumor_08278.jpg,,,No,No,,Yes,Yes,Yes,No,Yes,Yes
BrainTumor_08279.jpg,,Yes,Yes,No,Yes,No,,No,Yes,No,No
BrainTumor_08280.jpg,No,,Yes,Yes,No,No,No,No,No,No,Yes
BrainTumor_08281.jpg,,Yes,,Yes,No,,,No,Yes,No,
BrainTumor_08282.jpg,Yes,Yes,,No,Yes,Yes,Yes,No,Yes,,No
BrainTumor_08283.jpg,No,Yes,,No,No,Yes,,Yes,Yes,No,
BrainTumor_08284.jpg,Yes,No,,No,Yes,,No,,,No,
BrainTumor_08285.jpg,,Yes,,,No,No,No,,Yes,No,No
BrainTumor_08286.jpg,,No,Yes,,No,No,,,,Yes,
BrainTumor_08287.jpg,,Yes,Yes,,Yes,Yes,,Yes,Yes,No,
BrainTumor_08288.jpg,No,Yes,No,,No,No,Yes,No,No,,No
BrainTumor_08289.jpg,Yes,No,,No,No,,Yes,,,No,Yes
BrainTumor_08290.jpg,,No,Yes,Yes,No,,Yes,No,No,Yes,Yes
BrainTumor_08291.jpg,Yes,No,,,,,Yes,,,No,
BrainTumor_08292.jpg,,No,Yes,Yes,,No,Yes,,No,No,Yes
BrainTumor_08293.jpg,No,No,No,,,Yes,No,No,No,,No
BrainTumor_08294.jpg,No,,No,No,No,No,No,Yes,,,Yes
BrainTumor_08295.jpg,,Yes,Yes,No,,Yes,,Yes,Yes,No,
BrainTumor_08296.jpg,No,No,,Yes,No,No,,No,No,,Yes
BrainTumor_08297.jpg,Yes,,No,No,No,,Yes,,Yes,Yes,
BrainTumor_08298.jpg,Yes,No,Yes,Yes,Yes,,No,,Yes,No,Yes
BrainTumor_08299.jpg,Yes,No,No,Yes,No,Yes,,,,No,
BrainTumor_08300.jpg,No,No,,Yes,No,Yes,Yes,Yes,Yes,Yes,No
BrainTumor_08301.jpg,Yes,No,Yes,No,,No,,Yes,,No,No
BrainTumor_08302.jpg,,,Yes,Yes,,No,,,Yes,,
BrainTumor_08303.jpg,Yes,Yes,,,,,Yes,Yes,Yes,Yes,No
BrainTumor_08304.jpg,,Yes,Yes,No,Yes,No,Yes,,No,,
BrainTumor_08305.jpg,No,No,No,,No,,Yes,Yes,Yes,,Yes
BrainTumor_08306.jpg,,No,No,,No,,,,No,,
BrainTumor_08307.jpg,No,Yes,,Yes,,Yes,,No,Yes,,No
BrainTumor_08308.jpg,Yes,Yes,No,No,,No,Yes,,Yes,No,No
BrainTumor_08309.jpg,Yes,No,No,,No,,Yes,,,No,No
BrainTumor_08310.jpg,,Yes,Yes,,,,No,No,No,Yes,Yes
BrainTumor_08311.jpg,Yes,No,No,Yes,Yes,Yes,No,,,,No
BrainTumor_08312.jpg,,No,,Yes,Yes,,,,,No,No
BrainTumor_08313.jpg,Yes,Yes,Yes,Yes,No,,Yes,,,Yes,
BrainTumor_08314.jpg,No,No,No,No,No,,No,Yes,No,Yes,No
BrainTumor_08315.jpg,Yes,Yes,,No,,No,No,No,No,Yes,
BrainTumor_08316.jpg,,Yes,No,No,No,Yes,,,Yes,No,Yes
BrainTumor_08317.jpg,No,,Yes,Yes,No,,Yes,Yes,No,,No
BrainTumor_08318.jpg,Yes,Yes,,Yes,,,No,,No,No,
BrainTumor_08319.jpg,Yes,Yes,,Yes,,Yes,No,,Yes,Yes,
BrainTumor_08320.jpg,Yes,,,,Yes,No,,No,,No,Yes
BrainTumor_08321.jpg,,,Yes,No,No,Yes,No,No,No,Yes,
BrainTumor_08322.jpg,,,No,No,,Yes,No,,Yes,,
BrainTumor_08323.jpg,Yes,Yes,,Yes,Yes,No,No,No,,No,Yes
BrainTumor_08324.jpg,Yes,No,Yes,Yes,No,Yes,,No,No,Yes,
BrainTumor_08325.jpg,No,No,,Yes,No,,Yes,Yes,No,,Yes
BrainTumor_08326.jpg,No,No,No,No,,,No,Yes,No,Yes,
BrainTumor_08327.jpg,No,,,,Yes,Yes,,,No,No,
BrainTumor_08328.jpg,Yes,No,,No,No,,No,No,,No,Yes
BrainTumor_08329.jpg,No,,Yes,,Yes,,No,No,Yes,Yes,No
BrainTumor_08330.jpg,Yes,Yes,,Yes,No,,No,No,No,Yes,
BrainTumor_08331.jpg,No,No,Yes,,,No,No,Yes,No,,
BrainTumor_08332.jpg,,No,Yes,No,No,Yes,,Yes,,Yes,
BrainTumor_08333.jpg,,Yes,No,,,No,Yes,No,No,No,Yes
BrainTumor_08334.jpg,Yes,No,No,Yes,,No,,,No,Yes,Yes
BrainTumor_08335.jpg,No,,Yes,No,,,Yes,,No,No,No
BrainTumor_08336.jpg,No,,,No,,,No,No,,,
BrainTumor_08337.jpg,Yes,No,No,No,Yes,No,Yes,No,Yes,,Yes
BrainTumor_08338.jpg,No,No,No,,Yes,Yes,,Yes,,,No
BrainTumor_08339.jpg,,,,No,Yes,No,,Yes,No,,No
BrainTumor_08340.jpg,No,Yes,Yes,No,Yes,Yes,Yes,Yes,No,,Yes
BrainTumor_08341.jpg,No,,Yes,No,Yes,,No,No,,No,
BrainTumor_08342.jpg,Yes,No,,,Yes,No,No,No,,,Yes
BrainTumor_08343.jpg,,,,,No,,No,Yes,Yes,No,Yes
BrainTumor_08344.jpg,No,Yes,No,Yes,,Yes,No,Yes,No,,Yes
BrainTumor_08345.jpg,Yes,No,No,No,,Yes,Yes,Yes,Yes,No,Yes
BrainTumor_08346.jpg,No,,,,Yes,Yes,Yes,,Yes,Yes,No
BrainTumor_08347.jpg,,No,Yes,No,Yes,,Yes,,No,No,Yes
BrainTumor_08348.jpg,No,No,No,,Yes,Yes,Yes,Yes,No,,Yes
BrainTumor_08349.jpg,Yes,No,,Yes,Yes,,Yes,Yes,,Yes,No
BrainTumor_08350.jpg,,Yes,No,No,Yes,No,,No,Yes,,Yes
BrainTumor_08351.jpg,No,Yes,No,No,,Yes,,No,Yes,,No
BrainTumor_08352.jpg,No,No,No,No,,No,No,,No,No,No
BrainTumor_08353.jpg,Yes,No,Yes,No,No,,No,,No,Yes,No
BrainTumor_08354.jpg,,,,Yes,No,No,No,,No,No,Yes
BrainTumor_08355.jpg,No,Yes,Yes,,Yes,Yes,Yes,Yes,,,
BrainTumor_08356.jpg,,No,No,Yes,No,Yes,Yes,No,,No,Yes
BrainTumor_08357.jpg,,,No,No,Yes,No,Yes,No,Yes,,
BrainTumor_08358.jpg,No,No,No,Yes,Yes,No,,No,,No,
BrainTumor_08359.jpg,No,Yes,,Yes,No,Yes,Yes,Yes,No,Yes,
BrainTumor_08360.jpg,Yes,No,No,No,Yes,Yes,,No,,Yes,No
BrainTumor_08361.jpg,No,,Yes,No,No,,No,No,,No,No
BrainTumor_08362.jpg,No,Yes,No,Yes,Yes,,,No,No,Yes,No
BrainTumor_08363.jpg,No,,No,No,,,No,,No,,Yes
BrainTumor_08364.jpg,No,,Yes,Yes,Yes,Yes,No,,,,Yes
BrainTumor_08365.jpg,,,Yes,Yes,Yes,No,No,,Yes,Yes,
BrainTumor_08366.jpg,,,Yes,Yes,No,Yes,Yes,,No,Yes,No
BrainTumor_08367.jpg,No,,,No,Yes,No,Yes,,Yes,,
BrainTumor_08368.jpg,Yes,,Yes,Yes,,Yes,,,No,No,Yes
BrainTumor_08369.jpg,,No,No,No,Yes,,,Yes,No,No,Yes
BrainTumor_08370.jpg,,,Yes,No,,,,,No,No,
BrainTumor_08371.jpg,Yes,No,Yes,No,Yes,No,,No,Yes,Yes,No
BrainTumor_08372.jpg,Yes,No,,Yes,No,,Yes,Yes,,No,No
BrainTumor_08373.jpg,No,,,,,No,,,,No,No
BrainTumor_08374.jpg,No,Yes,No,Yes,,No,No,No,,No,
BrainTumor_08375.jpg,Yes,,Yes,,Yes,No,Yes,No,Yes,No,No
BrainTumor_08376.jpg,,No,,Yes,,,No,Yes,Yes,No,Yes
BrainTumor_08377.jpg,Yes,No,Yes,Yes,No,No,,,Yes,No,
BrainTumor_08378.jpg,No,,No,Yes,No,Yes,Yes,,Yes,,
BrainTumor_08379.jpg,Yes,,No,,,Yes,Yes,Yes,No,No,No
BrainTumor_08380.jpg,,Yes,Yes,Yes,,Yes,,Yes,No,,
BrainTumor_08381.jpg,Yes,,No,No,No,No,No,No,No,No,No
BrainTumor_08382.jpg,No,No,No,No,,Yes,No,No,Yes,Yes,No
BrainTumor_08383.jpg,Yes,Yes,,,Yes,No,,,,No,
BrainTumor_08384.jpg,,No,No,,No,,,Yes,,No,No
BrainTumor_08385.jpg,,Yes,,Yes,Yes,Yes,Yes,,,No,
BrainTumor_08386.jpg,,Yes,No,,Yes,Yes,,,No,,
BrainTumor_08387.jpg,,,No,,,,No,No,Yes,No,
BrainTumor_08388.jpg,No,No,Yes,,No,,Yes,,,,No
BrainTumor_08389.jpg,,,No,Yes,Yes,No,Yes,No,,Yes,No
BrainTumor_08390.jpg,,No,Yes,Yes,Yes,No,Yes,,No,No,
BrainTumor_08391.jpg,No,No,No,Yes,Yes,Yes,No,No,No,No,No
BrainTumor_08392.jpg,No,,,,Yes,No,Yes,No,No,,No
BrainTumor_08393.jpg,,,No,,,No,Yes,No,Yes,,Yes
BrainTumor_08394.jpg,No,No,No,Yes,,Yes,No,No,Yes,No,
BrainTumor_08395.jpg,Yes,No,No,No,,Yes,No,Yes,Yes,No,No
BrainTumor_08396.jpg,Yes,Yes,Yes,No,No,No,No,,Yes,,No
BrainTumor_08397.jpg,,Yes,No,No,No,Yes,No,Yes,Yes,,
BrainTumor_08398.jpg,Yes,Yes,,Yes,Yes,No,,,Yes,,
BrainTumor_08399.jpg,No,,No,,Yes,Yes,Yes,Yes,Yes,,
BrainTumor_08400.jpg,,Yes,No,,No,,No,No,No,No,No
BrainTumor_08401.jpg,No,,No,Yes,Yes,Yes,No,,,No,No
BrainTumor_08402.jpg,,Yes,,Yes,No,No,,No,No,,
BrainTumor_08403.jpg,Yes,Yes,,Yes,No,No,No,No,Yes,Yes,
BrainTumor_08404.jpg,Yes,No,Yes,No,No,Yes,No,Yes,Yes,,
BrainTumor_08405.jpg,No,,No,No,No,No,,Yes,,Yes,Yes
BrainTumor_08406.jpg,Yes,,,,,No,,No,,Yes,Yes
BrainTumor_08407.jpg,,Yes,,Yes,Yes,Yes,No,Yes,Yes,,No
BrainTumor_08408.jpg,No,Yes,,No,Yes,Yes,Yes,No,,,No
BrainTumor_08409.jpg,,Yes,No,Yes,No,,No,Yes,,,No
BrainTumor_08410.jpg,,,,,Yes,,Yes,Yes,,No,No
BrainTumor_08411.jpg,Yes,,Yes,,Yes,,No,No,,Yes,
BrainTumor_08412.jpg,,No,No,,Yes,,No,Yes,Yes,Yes,Yes
BrainTumor_08413.jpg,,No,Yes,,,Yes,,No,Yes,,
BrainTumor_08414.jpg,Yes,,Yes,,,No,No,,,No,Yes
BrainTumor_08415.jpg,Yes,No,,,No,,,No,,,Yes
BrainTumor_08416.jpg,,No,No,Yes,No,Yes,No,,Yes,,Yes
BrainTumor_08417.jpg,No,Yes,,Yes,No,No,,,,,
BrainTumor_08418.jpg,,No,No,,Yes,No,Yes,,,Yes,No
BrainTumor_08419.jpg,Yes,,No,Yes,Yes,No,Yes,Yes,,Yes,No
BrainTumor_08420.jpg,,No,,Yes,Yes,Yes,Yes,,No,Yes,Yes
BrainTumor_08421.jpg,No,,Yes,,No,No,,Yes,,No,Yes
BrainTumor_08422.jpg,Yes,,Yes,,Yes,No,Yes,Yes,,,
BrainTumor_08423.jpg,Yes,,No,Yes,No,Yes,No,No,,Yes,Yes
BrainTumor_08424.jpg,,,No,,No,,Yes,,No,No,No
BrainTumor_08425.jpg,Yes,No,,No,Yes,Yes,,Yes,Yes,Yes,
BrainTumor_08426.jpg,Yes,,No,Yes,Yes,Yes,No,Yes,No,Yes,
BrainTumor_08427.jpg,No,,,Yes,No,No,No,Yes,,Yes,No
BrainTumor_08428.jpg,No,Yes,Yes,,Yes,,Yes,No,,No,Yes
BrainTumor_08429.jpg,Yes,No,No,Yes,,,Yes,No,No,Yes,Yes
BrainTumor_08430.jpg,Yes,Yes,No,No,No,,,Yes,,No,
BrainTumor_08431.jpg,No,Yes,,Yes,Yes,No,Yes,No,,Yes,
BrainTumor_08432.jpg,Yes,Yes,No,,Yes,,No,Yes,No,,No
BrainTumor_08433.jpg,Yes,No,,Yes,Yes,,Yes,Yes,No,Yes,
BrainTumor_08434.jpg,Yes,Yes,Yes,No,No,,Yes,No,Yes,No,No
BrainTumor_08435.jpg,,No,,,No,Yes,No,,Yes,No,No
BrainTumor_08436.jpg,Yes,,Yes,Yes,Yes,,,Yes,,Yes,No
BrainTumor_08437.jpg,,Yes,No,No,Yes,,Yes,,,Yes,
BrainTumor_08438.jpg,Yes,No,Yes,,,Yes,No,,Yes,Yes,
BrainTumor_08439.jpg,,No,Yes,Yes,Yes,,,Yes,,,
BrainTumor_08440.jpg,,,No,Yes,,Yes,,Yes,,No,No
BrainTumor_08441.jpg,Yes,Yes,,Yes,,No,,,Yes,,
BrainTumor_08442.jpg,Yes,Yes,No,,Yes,No,,No,,Yes,
BrainTumor_08443.jpg,No,Yes,,,,No,No,No,,No,
BrainTumor_08444.jpg,,No,No,No,No,,Yes,,Yes,,Yes
BrainTumor_08445.jpg,No,,Yes,No,Yes,,,,Yes,Yes,
BrainTumor_08446.jpg,No,Yes,No,,Yes,No,Yes,,No,Yes,Yes
BrainTumor_08447.jpg,,Yes,Yes,,Yes,,Yes,Yes,,No,Yes
BrainTumor_08448.jpg,Yes,,,,No,Yes,,Yes,,,No
BrainTumor_08449.jpg,,,,No,Yes,,,No,Yes,No,Yes
BrainTumor_08450.jpg,,Yes,Yes,No,No,,No,,,,No
BrainTumor_08451.jpg,No,Yes,,No,No,,No,,No,,Yes
BrainTumor_08452.jpg,,Yes,No,,No,No,,Yes,Yes,No,
BrainTumor_08453.jpg,,Yes,Yes,Yes,Yes,No,,No,No,No,
BrainTumor_08454.jpg,No,No,,No,Yes,No,,,Yes,,Yes
BrainTumor_08455.jpg,Yes,,No,Yes,Yes,Yes,,No,,,Yes
BrainTumor_08456.jpg,,Yes,No,No,No,No,,No,Yes,Yes,
BrainTumor_08457.jpg,Yes,No,Yes,,,Yes,Yes,,No,Yes,Yes
BrainTumor_08458.jpg,,Yes,,,,,Yes,,,No,No
BrainTumor_08459.jpg,No,No,Yes,No,No,Yes,,,No,,
BrainTumor_08460.jpg,Yes,No,Yes,Yes,Yes,Yes,Yes,,,No,Yes
BrainTumor_08461.jpg,,Yes,,No,No,Yes,,Yes,No,No,Yes
BrainTumor_08462.jpg,Yes,Yes,No,,No,No,No,No,Yes,,
BrainTumor_08463.jpg,Yes,Yes,No,,Yes,Yes,No,No,,,Yes
BrainTumor_08464.jpg,No,,Yes,No,No,,Yes,Yes,Yes,,No
BrainTumor_08465.jpg,,Yes,,,No,Yes,Yes,,Yes,No,Yes
BrainTumor_08466.jpg,No,Yes,No,No,,No,No,Yes,Yes,,
BrainTumor_08467.jpg,Yes,Yes,Yes,Yes,,Yes,,No,No,Yes,Yes
BrainTumor_08468.jpg,No,Yes,Yes,Yes,Yes,Yes,Yes,,Yes,Yes,Yes
BrainTumor_08469.jpg,,No,No,Yes,Yes,,Yes,Yes,Yes,No,No
BrainTumor_08470.jpg,No,,,No,No,,Yes,No,,,Yes
BrainTumor_08471.jpg,,No,No,No,Yes,Yes,,No,,Yes,Yes
BrainTumor_08472.jpg,,Yes,,No,,,No,Yes,,No,No
BrainTumor_08473.jpg,Yes,,No,Yes,No,Yes,No,Yes,,No,
BrainTumor_08474.jpg,,,,Yes,Yes,No,,,Yes,,
BrainTumor_08475.jpg,,No,,,Yes,No,,No,Yes,No,Yes
BrainTumor_08476.jpg,Yes,Yes,No,No,,No,No,No,,Yes,Yes
BrainTumor_08477.jpg,Yes,No,No,Yes,No,Yes,,Yes,,No,Yes
BrainTumor_08478.jpg,,,,No,,,No,Yes,No,No,No
BrainTumor_08479.jpg,Yes,Yes,,No,No,Yes,,Yes,Yes,,Yes
BrainTumor_08480.jpg,No,Yes,Yes,Yes,Yes,,Yes,Yes,Yes,No,No
BrainTumor_08481.jpg,No,Yes,,No,No,No,No,,No,No,No
BrainTumor_08482.jpg,,No,Yes,,Yes,Yes,No,,No,No,Yes
BrainTumor_08483.jpg,,,Yes,,No,,,No,Yes,No,Yes
BrainTumor_08484.jpg,No,No,,,Yes,Yes,Yes,Yes,No,,Yes
BrainTumor_08485.jpg,No,,Yes,Yes,,Yes,Yes,,Yes,No,Yes
BrainTumor_08486.jpg,No,,Yes,,Yes,,,,Yes,Yes,Yes
BrainTumor_08487.jpg,Yes,Yes,No,,,No,No,No,,Yes,No
BrainTumor_08488.jpg,,,No,No,No,Yes,,No,Yes,No,Yes
BrainTumor_08489.jpg,No,,No,,,,Yes,No,Yes,,No
BrainTumor_08490.jpg,,No,,No,No,Yes,,Yes,No,No,No
BrainTumor_08491.jpg,No,Yes,Yes,No,No,No,,,No,No,Yes
BrainTumor_08492.jpg,No,Yes,Yes,,Yes,,Yes,No,,,Yes
BrainTumor_08493.jpg,,,,No,No,,,,,,No
BrainTumor_08494.jpg,,,No,No,,,Yes,No,Yes,No,No
BrainTumor_08495.jpg,Yes,Yes,Yes,Yes,No,No,Yes,,Yes,No,Yes
BrainTumor_08496.jpg,Yes,,No,Yes,,,No,,No,No,No
BrainTumor_08497.jpg,Yes,Yes,Yes,Yes,,No,No,No,Yes,,
BrainTumor_08498.jpg,,No,Yes,Yes,Yes,Yes,,,No,,No
BrainTumor_08499.jpg,Yes,No,Yes,Yes,Yes,Yes,,Yes,No,Yes,Yes
BrainTumor_08500.jpg,Yes,No,,No,No,Yes,Yes,No,,Yes,Yes
BrainTumor_08501.jpg,,,No,Yes,Yes,No,,No,Yes,Yes,No
BrainTumor_08502.jpg,,,No,Yes,Yes,No,Yes,,,Yes,
BrainTumor_08503.jpg,,No,No,No,No,,No,Yes,Yes,No,
BrainTumor_08504.jpg,Yes,No,Yes,Yes,No,Yes,No,No,Yes,,Yes
BrainTumor_08505.jpg,,Yes,,Yes,,Yes,Yes,Yes,,Yes,
BrainTumor_08506.jpg,,No,No,Yes,No,No,,Yes,,Yes,
BrainTumor_08507.jpg,,Yes,,Yes,,,Yes,Yes,Yes,Yes,
BrainTumor_08508.jpg,Yes,,Yes,No,Yes,No,Yes,,Yes,,Yes
BrainTumor_08509.jpg,,Yes,,Yes,Yes,No,No,,,Yes,No
BrainTumor_08510.jpg,No,Yes,,No,No,Yes,Yes,No,No,No,No
BrainTumor_08511.jpg,No,No,Yes,No,Yes,Yes,No,Yes,Yes,No,Yes
BrainTumor_08512.jpg,Yes,Yes,,No,No,,Yes,Yes,Yes,,No
BrainTumor_08513.jpg,No,No,Yes,Yes,Yes,No,,No,,,Yes
BrainTumor_08514.jpg,Yes,,Yes,Yes,,,,Yes,Yes,,
BrainTumor_08515.jpg,No,No,No,Yes,Yes,No,,Yes,No,No,No
BrainTumor_08516.jpg,,No,,No,,,No,No,No,No,Yes
BrainTumor_08517.jpg,No,,Yes,,,,Yes,,No,No,Yes
BrainTumor_08518.jpg,No,Yes,Yes,,No,Yes,Yes,,No,,
BrainTumor_08519.jpg,No,No,,No,No,,No,Yes,No,,No
BrainTumor_08520.jpg,,Yes,No,,No,No,,Yes,No,Yes,No
BrainTumor_08521.jpg,,No,,Yes,Yes,,No,Yes,No,No,
BrainTumor_08522.jpg,,,Yes,Yes,No,Yes,,,No,Yes,
BrainTumor_08523.jpg,,Yes,No,,,,No,,No,,
BrainTumor_08524.jpg,,Yes,No,Yes,Yes,,,No,Yes,No,Yes
BrainTumor_08525.jpg,,Yes,No,,,Yes,,Yes,No,,Yes
BrainTumor_08526.jpg,No,No,Yes,Yes,,No,No,Yes,,Yes,Yes
BrainTumor_08527.jpg,Yes,No,No,,,Yes,Yes,No,No,,
BrainTumor_08528.jpg,No,Yes,,Yes,No,No,No,No,No,Yes,Yes
BrainTumor_08529.jpg,No,No,No,No,,,No,Yes,No,Yes,Yes
BrainTumor_08530.jpg,No,,No,,Yes,No,No,No,Yes,,Yes
BrainTumor_08531.jpg,No,No,,,,Yes,,Yes,,Yes,Yes
BrainTumor_08532.jpg,Yes,Yes,No,No,Yes,No,Yes,No,,No,
BrainTumor_08533.jpg,No,Yes,Yes,,,No,No,No,Yes,,No
BrainTumor_08534.jpg,Yes,,Yes,No,No,,,Yes,Yes,,
BrainTumor_08535.jpg,Yes,No,,Yes,No,,No,No,No,Yes,No
BrainTumor_08536.jpg,No,,Yes,,Yes,,No,No,Yes,Yes,No
BrainTumor_08537.jpg,Yes,Yes,Yes,No,Yes,No,No,No,No,Yes,No
BrainTumor_08538.jpg,,Yes,Yes,,,Yes,,No,No,No,No
BrainTumor_08539.jpg,No,No,No,,Yes,No,Yes,,Yes,Yes,No
BrainTumor_08540.jpg,,No,Yes,,,Yes,No,Yes,Yes,,Yes
BrainTumor_08541.jpg,Yes,Yes,,Yes,No,No,Yes,Yes,No,,No
BrainTumor_08542.jpg,,No,No,Yes,Yes,Yes,No,No,Yes,,Yes
BrainTumor_08543.jpg,Yes,No,No,,No,Yes,Yes,No,No,Yes,
BrainTumor_08544.jpg,Yes,,Yes,,Yes,Yes,Yes,No,,Yes,Yes
BrainTumor_08545.jpg,No,,,Yes,,No,Yes,,Yes,,
BrainTumor_08546.jpg,,No,,,Yes,,Yes,No,,,No
BrainTumor_08547.jpg,Yes,Yes,,No,Yes,,No,Yes,,Yes,Yes
BrainTumor_08548.jpg,Yes,,Yes,Yes,Yes,,No,Yes,Yes,Yes,Yes
BrainTumor_08549.jpg,,,No,No,No,No,Yes,No,Yes,Yes,Yes
BrainTumor_08550.jpg,,Yes,Yes,No,Yes,Yes,,No,No,Yes,Yes
BrainTumor_08551.jpg,Yes,Yes,Yes,No,No,,No,No,,No,Yes
BrainTumor_08552.jpg,No,No,,,No,Yes,No,Yes,Yes,No,No
BrainTumor_08553.jpg,Yes,No,,No,,Yes,No,No,,No,No
BrainTumor_08554.jpg,,No,Yes,Yes,,,Yes,No,Yes,,
BrainTumor_08555.jpg,No,No,Yes,Yes,Yes,,Yes,No,,,Yes
BrainTumor_08556.jpg,Yes,,No,,Yes,Yes,,No,,No,No
BrainTumor_08557.jpg,No,,No,,Yes,No,,,,No,Yes
BrainTumor_08558.jpg,No,,No,Yes,,Yes,,No,No,,Yes
BrainTumor_08559.jpg,Yes,No,Yes,No,,Yes,Yes,Yes,,Yes,No
BrainTumor_08560.jpg,Yes,Yes,Yes,Yes,Yes,Yes,Yes,,No,,Yes
BrainTumor_08561.jpg,No,,No,,Yes,No,Yes,,No,,No
BrainTumor_08562.jpg,,,Yes,No,,No,,No,,No,Yes
BrainTumor_08563.jpg,No,,No,No,No,No,No,Yes,Yes,,No
BrainTumor_08564.jpg,Yes,No,,Yes,,No,,No,No,No,Yes
BrainTumor_08565.jpg,No,Yes,,No,No,,,No,Yes,Yes,
BrainTumor_08566.jpg,Yes,No,No,No,,No,No,Yes,,,
BrainTumor_08567.jpg,,No,Yes,Yes,,,Yes,Yes,,No,Yes
BrainTumor_08568.jpg,No,No,Yes,No,No,No,No,,Yes,Yes,No
BrainTumor_08569.jpg,,No,,,Yes,No,,,Yes,No,No
BrainTumor_08570.jpg,Yes,No,No,,,Yes,No,No,No,No,
BrainTumor_08571.jpg,No,No,Yes,,No,,,Yes,Yes,Yes,No
BrainTumor_08572.jpg,No,No,No,Yes,,No,Yes,,No,Yes,Yes
BrainTumor_08573.jpg,,,,Yes,No,No,No,No,No,Yes,No
BrainTumor_08574.jpg,Yes,No,,Yes,Yes,No,No,No,Yes,Yes,No
BrainTumor_08575.jpg,,,Yes,Yes,No,No,No,No,,Yes,No
BrainTumor_08576.jpg,,,,,Yes,No,Yes,,Yes,No,
BrainTumor_08577.jpg,,No,,No,No,No,Yes,Yes,,No,
BrainTumor_08578.jpg,,,Yes,No,,,No,,No,,No
BrainTumor_08579.jpg,Yes,No,,Yes,,Yes,Yes,,Yes,No,
BrainTumor_08580.jpg,Yes,No,,,No,,,,No,No,Yes
BrainTumor_08581.jpg,Yes,,,Yes,Yes,,No,No,,,
BrainTumor_08582.jpg,,Yes,,Yes,No,,No,Yes,No,Yes,No
BrainTumor_08583.jpg,Yes,No,,No,No,,No,Yes,Yes,Yes,Yes
BrainTumor_08584.jpg,No,No,,No,Yes,Yes,No,No,No,No,Yes
BrainTumor_08585.jpg,,No,No,,No,,Yes,No,,Yes,
BrainTumor_08586.jpg,Yes,No,Yes,,Yes,Yes,,No,,,Yes
BrainTumor_08587.jpg,,Yes,,No,Yes,No,No,No,No,Yes,Yes
BrainTumor_08588.jpg,Yes,No,Yes,Yes,Yes,Yes,No,No,No,,No
BrainTumor_08589.jpg,No,No,,,No,Yes,No,No,Yes,No,Yes
BrainTumor_08590.jpg,Yes,Yes,,Yes,,Yes,,Yes,,,No
BrainTumor_08591.jpg,Yes,Yes,No,,Yes,,Yes,No,No,,No
BrainTumor_08592.jpg,Yes,No,,No,Yes,Yes,,No,No,Yes,No
BrainTumor_08593.jpg,No,No,Yes,Yes,No,,No,No,No,,No
BrainTumor_08594.jpg,No,No,Yes,,,Yes,Yes,Yes,,No,
BrainTumor_08595.jpg,Yes,Yes,Yes,,No,,No,No,,Yes,
BrainTumor_08596.jpg,,Yes,,No,No,,,Yes,No,No,
BrainTumor_08597.jpg,,,No,Yes,,Yes,,Yes,,,No
BrainTumor_08598.jpg,Yes,No,,,No,No,Yes,No,Yes,No,
BrainTumor_08599.jpg,Yes,,Yes,Yes,Yes,Yes,Yes,Yes,,No,
BrainTumor_08600.jpg,No,Yes,,,,No,Yes,Yes,Yes,Yes,No
BrainTumor_08601.jpg,,Yes,Yes,Yes,Yes,No,,Yes,No,No,
BrainTumor_08602.jpg,,Yes,,No,No,Yes,,Yes,,,No
BrainTumor_08603.jpg,No,,,,,,,Yes,Yes,Yes,
BrainTumor_08604.jpg,No,Yes,No,Yes,Yes,Yes,,Yes,,Yes,No
BrainTumor_08605.jpg,No,No,Yes,No,,,No,,No,,
BrainTumor_08606.jpg,,No,Yes,Yes,No,Yes,,Yes,No,,No
BrainTumor_08607.jpg,,,,Yes,,,,Yes,,,No
BrainTumor_08608.jpg,Yes,No,,No,Yes,,,,Yes,No,Yes
BrainTumor_08609.jpg,,Yes,Yes,No,Yes,,,Yes,,No,Yes
BrainTumor_08610.jpg,Yes,Yes,Yes,No,No,,No,,,No,Yes
BrainTumor_08611.jpg,Yes,,No,,Yes,No,No,No,Yes,,
BrainTumor_08612.jpg,No,Yes,,No,Yes,Yes,No,Yes,,Yes,
BrainTumor_08613.jpg,No,No,,No,No,No,Yes,No,,,
BrainTumor_08614.jpg,No,,Yes,No,No,Yes,No,No,No,No,Yes
BrainTumor_08615.jpg,No,,,No,,Yes,,,No,,Yes
BrainTumor_08616.jpg,No,,,Yes,Yes,,No,,Yes,Yes,Yes
BrainTumor_08617.jpg,,,,Yes,Yes,No,,Yes,No,,Yes
BrainTumor_08618.jpg,Yes,Yes,,Yes,,,,,No,Yes,Yes
BrainTumor_08619.jpg,,,Yes,No,,Yes,Yes,,,Yes,Yes
BrainTumor_08620.jpg,No,Yes,No,No,Yes,No,,,Yes,,
BrainTumor_08621.jpg,No,,Yes,,Yes,Yes,Yes,,Yes,,
BrainTumor_08622.jpg,,No,Yes,,Yes,Yes,,Yes,Yes,Yes,
BrainTumor_08623.jpg,,Yes,,No,,No,No,Yes,No,No,No
BrainTumor_08624.jpg,Yes,No,Yes,,No,,No,Yes,,,Yes
BrainTumor_08625.jpg,,,Yes,Yes,Yes,Yes,No,,Yes,No,No
BrainTumor_08626.jpg,Yes,Yes,,Yes,No,Yes,No,Yes,Yes,Yes,
BrainTumor_08627.jpg,Yes,No,No,,No,No,,No,,No,
BrainTumor_08628.jpg,,No,No,,,No,,No,,,
BrainTumor_08629.jpg,,Yes,Yes,,Yes,,No,No,,,
BrainTumor_08630.jpg,No,,Yes,Yes,No,,,Yes,Yes,No,No
BrainTumor_08631.jpg,,No,No,,,No,Yes,No,Yes,Yes,No
BrainTumor_08632.jpg,No,,Yes,No,,Yes,Yes,No,Yes,,No
BrainTumor_08633.jpg,,No,Yes,,Yes,No,,No,No,No,
BrainTumor_08634.jpg,,No,,,No,Yes,No,No,,Yes,
BrainTumor_08635.jpg,Yes,,No,Yes,Yes,No,,No,No,Yes,No
BrainTumor_08636.jpg,No,Yes,No,No,No,Yes,No,Yes,Yes,Yes,Yes
BrainTumor_08637.jpg,Yes,,Yes,,,,No,,No,No,
BrainTumor_08638.jpg,No,Yes,No,,,Yes,,No,Yes,Yes,Yes
BrainTumor_08639.jpg,No,Yes,Yes,Yes,Yes,,Yes,No,No,,No
BrainTumor_08640.jpg,,No,,Yes,Yes,Yes,,No,No,Yes,
BrainTumor_08641.jpg,Yes,,No,Yes,No,No,,,No,Yes,
BrainTumor_08642.jpg,No,Yes,,No,,Yes,Yes,,Yes,No,
BrainTumor_08643.jpg,No,Yes,No,No,,Yes,Yes,Yes,Yes,Yes,
BrainTumor_08644.jpg,Yes,No,Yes,No,No,Yes,No,No,Yes,,No
BrainTumor_08645.jpg,,,,No,,Yes,No,,No,Yes,Yes
BrainTumor_08646.jpg,,No,Yes,Yes,No,No,,No,,No,
BrainTumor_08647.jpg,,,No,No,Yes,No,Yes,,Yes,No,
BrainTumor_08648.jpg,No,Yes,Yes,Yes,Yes,No,No,Yes,No,Yes,Yes
BrainTumor_08649.jpg,Yes,No,No,,,Yes,No,No,,No,
BrainTumor_08650.jpg,Yes,Yes,No,Yes,,No,Yes,,,,Yes
BrainTumor_08651.jpg,,Yes,No,Yes,No,Yes,No,No,,No,No
BrainTumor_08652.jpg,No,,Yes,No,Yes,No,No,Yes,,No,
BrainTumor_08653.jpg,Yes,No,Yes,,,No,Yes,Yes,No,,No
BrainTumor_08654.jpg,,No,Yes,Yes,No,No,Yes,,,,
BrainTumor_08655.jpg,Yes,No,No,No,No,No,Yes,Yes,No,No,
BrainTumor_08656.jpg,,,,Yes,No,No,No,Yes,No,Yes,
BrainTumor_08657.jpg,,,No,Yes,Yes,No,No,Yes,,Yes,
BrainTumor_08658.jpg,,,,Yes,Yes,Yes,,Yes,No,No,Yes
BrainTumor_08659.jpg,,,,No,,Yes,No,Yes,Yes,,Yes
BrainTumor_08660.jpg,No,,Yes,,No,Yes,No,Yes,,,
BrainTumor_08661.jpg,Yes,No,Yes,Yes,,Yes,,No,,No,Yes
BrainTumor_08662.jpg,,Yes,No,Yes,No,Yes,,No,No,Yes,Yes
BrainTumor_08663.jpg,No,Yes,No,No,No,No,Yes,No,,,Yes
BrainTumor_08664.jpg,,Yes,,Yes,No,No,No,No,Yes,Yes,Yes
BrainTumor_08665.jpg,Yes,Yes,Yes,No,No,No,No,,,No,
BrainTumor_08666.jpg,No,,No,Yes,Yes,No,Yes,,Yes,,Yes
BrainTumor_08667.jpg,No,Yes,Yes,Yes,No,No,No,,,Yes,Yes
BrainTumor_08668.jpg,No,,No,,Yes,Yes,No,Yes,Yes,Yes,
BrainTumor_08669.jpg,,Yes,Yes,No,Yes,No,No,Yes,No,No,Yes
BrainTumor_08670.jpg,Yes,No,No,Yes,,,Yes,Yes,Yes,Yes,
BrainTumor_08671.jpg,,Yes,No,Yes,,Yes,,No,Yes,Yes,
BrainTumor_08672.jpg,No,Yes,No,,Yes,,,Yes,Yes,No,
BrainTumor_08673.jpg,Yes,Yes,Yes,No,No,No,Yes,,,Yes,Yes
BrainTumor_08674.jpg,,,No,No,,No,No,Yes,No,,Yes
BrainTumor_08675.jpg,Yes,,,No,No,Yes,,No,No,Yes,
BrainTumor_08676.jpg,,No,Yes,Yes,,Yes,No,Yes,,,Yes
BrainTumor_08677.jpg,No,No,,Yes,,,,Yes,No,,
BrainTumor_08678.jpg,No,Yes,No,,No,No,No,Yes,Yes,,
BrainTumor_08679.jpg,No,No,Yes,Yes,Yes,Yes,Yes,,Yes,Yes,No
BrainTumor_08680.jpg,Yes,,,Yes,,No,Yes,No,,No,
BrainTumor_08681.jpg,No,,,No,Yes,Yes,No,No,Yes,No,
BrainTumor_08682.jpg,Yes,,,No,,No,No,,,Yes,Yes
BrainTumor_08683.jpg,,Yes,,Yes,,Yes,Yes,Yes,,,
BrainTumor_08684.jpg,Yes,,Yes,No,,,Yes,No,No,Yes,Yes
BrainTumor_08685.jpg,,Yes,Yes,,No,No,Yes,Yes,,Yes,No
BrainTumor_08686.jpg,Yes,,Yes,,Yes,No,No,No,No,No,
BrainTumor_08687.jpg,,Yes,,,Yes,Yes,,Yes,No,,Yes
BrainTumor_08688.jpg,No,No,Yes,No,Yes,No,No,,Yes,No,Yes
BrainTumor_08689.jpg,,Yes,Yes,No,Yes,,No,No,No,Yes,
BrainTumor_08690.jpg,No,Yes,Yes,,No,Yes,,Yes,No,Yes,Yes
BrainTumor_08691.jpg,Yes,No,No,Yes,,Yes,No,Yes,,No,
BrainTumor_08692.jpg,No,Yes,,Yes,Yes,,No,,,No,
BrainTumor_08693.jpg,No,,No,Yes,Yes,,No,No,Yes,No,No
BrainTumor_08694.jpg,No,No,,,Yes,,,,No,,Yes
BrainTumor_08695.jpg,,Yes,No,No,,,No,Yes,,,
BrainTumor_08696.jpg,No,Yes,No,,,No,No,Yes,Yes,Yes,No
BrainTumor_08697.jpg,No,,,,No,Yes,Yes,No,,,
BrainTumor_08698.jpg,,,,,,No,No,,No,Yes,Yes
BrainTumor_08699.jpg,,No,No,No,Yes,Yes,,,Yes,Yes,No
BrainTumor_08700.jpg,No,Yes,No,Yes,No,No,Yes,,Yes,Yes,Yes
BrainTumor_08701.jpg,Yes,No,No,Yes,Yes,No,Yes,,No,,Yes
BrainTumor_08702.jpg,,No,Yes,Yes,Yes,Yes,Yes,Yes,,No,
BrainTumor_08703.jpg,No,No,,Yes,Yes,Yes,,No,No,No,Yes
BrainTumor_08704.jpg,No,No,,,,,Yes,,,,Yes
BrainTumor_08705.jpg,Yes,No,,Yes,,No,,,,,
BrainTumor_08706.jpg,,Yes,No,No,Yes,,Yes,No,No,,Yes
BrainTumor_08707.jpg,No,No,Yes,,No,No,Yes,No,,No,No
BrainTumor_08708.jpg,,,No,No,No,Yes,No,Yes,No,,No
BrainTumor_08709.jpg,No,,No,Yes,,Yes,Yes,Yes,No,Yes,
BrainTumor_08710.jpg,No,Yes,Yes,No,No,No,No,Yes,Yes,No,No
BrainTumor_08711.jpg,Yes,Yes,Yes,Yes,Yes,Yes,Yes,Yes,,Yes,
BrainTumor_08712.jpg,Yes,,Yes,No,No,Yes,Yes,No,,,Yes
BrainTumor_08713.jpg,No,,,,,No,No,,No,,No
BrainTumor_08714.jpg,No,No,No,No,No,,No,,,,No
BrainTumor_08715.jpg,No,Yes,Yes,No,,No,Yes,No,No,Yes,No
BrainTumor_08716.jpg,,No,No,No,,No,,,,No,No
BrainTumor_08717.jpg,Yes,Yes,,No,Yes,Yes,,,No,Yes,No
BrainTumor_08718.jpg,Yes,Yes,Yes,Yes,,No,Yes,Yes,No,Yes,
BrainTumor_08719.jpg,,,Yes,Yes,Yes,No,No,Yes,Yes,,Yes
BrainTumor_08720.jpg,Yes,Yes,Yes,,,,Yes,No,,No,Yes
BrainTumor_08721.jpg,,,No,No,,Yes,Yes,No,Yes,Yes,No
BrainTumor_08722.jpg,Yes,Yes,No,,,No,,,Yes,Yes,Yes
BrainTumor_08723.jpg,No,No,No,Yes,Yes,Yes,Yes,Yes,No,No,Yes
BrainTumor_08724.jpg,Yes,Yes,,Yes,,Yes,No,Yes,Yes,No,Yes
BrainTumor_08725.jpg,,,,No,Yes,Yes,,No,No,No,Yes
BrainTumor_08726.jpg,,Yes,No,,,,,,,,Yes
BrainTumor_08727.jpg,No,,No,No,No,,,,,Yes,No
BrainTumor_08728.jpg,No,,,No,,,No,Yes,No,,
BrainTumor_08729.jpg,,Yes,Yes,No,Yes,No,,No,,No,Yes
BrainTumor_08730.jpg,Yes,,,Yes,Yes,No,No,No,No,No,
BrainTumor_08731.jpg,,,Yes,No,Yes,,No,,No,No,No
BrainTumor_08732.jpg,No,No,Yes,No,,No,No,No,,Yes,No
BrainTumor_08733.jpg,,Yes,,,,Yes,Yes,Yes,Yes,Yes,Yes
BrainTumor_08734.jpg,Yes,No,Yes,Yes,,Yes,No,No,,Yes,
BrainTumor_08735.jpg,No,Yes,Yes,Yes,,,Yes,No,Yes,Yes,
BrainTumor_08736.jpg,Yes,Yes,,Yes,Yes,Yes,No,Yes,,,Yes
BrainTumor_08737.jpg,No,Yes,No,,Yes,Yes,,Yes,Yes,Yes,
BrainTumor_08738.jpg,,,Yes,No,,No,,Yes,Yes,No,No
BrainTumor_08739.jpg,No,,Yes,No,No,,Yes,,No,,Yes
BrainTumor_08740.jpg,Yes,Yes,Yes,,Yes,,,Yes,No,Yes,Yes
BrainTumor_08741.jpg,No,,No,Yes,No,Yes,Yes,No,,,
BrainTumor_08742.jpg,Yes,No,Yes,No,Yes,,Yes,,No,No,
BrainTumor_08743.jpg,Yes,,,,,No,Yes,,No,,No
BrainTumor_08744.jpg,Yes,Yes,Yes,No,No,No,,,No,No,
BrainTumor_08745.jpg,No,,No,Yes,,No,Yes,Yes,Yes,No,
BrainTumor_08746.jpg,No,Yes,Yes,,,,,,,No,Yes
BrainTumor_08747.jpg,No,,,No,No,,No,No,,Yes,Yes
BrainTumor_08748.jpg,No,,Yes,,Yes,,No,,No,,No
BrainTumor_08749.jpg,No,Yes,Yes,Yes,No,,,Yes,No,No,No
BrainTumor_08750.jpg,Yes,No,Yes,,No,Yes,,,No,No,Yes
BrainTumor_08751.jpg,No,No,No,Yes,Yes,No,Yes,,Yes,Yes,
BrainTumor_08752.jpg,,No,,No,No,,Yes,No,,Yes,
BrainTumor_08753.jpg,No,,,Yes,No,Yes,No,,Yes,,Yes
BrainTumor_08754.jpg,No,No,Yes,,No,No,No,No,,Yes,
BrainTumor_08755.jpg,Yes,,,Yes,No,,Yes,,Yes,No,No
BrainTumor_08756.jpg,Yes,Yes,Yes,Yes,Yes,,Yes,No,No,Yes,Yes
BrainTumor_08757.jpg,,Yes,No,No,Yes,Yes,Yes,Yes,No,,Yes
BrainTumor_08758.jpg,No,Yes,No,No,Yes,,No,Yes,No,No,No
BrainTumor_08759.jpg,No,,,,Yes,,,No,Yes,Yes,No
BrainTumor_08760.jpg,Yes,No,,No,No,Yes,,,No,,No
BrainTumor_08761.jpg,Yes,,,Yes,No,No,Yes,,Yes,Yes,
BrainTumor_08762.jpg,Yes,Yes,No,,No,,No,,,,
BrainTumor_08763.jpg,No,,Yes,No,,,,,No,,Yes
BrainTumor_08764.jpg,Yes,Yes,Yes,No,,Yes,Yes,,Yes,No,
BrainTumor_08765.jpg,,Yes,,Yes,Yes,,No,Yes,,Yes,No
BrainTumor_08766.jpg,No,,No,,Yes,No,,,,No,No
BrainTumor_08767.jpg,,Yes,No,,,,,No,No,Yes,Yes
BrainTumor_08768.jpg,,No,,Yes,,No,,Yes,No,No,Yes
BrainTumor_08769.jpg,,,No,,No,Yes,,Yes,Yes,,
BrainTumor_08770.jpg,Yes,No,,Yes,No,Yes,Yes,,No,No,Yes
BrainTumor_08771.jpg,Yes,No,,No,Yes,No,,Yes,No,,No
BrainTumor_08772.jpg,No,,Yes,,,Yes,No,Yes,Yes,No,
BrainTumor_08773.jpg,No,No,,,No,,No,No,No,,
BrainTumor_08774.jpg,No,,Yes,No,No,No,,Yes,,,Yes
BrainTumor_08775.jpg,,No,No,,,Yes,,Yes,Yes,No,
BrainTumor_08776.jpg,No,,Yes,No,Yes,,No,,,,Yes
BrainTumor_08777.jpg,Yes,No,,,No,,Yes,No,No,Yes,
BrainTumor_08778.jpg,,,,No,No,No,,Yes,Yes,Yes,
BrainTumor_08779.jpg,No,Yes,No,,Yes,No,,,No,No,
BrainTumor_08780.jpg,No,Yes,Yes,,Yes,No,,Yes,Yes,No,Yes
BrainTumor_08781.jpg,Yes,,,No,Yes,Yes,No,,,No,Yes
BrainTumor_08782.jpg,Yes,No,No,No,No,Yes,,,No,No,
BrainTumor_08783.jpg,No,Yes,No,,,No,,No,Yes,No,No
BrainTumor_08784.jpg,Yes,,No,Yes,,Yes,No,Yes,,No,No
BrainTumor_08785.jpg,,,,,Yes,,No,No,Yes,No,No
BrainTumor_08786.jpg,,,,Yes,No,No,,,Yes,,No
BrainTumor_08787.jpg,No,Yes,,,,No,,Yes,Yes,Yes,Yes
BrainTumor_08788.jpg,No,Yes,,,,No,Yes,Yes,Yes,,No
BrainTumor_08789.jpg,No,No,No,,,No,Yes,Yes,No,,No
BrainTumor_08790.jpg,No,,,,,,,No,,Yes,No
BrainTumor_08791.jpg,,No,No,,Yes,,No,No,Yes,,Yes
BrainTumor_08792.jpg,Yes,Yes,No,Yes,Yes,Yes,Yes,Yes,No,Yes,Yes
BrainTumor_08793.jpg,No,,,,Yes,,Yes,,No,,No
BrainTumor_08794.jpg,,Yes,No,Yes,Yes,,No,No,,,Yes
BrainTumor_08795.jpg,,Yes,,Yes,Yes,No,No,No,No,No,Yes
BrainTumor_08796.jpg,Yes,Yes,,Yes,No,Yes,No,Yes,No,,
BrainTumor_08797.jpg,,Yes,Yes,Yes,No,,No,Yes,,,Yes
BrainTumor_08798.jpg,Yes,,No,,Yes,Yes,No,Yes,,No,No
BrainTumor_08799.jpg,Yes,Yes,No,,Yes,Yes,No,,No,Yes,
BrainTumor_08800.jpg,,Yes,No,,,No,,,No,,No
BrainTumor_08801.jpg,,No,Yes,Yes,,No,Yes,Yes,,,Yes
BrainTumor_08802.jpg,No,No,,No,No,No,Yes,,No,Yes,Yes
BrainTumor_08803.jpg,No,No,No,,Yes,No,,No,No,No,No
BrainTumor_08804.jpg,No,Yes,Yes,,,No,Yes,No,Yes,,Yes
BrainTumor_08805.jpg,No,,Yes,,Yes,,Yes,No,No,,Yes
BrainTumor_08806.jpg,Yes,No,Yes,,No,,Yes,No,Yes,,
BrainTumor_08807.jpg,No,No,No,Yes,,No,,,Yes,Yes,No
BrainTumor_08808.jpg,No,No,Yes,,Yes,,,No,Yes,No,
BrainTumor_08809.jpg,,,,,No,No,No,No,No,Yes,No
BrainTumor_08810.jpg,Yes,Yes,No,,,Yes,,Yes,No,No,No
BrainTumor_08811.jpg,Yes,No,,,Yes,Yes,No,,Yes,No,Yes
BrainTumor_08812.jpg,No,No,No,,No,No,,No,No,Yes,Yes
BrainTumor_08813.jpg,No,No,Yes,Yes,No,Yes,Yes,,No,,No
BrainTumor_08814.jpg,,Yes,,,No,Yes,,Yes,No,No,No
BrainTumor_08815.jpg,No,,,No,Yes,No,,Yes,Yes,Yes,
BrainTumor_08816.jpg,Yes,No,,No,,Yes,,No,No,Yes,
BrainTumor_08817.jpg,No,No,,No,No,No,,No,Yes,No,Yes
BrainTumor_08818.jpg,Yes,,No,Yes,,Yes,No,,No,No,No
BrainTumor_08819.jpg,Yes,No,,Yes,Yes,Yes,Yes,No,Yes,No,No
BrainTumor_08820.jpg,No,No,Yes,No,Yes,,No,No,Yes,No,No
BrainTumor_08821.jpg,,No,Yes,No,Yes,,Yes,,,No,No
BrainTumor_08822.jpg,,,,,,Yes,Yes,,,No,Yes
BrainTumor_08823.jpg,,No,,,No,,,Yes,,No,No
BrainTumor_08824.jpg,No,,,No,,Yes,No,No,Yes,Yes,Yes
BrainTumor_08825.jpg,Yes,,No,Yes,Yes,No,Yes,Yes,No,No,Yes
BrainTumor_08826.jpg,No,Yes,No,No,Yes,,Yes,No,No,Yes,Yes
BrainTumor_08827.jpg,,No,Yes,Yes,No,No,Yes,,Yes,No,
BrainTumor_08828.jpg,No,Yes,No,,Yes,No,Yes,,,No,Yes
BrainTumor_08829.jpg,Yes,Yes,No,Yes,No,Yes,,Yes,No,,Yes
BrainTumor_08830.jpg,,Yes,,No,Yes,,No,,,Yes,No
BrainTumor_08831.jpg,No,,No,Yes,Yes,Yes,No,Yes,No,Yes,Yes
BrainTumor_08832.jpg,Yes,,Yes,Yes,No,Yes,,Yes,,No,No
BrainTumor_08833.jpg,Yes,,No,,No,,,,No,,
BrainTumor_08834.jpg,No,Yes,,No,Yes,Yes,No,Yes,,,Yes
BrainTumor_08835.jpg,Yes,,Yes,Yes,No,Yes,No,,No,No,Yes
BrainTumor_08836.jpg,No,No,,No,,No,No,No,Yes,No,Yes
BrainTumor_08837.jpg,No,Yes,No,,Yes,Yes,Yes,No,Yes,Yes,No
BrainTumor_08838.jpg,,Yes,Yes,Yes,Yes,,Yes,Yes,,,
BrainTumor_08839.jpg,Yes,Yes,No,,No,,,No,Yes,No,
BrainTumor_08840.jpg,No,Yes,Yes,No,,,No,No,,,
BrainTumor_08841.jpg,,Yes,No,Yes,,No,No,No,,Yes,
BrainTumor_08842.jpg,,No,No,Yes,Yes,Yes,Yes,No,,No,
BrainTumor_08843.jpg,Yes,No,No,,No,No,,Yes,No,No,No
BrainTumor_08844.jpg,Yes,No,,,,Yes,No,No,No,,Yes
BrainTumor_08845.jpg,No,Yes,No,No,No,Yes,,Yes,,Yes,Yes
BrainTumor_08846.jpg,,No,Yes,Yes,Yes,No,Yes,Yes,,,Yes
BrainTumor_08847.jpg,,No,No,,No,Yes,No,Yes,,No,
BrainTumor_08848.jpg,,No,No,,Yes,Yes,,Yes,,,Yes
BrainTumor_08849.jpg,No,,,,,No,No,No,Yes,Yes,
BrainTumor_08850.jpg,,No,No,,Yes,Yes,,Yes,No,,
BrainTumor_08851.jpg,Yes,,Yes,No,,,No,Yes,Yes,Yes,No
BrainTumor_08852.jpg,,Yes,No,No,,Yes,,Yes,No,Yes,
BrainTumor_08853.jpg,Yes,,Yes,Yes,No,Yes,No,No,Yes,Yes,No
BrainTumor_08854.jpg,,No,Yes,,,Yes,,Yes,No,,Yes
BrainTumor_08855.jpg,,Yes,Yes,No,No,No,,Yes,Yes,,Yes
BrainTumor_08856.jpg,No,,No,Yes,,,,No,,,Yes
BrainTumor_08857.jpg,No,,Yes,Yes,Yes,No,,Yes,No,Yes,
BrainTumor_08858.jpg,,Yes,,,No,Yes,,No,,No,Yes
BrainTumor_08859.jpg,No,No,No,No,Yes,,No,No,Yes,Yes,
BrainTumor_08860.jpg,,No,Yes,Yes,No,Yes,Yes,,,Yes,No
BrainTumor_08861.jpg,,Yes,Yes,,,,No,No,,,No
BrainTumor_08862.jpg,Yes,No,Yes,Yes,,No,Yes,,,,
BrainTumor_08863.jpg,Yes,Yes,,Yes,Yes,,Yes,,,No,Yes
BrainTumor_08864.jpg,,Yes,Yes,No,No,No,Yes,No,No,No,Yes
BrainTumor_08865.jpg,Yes,,No,Yes,,,,Yes,Yes,No,
BrainTumor_08866.jpg,,,,,No,Yes,,,,No,Yes
BrainTumor_08867.jpg,,,,No,No,Yes,No,No,,Yes,No
BrainTumor_08868.jpg,,No,No,Yes,Yes,,Yes,Yes,Yes,,
BrainTumor_08869.jpg,,Yes,,Yes,No,,,Yes,No,,No
BrainTumor_08870.jpg,No,Yes,No,No,,,Yes,No,,Yes,No
BrainTumor_08871.jpg,,,,No,Yes,No,Yes,,No,No,Yes
BrainTumor_08872.jpg,No,Yes,Yes,,Yes,No,,No,Yes,No,
BrainTumor_08873.jpg,No,No,,Yes,Yes,No,,,,No,
BrainTumor_08874.jpg,Yes,No,Yes,No,Yes,No,Yes,No,,,Yes
BrainTumor_08875.jpg,No,,,No,Yes,No,,,Yes,,
BrainTumor_08876.jpg,No,,,Yes,,Yes,No,,,Yes,Yes
BrainTumor_08877.jpg,No,Yes,No,No,,No,Yes,Yes,Yes,Yes,Yes
BrainTumor_08878.jpg,No,No,No,,,Yes,Yes,Yes,No,No,Yes
BrainTumor_08879.jpg,No,No,Yes,Yes,Yes,,No,Yes,No,Yes,
BrainTumor_08880.jpg,Yes,No,,No,Yes,,No,,Yes,No,Yes
BrainTumor_08881.jpg,Yes,,,No,No,Yes,Yes,No,Yes,No,No
BrainTumor_08882.jpg,,No,,,Yes,No,,Yes,,Yes,
BrainTumor_08883.jpg,,Yes,,,,Yes,,,,Yes,Yes
BrainTumor_08884.jpg,,Yes,No,No,Yes,,Yes,No,,Yes,No
BrainTumor_08885.jpg,,Yes,Yes,Yes,Yes,Yes,,,,,
BrainTumor_08886.jpg,No,No,,,Yes,,Yes,Yes,No,No,Yes
BrainTumor_08887.jpg,Yes,,No,No,No,,Yes,Yes,No,No,
BrainTumor_08888.jpg,Yes,No,Yes,Yes,No,,Yes,Yes,Yes,Yes,
BrainTumor_08889.jpg,No,Yes,,No,No,,Yes,No,No,,No
BrainTumor_08890.jpg,No,Yes,Yes,No,Yes,,No,No,,Yes,No
BrainTumor_08891.jpg,Yes,Yes,Yes,No,No,Yes,No,Yes,,No,
BrainTumor_08892.jpg,Yes,,No,No,Yes,No,No,,No,,Yes
BrainTumor_08893.jpg,Yes,Yes,,,Yes,,,No,Yes,No,Yes
BrainTumor_08894.jpg,Yes,,Yes,No,No,,Yes,No,,Yes,
BrainTumor_08895.jpg,Yes,Yes,,No,No,,No,,No,,No
BrainTumor_08896.jpg,,Yes,Yes,,,Yes,,,Yes,Yes,Yes
BrainTumor_08897.jpg,,,No,Yes,Yes,,Yes,Yes,No,,
BrainTumor_08898.jpg,,Yes,Yes,,Yes,Yes,,Yes,Yes,Yes,Yes
BrainTumor_08899.jpg,Yes,No,,,Yes,Yes,,Yes,No,No,No
BrainTumor_08900.jpg,Yes,Yes,Yes,No,,,,Yes,Yes,Yes,No
BrainTumor_08901.jpg,,No,,,No,,No,No,,No,No
BrainTumor_08902.jpg,,No,,No,No,,Yes,No,,,No
BrainTumor_08903.jpg,No,Yes,No,Yes,,,No,,No,,Yes
BrainTumor_08904.jpg,Yes,,Yes,Yes,No,,,,Yes,Yes,No
BrainTumor_08905.jpg,Yes,,Yes,No,No,No,,No,Yes,Yes,No
BrainTumor_08906.jpg,No,No,No,Yes,No,Yes,No,Yes,,Yes,
BrainTumor_08907.jpg,Yes,No,No,Yes,No,No,No,No,No,,Yes
BrainTumor_08908.jpg,No,Yes,Yes,Yes,Yes,Yes,,,,No,
BrainTumor_08909.jpg,Yes,,Yes,Yes,,,Yes,Yes,,Yes,Yes
BrainTumor_08910.jpg,Yes,Yes,,,,,Yes,Yes,No,,
BrainTumor_08911.jpg,No,,No,No,No,,,Yes,Yes,,No
BrainTumor_08912.jpg,,,Yes,No,,Yes,No,Yes,Yes,No,
BrainTumor_08913.jpg,Yes,No,,Yes,Yes,No,Yes,,Yes,Yes,
BrainTumor_08914.jpg,Yes,,Yes,Yes,No,,,No,,,No
BrainTumor_08915.jpg,No,Yes,Yes,,Yes,No,Yes,Yes,No,,Yes
BrainTumor_08916.jpg,,,No,No,No,,,,Yes,Yes,No
BrainTumor_08917.jpg,,No,,,,No,No,,,Yes,
BrainTumor_08918.jpg,Yes,No,Yes,Yes,No,,,,,,
BrainTumor_08919.jpg,,Yes,No,No,,No,Yes,No,No,,No
BrainTumor_08920.jpg,Yes,No,No,No,,,Yes,,Yes,Yes,
BrainTumor_08921.jpg,No,No,Yes,Yes,,Yes,No,No,No,No,Yes
BrainTumor_08922.jpg,No,No,,Yes,,,,Yes,Yes,No,Yes
BrainTumor_08923.jpg,Yes,No,No,Yes,No,No,No,,,No,
BrainTumor_08924.jpg,,Yes,No,No,Yes,Yes,Yes,No,Yes,,No
BrainTumor_08925.jpg,No,Yes,No,No,No,Yes,,,No,,
BrainTumor_08926.jpg,,Yes,,Yes,Yes,No,No,,No,,No
BrainTumor_08927.jpg,No,,Yes,,,Yes,Yes,Yes,No,Yes,
BrainTumor_08928.jpg,Yes,Yes,No,,,,,,,No,No
BrainTumor_08929.jpg,No,,No,No,,No,,No,No,No,Yes
BrainTumor_08930.jpg,Yes,,,No,No,No,,No,,,Yes
BrainTumor_08931.jpg,,,Yes,,,Yes,Yes,No,,,
BrainTumor_08932.jpg,No,No,No,,No,Yes,,,Yes,No,
BrainTumor_08933.jpg,No,,No,Yes,Yes,No,No,,,,No
BrainTumor_08934.jpg,No,Yes,,No,,Yes,No,No,Yes,No,Yes
BrainTumor_08935.jpg,,Yes,,,No,Yes,Yes,Yes,No,No,Yes
BrainTumor_08936.jpg,,Yes,,Yes,Yes,Yes,Yes,No,,No,
BrainTumor_08937.jpg,,,,No,No,Yes,No,Yes,,Yes,Yes
BrainTumor_08938.jpg,,No,,,Yes,,,,,No,No
BrainTumor_08939.jpg,Yes,No,Yes,,Yes,Yes,No,,No,No,
BrainTumor_08940.jpg,Yes,,,,Yes,No,Yes,,Yes,,
BrainTumor_08941.jpg,No,Yes,Yes,Yes,No,No,Yes,Yes,Yes,Yes,Yes
BrainTumor_08942.jpg,,No,,,,No,,No,No,Yes,No
BrainTumor_08943.jpg,No,No,No,,Yes,,,No,,,
BrainTumor_08944.jpg,No,,No,No,No,,No,Yes,No,No,
BrainTumor_08945.jpg,,Yes,,No,No,,Yes,No,,No,
BrainTumor_08946.jpg,Yes,No,Yes,,Yes,Yes,Yes,Yes,No,No,Yes
BrainTumor_08947.jpg,Yes,,Yes,,Yes,Yes,Yes,,,Yes,
BrainTumor_08948.jpg,No,No,No,,Yes,Yes,Yes,,No,No,No
BrainTumor_08949.jpg,No,No,Yes,,Yes,No,,Yes,,Yes,No
BrainTumor_08950.jpg,,,,,,Yes,Yes,No,,No,Yes
BrainTumor_08951.jpg,Yes,,No,,No,Yes,,,Yes,,Yes
BrainTumor_08952.jpg,No,,No,No,Yes,No,Yes,No,,No,
BrainTumor_08953.jpg,No,,No,,No,No,No,No,No,Yes,No
BrainTumor_08954.jpg,Yes,No,Yes,,Yes,No,,Yes,Yes,,No
BrainTumor_08955.jpg,Yes,No,No,Yes,Yes,Yes,,,Yes,,Yes
BrainTumor_08956.jpg,No,Yes,No,Yes,Yes,No,,No,,Yes,No
BrainTumor_08957.jpg,No,,Yes,Yes,Yes,No,,,,No,No
BrainTumor_08958.jpg,,No,No,,No,,Yes,,,No,No
BrainTumor_08959.jpg,No,Yes,No,,,,,No,Yes,,
BrainTumor_08960.jpg,,No,Yes,Yes,,Yes,,Yes,No,No,No
BrainTumor_08961.jpg,Yes,No,Yes,,No,,Yes,Yes,No,,Yes
BrainTumor_08962.jpg,Yes,No,,No,No,No,No,No,,,No
BrainTumor_08963.jpg,Yes,,Yes,,Yes,Yes,No,No,,,No
BrainTumor_08964.jpg,,Yes,No,No,No,,No,No,No,Yes,
BrainTumor_08965.jpg,,,No,,Yes,,,No,,Yes,No
BrainTumor_08966.jpg,,No,Yes,No,,Yes,Yes,,Yes,No,No
BrainTumor_08967.jpg,,No,,Yes,,No,Yes,Yes,No,Yes,
BrainTumor_08968.jpg,,,,Yes,Yes,,No,No,,No,Yes
BrainTumor_08969.jpg,No,No,No,Yes,No,Yes,No,,Yes,No,Yes
BrainTumor_08970.jpg,,,,,,,Yes,No,,,Yes
BrainTumor_08971.jpg,Yes,No,,No,No,No,No,Yes,Yes,Yes,Yes
BrainTumor_08972.jpg,,,No,,Yes,Yes,Yes,,Yes,,No
BrainTumor_08973.jpg,Yes,,,,No,,No,Yes,Yes,No,
BrainTumor_08974.jpg,No,,Yes,No,,,,,Yes,No,Yes
BrainTumor_08975.jpg,Yes,,,No,Yes,,No,,Yes,No,No
BrainTumor_08976.jpg,,No,Yes,,No,No,No,No,,Yes,
BrainTumor_08977.jpg,Yes,Yes,,,No,,,,No,Yes,Yes
BrainTumor_08978.jpg,,No,,Yes,Yes,Yes,No,Yes,Yes,,No
BrainTumor_08979.jpg,No,Yes,Yes,Yes,Yes,Yes,Yes,No,No,,No
BrainTumor_08980.jpg,No,Yes,No,No,,,Yes,Yes,No,Yes,No
BrainTumor_08981.jpg,No,,,Yes,No,Yes,No,,Yes,Yes,No
BrainTumor_08982.jpg,No,No,,No,No,,No,Yes,Yes,Yes,
BrainTumor_08983.jpg,No,No,,No,,Yes,No,No,Yes,Yes,
BrainTumor_08984.jpg,No,No,,No,,,Yes,,No,Yes,
BrainTumor_08985.jpg,Yes,Yes,No,Yes,,No,Yes,,,Yes,
BrainTumor_08986.jpg,Yes,No,Yes,,Yes,Yes,,No,No,,Yes
BrainTumor_08987.jpg,Yes,No,Yes,No,,Yes,,,No,,No
BrainTumor_08988.jpg,,Yes,Yes,Yes,Yes,No,,Yes,No,,No
BrainTumor_08989.jpg,No,No,No,No,Yes,,No,Yes,Yes,Yes,No
BrainTumor_08990.jpg,No,No,No,,No,No,No,Yes,No,Yes,
BrainTumor_08991.jpg,Yes,No,No,,Yes,No,,,No,No,Yes
BrainTumor_08992.jpg,Yes,,Yes,No,No,Yes,,No,,Yes,
BrainTumor_08993.jpg,No,,No,No,No,,,,,No,No
BrainTumor_08994.jpg,,,Yes,No,,Yes,,Yes,Yes,Yes,Yes
BrainTumor_08995.jpg,No,,,No,No,Yes,No,No,No,Yes,No
BrainTumor_08996.jpg,No,No,No,No,No,Yes,No,,,,Yes
BrainTumor_08997.jpg,No,,Yes,,Yes,,No,,Yes,No,No
BrainTumor_08998.jpg,Yes,,No,,,No,,Yes,Yes,,No
BrainTumor_08999.jpg,No,Yes,Yes,Yes,No,No,Yes,Yes,No,Yes,Yes
BrainTumor_09000.jpg,No,,No,,,No,No,Yes,,Yes,Yes
BrainTumor_09001.jpg,Yes,No,No,Yes,No,,,No,Yes,,
BrainTumor_09002.jpg,Yes,,,No,No,,,Yes,No,Yes,No
BrainTumor_09003.jpg,No,No,,Yes,,,No,,Yes,No,No
BrainTumor_09004.jpg,No,No,,,,No,Yes,,No,No,Yes
BrainTumor_09005.jpg,Yes,Yes,No,Yes,No,Yes,,No,,,
BrainTumor_09006.jpg,,,,Yes,No,,,No,Yes,Yes,No
BrainTumor_09007.jpg,No,Yes,No,No,Yes,,,Yes,No,Yes,No
BrainTumor_09008.jpg,Yes,No,No,,No,No,,No,Yes,Yes,Yes
BrainTumor_09009.jpg,No,No,,Yes,Yes,No,Yes,No,Yes,,Yes
BrainTumor_09010.jpg,No,,Yes,,Yes,,,Yes,,Yes,No
BrainTumor_09011.jpg,,Yes,Yes,Yes,No,No,,,Yes,,Yes
BrainTumor_09012.jpg,,Yes,Yes,,No,No,Yes,No,No,,
BrainTumor_09013.jpg,No,,Yes,,No,,Yes,,,Yes,Yes
BrainTumor_09014.jpg,Yes,,,Yes,Yes,No,No,No,No,,No
BrainTumor_09015.jpg,,Yes,Yes,,,,,Yes,Yes,No,
BrainTumor_09016.jpg,,Yes,,No,No,Yes,No,Yes,,,Yes
BrainTumor_09017.jpg,Yes,,Yes,Yes,,No,,Yes,No,No,
BrainTumor_09018.jpg,,Yes,,,No,Yes,No,,Yes,No,
BrainTumor_09019.jpg,Yes,Yes,Yes,,No,Yes,,No,Yes,,No
BrainTumor_09020.jpg,No,,No,No,Yes,No,,,,,Yes
BrainTumor_09021.jpg,,,,Yes,No,Yes,,,,No,
BrainTumor_09022.jpg,No,,,,No,No,No,No,Yes,No,
BrainTumor_09023.jpg,Yes,No,No,,No,No,No,Yes,,Yes,
BrainTumor_09024.jpg,No,Yes,No,,Yes,No,No,Yes,Yes,No,Yes
BrainTumor_09025.jpg,,,Yes,Yes,Yes,,,No,Yes,Yes,
BrainTumor_09026.jpg,No,Yes,,No,,,Yes,Yes,No,,Yes
BrainTumor_09027.jpg,Yes,Yes,Yes,No,Yes,Yes,No,,Yes,No,Yes
BrainTumor_09028.jpg,No,,No,No,No,No,,Yes,,,Yes
BrainTumor_09029.jpg,No,,,,No,Yes,,No,Yes,Yes,No
BrainTumor_09030.jpg,No,,,,Yes,No,,,No,No,No
BrainTumor_09031.jpg,No,,No,,,,,No,Yes,Yes,
BrainTumor_09032.jpg,No,Yes,Yes,,No,Yes,,No,,No,
BrainTumor_09033.jpg,Yes,No,,Yes,Yes,,No,,Yes,No,
BrainTumor_09034.jpg,,No,Yes,No,,No,Yes,No,Yes,,
BrainTumor_09035.jpg,,,Yes,,Yes,,No,,Yes,No,Yes
BrainTumor_09036.jpg,Yes,Yes,,,No,No,,Yes,No,Yes,No
BrainTumor_09037.jpg,,,Yes,,No,No,,,No,Yes,
BrainTumor_09038.jpg,No,,No,,No,,Yes,,No,No,
BrainTumor_09039.jpg,No,No,,Yes,,,No,,,Yes,Yes
BrainTumor_09040.jpg,No,No,,No,No,No,No,No,,No,No
BrainTumor_09041.jpg,Yes,Yes,No,Yes,No,No,No,,,No,No
BrainTumor_09042.jpg,No,,Yes,No,,Yes,Yes,Yes,Yes,Yes,No
BrainTumor_09043.jpg,Yes,Yes,Yes,No,,Yes,No,Yes,Yes,No,No
BrainTumor_09044.jpg,,No,No,Yes,Yes,,,,No,,No
BrainTumor_09045.jpg,,No,Yes,,No,Yes,No,No,,Yes,Yes
BrainTumor_09046.jpg,Yes,,Yes,,Yes,Yes,,Yes,No,,Yes
BrainTumor_09047.jpg,No,No,No,,Yes,No,Yes,,No,Yes,
BrainTumor_09048.jpg,No,No,,,Yes,,Yes,,Yes,,
BrainTumor_09049.jpg,Yes,No,No,No,Yes,Yes,Yes,No,Yes,Yes,No
BrainTumor_09050.jpg,No,Yes,Yes,Yes,No,No,,Yes,,No,Yes
BrainTumor_09051.jpg,Yes,,,No,Yes,,No,,Yes,No,No
BrainTumor_09052.jpg,No,Yes,Yes,No,Yes,No,No,,No,No,
BrainTumor_09053.jpg,No,,Yes,,Yes,,No,,No,No,Yes
BrainTumor_09054.jpg,No,No,,Yes,Yes,Yes,No,,Yes,Yes,Yes
BrainTumor_09055.jpg,Yes,Yes,,Yes,,No,Yes,Yes,No,Yes,No
BrainTumor_09056.jpg,No,No,No,,,,,,Yes,,No
BrainTumor_09057.jpg,No,Yes,Yes,Yes,Yes,No,No,,,,No
BrainTumor_09058.jpg,,,No,,No,Yes,Yes,,,Yes,
BrainTumor_09059.jpg,,No,No,,Yes,,No,No,,,
BrainTumor_09060.jpg,Yes,Yes,,Yes,Yes,No,No,Yes,No,Yes,
BrainTumor_09061.jpg,Yes,Yes,Yes,Yes,,,Yes,Yes,Yes,Yes,
BrainTumor_09062.jpg,Yes,Yes,No,No,,Yes,Yes,No,No,Yes,No
BrainTumor_09063.jpg,,,No,No,Yes,Yes,,No,Yes,Yes,No
BrainTumor_09064.jpg,Yes,No,No,,Yes,Yes,No,,,Yes,Yes
BrainTumor_09065.jpg,No,No,Yes,No,No,Yes,No,No,No,No,Yes
BrainTumor_09066.jpg,No,No,Yes,No,No,,Yes,No,Yes,Yes,
BrainTumor_09067.jpg,No,Yes,,,Yes,,Yes,Yes,,Yes,No
BrainTumor_09068.jpg,Yes,No,,Yes,Yes,No,,No,Yes,No,Yes
BrainTumor_09069.jpg,,Yes,,No,,No,,Yes,Yes,Yes,Yes
BrainTumor_09070.jpg,,,No,,No,No,Yes,Yes,Yes,Yes,No
BrainTumor_09071.jpg,Yes,,No,No,,,Yes,,No,Yes,No
BrainTumor_09072.jpg,,Yes,,,No,,Yes,,Yes,No,
BrainTumor_09073.jpg,No,No,,No,No,No,,,,No,Yes
BrainTumor_09074.jpg,Yes,Yes,,No,No,,Yes,,Yes,Yes,Yes
BrainTumor_09075.jpg,Yes,Yes,No,No,No,,Yes,,No,No,No
BrainTumor_09076.jpg,Yes,,,No,No,Yes,No,No,Yes,,
BrainTumor_09077.jpg,No,Yes,,No,,Yes,Yes,Yes,Yes,No,Yes
BrainTumor_09078.jpg,Yes,,No,,No,Yes,Yes,No,,Yes,Yes
BrainTumor_09079.jpg,No,,No,,,Yes,No,No,No,Yes,
BrainTumor_09080.jpg,No,,,Yes,No,,No,No,No,,Yes
BrainTumor_09081.jpg,Yes,,No,No,No,Yes,,Yes,Yes,,Yes
BrainTumor_09082.jpg,,Yes,No,,No,Yes,,No,,Yes,Yes
BrainTumor_09083.jpg,,Yes,Yes,No,No,Yes,Yes,No,,,
BrainTumor_09084.jpg,,Yes,,No,No,,Yes,,,No,
BrainTumor_09085.jpg,Yes,No,No,Yes,Yes,No,No,,No,No,No
BrainTumor_09086.jpg,,,,No,,Yes,No,,,Yes,
BrainTumor_09087.jpg,No,,No,No,Yes,No,No,No,Yes,No,
BrainTumor_09088.jpg,,Yes,No,Yes,Yes,,Yes,,Yes,Yes,Yes
BrainTumor_09089.jpg,No,,No,Yes,No,Yes,,No,Yes,Yes,
BrainTumor_09090.jpg,,Yes,Yes,Yes,No,No,No,Yes,Yes,Yes,Yes
BrainTumor_09091.jpg,,,,Yes,,Yes,Yes,,,Yes,No
BrainTumor_09092.jpg,,,Yes,Yes,Yes,No,No,Yes,Yes,Yes,
BrainTumor_09093.jpg,No,,No,Yes,No,Yes,Yes,,,,Yes
BrainTumor_09094.jpg,,No,No,No,No,,,No,No,No,Yes
BrainTumor_09095.jpg,Yes,Yes,No,No,Yes,No,,Yes,Yes,Yes,Yes
BrainTumor_09096.jpg,No,Yes,,No,Yes,,,,Yes,,
BrainTumor_09097.jpg,Yes,Yes,Yes,No,,,No,,Yes,No,Yes
BrainTumor_09098.jpg,,,Yes,Yes,,No,,No,,,No
BrainTumor_09099.jpg,Yes,Yes,Yes,Yes,,No,No,Yes,,No,No
BrainTumor_09100.jpg,,Yes,Yes,Yes,,Yes,,Yes,No,,No
BrainTumor_09101.jpg,No,No,No,Yes,No,,Yes,No,Yes,Yes,Yes
BrainTumor_09102.jpg,No,,Yes,No,,,Yes,No,No,No,No
BrainTumor_09103.jpg,No,,Yes,Yes,Yes,No,No,Yes,,Yes,
BrainTumor_09104.jpg,Yes,Yes,,,Yes,,Yes,,Yes,,Yes
BrainTumor_09105.jpg,No,No,Yes,,Yes,,No,Yes,No,No,No
BrainTumor_09106.jpg,No,No,Yes,Yes,Yes,,Yes,,Yes,No,
BrainTumor_09107.jpg,No,Yes,,,Yes,,Yes,Yes,,Yes,Yes
BrainTumor_09108.jpg,No,,Yes,,No,Yes,,,,,
BrainTumor_09109.jpg,No,,No,,No,Yes,No,Yes,No,Yes,Yes
BrainTumor_09110.jpg,No,Yes,,Yes,Yes,Yes,No,,,Yes,
BrainTumor_09111.jpg,No,Yes,No,,No,,Yes,Yes,Yes,,No
BrainTumor_09112.jpg,Yes,,,,No,No,,Yes,No,Yes,Yes
BrainTumor_09113.jpg,Yes,No,No,Yes,No,Yes,,No,No,Yes,No
BrainTumor_09114.jpg,Yes,No,No,Yes,Yes,Yes,,,,,Yes
BrainTumor_09115.jpg,No,No,,,No,Yes,,,,,Yes
BrainTumor_09116.jpg,Yes,Yes,Yes,Yes,Yes,No,Yes,No,,No,Yes
BrainTumor_09117.jpg,Yes,Yes,Yes,Yes,Yes,,,,Yes,Yes,No
BrainTumor_09118.jpg,,,,No,,No,,,,Yes,No
BrainTumor_09119.jpg,No,,,Yes,No,Yes,,,,No,No
BrainTumor_09120.jpg,,,Yes,Yes,Yes,No,Yes,Yes,No,,
BrainTumor_09121.jpg,No,No,No,No,Yes,,,Yes,Yes,Yes,No
BrainTumor_09122.jpg,,Yes,No,No,No,,Yes,No,No,,
BrainTumor_09123.jpg,No,Yes,No,,Yes,,No,Yes,,,
BrainTumor_09124.jpg,,,No,Yes,No,,,,Yes,Yes,
BrainTumor_09125.jpg,No,Yes,,Yes,No,No,,No,Yes,Yes,Yes
BrainTumor_09126.jpg,,,,,,Yes,,,No,,
BrainTumor_09127.jpg,Yes,Yes,,Yes,,,No,Yes,No,Yes,Yes
BrainTumor_09128.jpg,,Yes,No,No,Yes,No,,Yes,Yes,,No
BrainTumor_09129.jpg,Yes,Yes,,No,Yes,No,Yes,,Yes,Yes,No
BrainTumor_09130.jpg,Yes,,Yes,No,Yes,Yes,Yes,Yes,,No,
BrainTumor_09131.jpg,Yes,Yes,,Yes,No,Yes,,,No,No,Yes
BrainTumor_09132.jpg,,Yes,,No,No,,Yes,,,Yes,No
BrainTumor_09133.jpg,Yes,,,No,Yes,Yes,,No,No,Yes,No
BrainTumor_09134.jpg,No,No,No,,Yes,Yes,,No,,No,Yes
BrainTumor_09135.jpg,Yes,No,No,,,No,No,,Yes,No,Yes
BrainTumor_09136.jpg,,No,Yes,,Yes,Yes,,,Yes,No,Yes
BrainTumor_09137.jpg,Yes,No,No,Yes,No,No,No,,,No,
BrainTumor_09138.jpg,,Yes,,Yes,,No,,,No,No,
BrainTumor_09139.jpg,No,No,Yes,No,No,Yes,No,No,No,Yes,
BrainTumor_09140.jpg,Yes,No,,Yes,No,Yes,,Yes,Yes,No,No
BrainTumor_09141.jpg,Yes,No,Yes,,,No,Yes,Yes,No,,Yes
BrainTumor_09142.jpg,No,,No,,No,No,No,Yes,No,,No
BrainTumor_09143.jpg,,Yes,Yes,Yes,No,Yes,,,,Yes,No
BrainTumor_09144.jpg,,Yes,Yes,,Yes,Yes,,No,,Yes,
BrainTumor_09145.jpg,,No,No,Yes,No,No,Yes,,Yes,,Yes
BrainTumor_09146.jpg,Yes,No,Yes,No,Yes,,,Yes,Yes,No,No
BrainTumor_09147.jpg,No,Yes,,No,,No,No,,No,Yes,No
BrainTumor_09148.jpg,No,,Yes,No,Yes,,,,Yes,Yes,
BrainTumor_09149.jpg,Yes,No,No,,Yes,,,Yes,Yes,,
BrainTumor_09150.jpg,Yes,No,Yes,No,Yes,,No,,No,,Yes
BrainTumor_09151.jpg,Yes,Yes,,,,,No,No,,Yes,No
BrainTumor_09152.jpg,No,No,,Yes,No,,No,Yes,,No,Yes
BrainTumor_09153.jpg,Yes,,No,No,No,Yes,Yes,,No,No,
BrainTumor_09154.jpg,No,No,,No,,No,Yes,,No,Yes,Yes
BrainTumor_09155.jpg,Yes,Yes,Yes,Yes,Yes,Yes,,,,Yes,Yes
BrainTumor_09156.jpg,No,Yes,Yes,No,No,No,,No,Yes,Yes,
BrainTumor_09157.jpg,Yes,,,,,No,Yes,No,No,,Yes
BrainTumor_09158.jpg,No,No,No,Yes,,Yes,Yes,Yes,,No,Yes
BrainTumor_09159.jpg,Yes,Yes,,,,Yes,,No,,Yes,Yes
BrainTumor_09160.jpg,No,Yes,,Yes,Yes,Yes,Yes,,No,Yes,
BrainTumor_09161.jpg,Yes,Yes,Yes,Yes,Yes,Yes,Yes,No,No,Yes,
BrainTumor_09162.jpg,No,,,No,No,Yes,No,No,,,
BrainTumor_09163.jpg,No,,No,No,Yes,No,,Yes,No,Yes,
BrainTumor_09164.jpg,Yes,No,No,No,,No,Yes,No,Yes,No,No
BrainTumor_09165.jpg,No,No,,No,No,No,No,Yes,No,Yes,
BrainTumor_09166.jpg,No,,No,,,No,Yes,Yes,Yes,Yes,
BrainTumor_09167.jpg,Yes,No,Yes,No,Yes,,Yes,,No,No,
BrainTumor_09168.jpg,No,No,Yes,,No,Yes,No,,,,Yes
BrainTumor_09169.jpg,,,,,Yes,No,Yes,No,No,No,
BrainTumor_09170.jpg,Yes,Yes,Yes,,No,,Yes,Yes,Yes,,No
BrainTumor_09171.jpg,No,No,,Yes,,,Yes,No,,,Yes
BrainTumor_09172.jpg,,,No,,Yes,,No,,No,No,
BrainTumor_09173.jpg,No,No,,,Yes,,No,No,Yes,No,Yes
BrainTumor_09174.jpg,Yes,,,,No,,,Yes,,,
BrainTumor_09175.jpg,,No,No,No,Yes,,Yes,Yes,Yes,No,No
BrainTumor_09176.jpg,Yes,Yes,No,No,Yes,Yes,No,Yes,Yes,No,No
BrainTumor_09177.jpg,Yes,Yes,No,,Yes,,Yes,,,Yes,No
BrainTumor_09178.jpg,Yes,No,Yes,Yes,No,No,,Yes,Yes,,No
BrainTumor_09179.jpg,,No,Yes,No,,No,,No,Yes,Yes,
BrainTumor_09180.jpg,Yes,No,No,No,Yes,,Yes,Yes,No,No,Yes
BrainTumor_09181.jpg,,Yes,No,Yes,,No,,Yes,,No,No
BrainTumor_09182.jpg,,Yes,,No,No,No,,Yes,No,,No
BrainTumor_09183.jpg,Yes,,Yes,Yes,No,Yes,Yes,No,,No,No
BrainTumor_09184.jpg,Yes,Yes,,No,No,,Yes,No,No,No,
BrainTumor_09185.jpg,No,No,,No,No,No,No,No,,No,
BrainTumor_09186.jpg,No,Yes,Yes,,,Yes,No,No,No,Yes,No
BrainTumor_09187.jpg,,Yes,,Yes,Yes,Yes,No,Yes,,Yes,Yes
BrainTumor_09188.jpg,,No,No,Yes,Yes,Yes,Yes,Yes,Yes,Yes,Yes
BrainTumor_09189.jpg,No,No,,Yes,Yes,Yes,Yes,Yes,Yes,No,Yes
BrainTumor_09190.jpg,,No,No,,Yes,,,,,,Yes
BrainTumor_09191.jpg,Yes,Yes,,No,Yes,Yes,No,No,No,Yes,Yes
BrainTumor_09192.jpg,No,No,No,,Yes,,Yes,Yes,Yes,Yes,Yes
BrainTumor_09193.jpg,Yes,Yes,No,Yes,,Yes,No,Yes,Yes,,Yes
BrainTumor_09194.jpg,No,,,Yes,No,No,No,,,,Yes
BrainTumor_09195.jpg,,No,No,,No,,No,No,Yes,No,Yes
BrainTumor_09196.jpg,,Yes,Yes,No,No,,No,Yes,,,No
BrainTumor_09197.jpg,Yes,,Yes,No,,No,No,,Yes,Yes,
BrainTumor_09198.jpg,,Yes,No,Yes,Yes,Yes,No,,No,No,Yes
BrainTumor_09199.jpg,Yes,No,No,No,,No,No,Yes,Yes,,
BrainTumor_09200.jpg,,No,No,,Yes,,Yes,Yes,Yes,,
BrainTumor_09201.jpg,,No,,No,No,,No,No,Yes,No,Yes
BrainTumor_09202.jpg,,,,,No,Yes,,,Yes,Yes,No
BrainTumor_09203.jpg,Yes,Yes,No,Yes,Yes,,,Yes,Yes,,Yes
BrainTumor_09204.jpg,,No,No,No,,No,No,Yes,No,No,No
BrainTumor_09205.jpg,No,Yes,Yes,Yes,,Yes,No,,Yes,,No
BrainTumor_09206.jpg,No,No,No,,Yes,Yes,Yes,Yes,No,No,
BrainTumor_09207.jpg,Yes,,,,Yes,No,,No,No,,
BrainTumor_09208.jpg,,Yes,Yes,Yes,,No,No,Yes,,,No
BrainTumor_09209.jpg,,Yes,,Yes,Yes,Yes,Yes,,Yes,,
BrainTumor_09210.jpg,,,No,,Yes,Yes,Yes,,Yes,Yes,Yes
BrainTumor_09211.jpg,Yes,No,,Yes,Yes,,,No,Yes,,
BrainTumor_09212.jpg,No,,No,Yes,No,,,Yes,Yes,Yes,No
BrainTumor_09213.jpg,Yes,,Yes,No,,No,Yes,No,No,No,No
BrainTumor_09214.jpg,No,No,Yes,,Yes,No,No,,Yes,,Yes
BrainTumor_09215.jpg,Yes,No,No,No,,,No,No,,,Yes
BrainTumor_09216.jpg,,Yes,,No,Yes,,,,,,No
BrainTumor_09217.jpg,Yes,Yes,No,Yes,,Yes,No,,Yes,No,Yes
BrainTumor_09218.jpg,,Yes,Yes,Yes,,No,,No,,Yes,Yes
BrainTumor_09219.jpg,No,No,No,Yes,,Yes,No,,,Yes,No
BrainTumor_09220.jpg,Yes,Yes,,No,No,Yes,Yes,No,Yes,No,No
BrainTumor_09221.jpg,No,Yes,,No,No,No,Yes,Yes,,No,
BrainTumor_09222.jpg,No,,No,Yes,Yes,Yes,Yes,Yes,,No,
BrainTumor_09223.jpg,No,,No,No,No,,,Yes,No,,Yes
BrainTumor_09224.jpg,No,,No,Yes,,,Yes,,Yes,No,No
BrainTumor_09225.jpg,No,No,,No,No,No,,No,No,No,No
BrainTumor_09226.jpg,,No,Yes,Yes,,,No,No,Yes,Yes,No
BrainTumor_09227.jpg,No,No,Yes,No,No,Yes,No,Yes,Yes,,
BrainTumor_09228.jpg,No,No,No,No,Yes,No,Yes,Yes,Yes,No,Yes
BrainTumor_09229.jpg,,,,Yes,No,Yes,,,,Yes,
BrainTumor_09230.jpg,Yes,Yes,Yes,No,No,No,No,,No,,Yes
BrainTumor_09231.jpg,Yes,Yes,,Yes,No,,,,No,,
BrainTumor_09232.jpg,,No,No,,No,Yes,Yes,Yes,No,No,
BrainTumor_09233.jpg,Yes,No,Yes,,No,,Yes,No,No,Yes,Yes
BrainTumor_09234.jpg,No,,,Yes,Yes,Yes,Yes,Yes,Yes,,Yes
BrainTumor_09235.jpg,Yes,Yes,No,Yes,,,,,No,,No
BrainTumor_09236.jpg,Yes,No,,,No,,Yes,Yes,Yes,,No
BrainTumor_09237.jpg,No,,Yes,No,Yes,No,Yes,Yes,Yes,No,No
BrainTumor_09238.jpg,,,Yes,Yes,Yes,,No,No,No,No,
BrainTumor_09239.jpg,No,Yes,,Yes,Yes,,,,No,No,
BrainTumor_09240.jpg,,Yes,Yes,,Yes,No,No,No,,Yes,
BrainTumor_09241.jpg,No,No,No,,Yes,,Yes,No,Yes,No,No
BrainTumor_09242.jpg,,,No,,Yes,Yes,,,Yes,No,
BrainTumor_09243.jpg,No,,Yes,No,Yes,No,,Yes,Yes,,Yes
BrainTumor_09244.jpg,No,No,Yes,,Yes,No,No,Yes,No,Yes,No
BrainTumor_09245.jpg,,,,Yes,Yes,,Yes,No,Yes,Yes,No
BrainTumor_09246.jpg,Yes,,Yes,No,No,No,,,,Yes,
BrainTumor_09247.jpg,,No,No,,,,,Yes,Yes,Yes,No
BrainTumor_09248.jpg,Yes,No,Yes,,Yes,No,Yes,No,No,No,
BrainTumor_09249.jpg,No,,Yes,No,No,No,No,No,No,,Yes
BrainTumor_09250.jpg,No,Yes,,No,Yes,No,,Yes,Yes,No,Yes
BrainTumor_09251.jpg,Yes,,,No,,,Yes,Yes,Yes,Yes,No
BrainTumor_09252.jpg,No,,No,Yes,No,,No,,Yes,Yes,No
BrainTumor_09253.jpg,,Yes,,No,Yes,No,,,No,,Yes
BrainTumor_09254.jpg,,No,,No,No,Yes,,,,,
BrainTumor_09255.jpg,,No,,Yes,Yes,No,,,Yes,,Yes
BrainTumor_09256.jpg,No,,,Yes,,,,No,Yes,,No
BrainTumor_09257.jpg,Yes,Yes,No,No,,No,,No,Yes,,Yes
BrainTumor_09258.jpg,Yes,,Yes,,Yes,Yes,Yes,No,No,No,Yes
BrainTumor_09259.jpg,No,No,No,Yes,,No,No,,Yes,No,No
BrainTumor_09260.jpg,No,,No,Yes,,,,Yes,Yes,,
BrainTumor_09261.jpg,No,,,Yes,No,,,Yes,,,Yes
BrainTumor_09262.jpg,Yes,No,,Yes,No,No,Yes,,No,,
BrainTumor_09263.jpg,No,,Yes,,No,,,Yes,,,Yes
BrainTumor_09264.jpg,,,,Yes,Yes,No,Yes,Yes,Yes,,Yes
BrainTumor_09265.jpg,,,,,,Yes,Yes,Yes,No,No,No
BrainTumor_09266.jpg,,Yes,No,Yes,Yes,No,,,No,,Yes
BrainTumor_09267.jpg,No,,Yes,Yes,,No,,,No,No,No
BrainTumor_09268.jpg,No,No,Yes,No,Yes,No,Yes,No,,,Yes
BrainTumor_09269.jpg,,Yes,,Yes,,Yes,,No,No,No,
BrainTumor_09270.jpg,Yes,No,,No,No,,Yes,Yes,No,Yes,No
BrainTumor_09271.jpg,No,Yes,No,No,Yes,No,No,Yes,Yes,No,Yes
BrainTumor_09272.jpg,Yes,Yes,Yes,Yes,Yes,Yes,No,,,Yes,No
BrainTumor_09273.jpg,No,Yes,,,,Yes,,No,,No,Yes
BrainTumor_09274.jpg,No,No,Yes,,,No,No,Yes,,,No
BrainTumor_09275.jpg,,No,Yes,Yes,,,,No,Yes,No,No
BrainTumor_09276.jpg,Yes,Yes,No,Yes,,No,No,,Yes,,Yes
BrainTumor_09277.jpg,No,,No,No,No,Yes,Yes,No,No,Yes,Yes
BrainTumor_09278.jpg,Yes,Yes,No,,,No,,No,,,Yes
BrainTumor_09279.jpg,,No,,Yes,No,Yes,Yes,Yes,Yes,No,No
BrainTumor_09280.jpg,,,No,,No,Yes,,No,,,No
BrainTumor_09281.jpg,No,Yes,Yes,Yes,Yes,,,,No,No,
BrainTumor_09282.jpg,No,No,Yes,Yes,Yes,,Yes,No,Yes,No,
BrainTumor_09283.jpg,,Yes,No,No,Yes,No,Yes,No,Yes,Yes,
BrainTumor_09284.jpg,,No,No,No,,Yes,Yes,No,Yes,,No
BrainTumor_09285.jpg,Yes,Yes,,No,,,,,Yes,Yes,
BrainTumor_09286.jpg,Yes,Yes,No,Yes,No,,,Yes,No,,Yes
BrainTumor_09287.jpg,Yes,No,,,,No,,,No,,No
BrainTumor_09288.jpg,,,,No,Yes,No,,No,No,,No
BrainTumor_09289.jpg,Yes,,No,Yes,Yes,Yes,,No,No,No,
BrainTumor_09290.jpg,,,,Yes,Yes,Yes,Yes,No,,No,No
BrainTumor_09291.jpg,No,No,No,,No,No,,Yes,Yes,Yes,Yes
BrainTumor_09292.jpg,,Yes,Yes,No,Yes,No,No,,No,,No
BrainTumor_09293.jpg,Yes,Yes,No,No,Yes,Yes,Yes,,Yes,Yes,Yes
BrainTumor_09294.jpg,,,No,No,,Yes,,No,No,,
BrainTumor_09295.jpg,No,,,Yes,Yes,Yes,Yes,No,No,,
BrainTumor_09296.jpg,Yes,,No,,Yes,No,,,Yes,,No
BrainTumor_09297.jpg,,No,No,No,Yes,Yes,Yes,,Yes,,
BrainTumor_09298.jpg,No,Yes,,Yes,No,Yes,Yes,,,No,Yes
BrainTumor_09299.jpg,,Yes,,Yes,,,No,Yes,Yes,,Yes
BrainTumor_09300.jpg,,,No,Yes,No,Yes,Yes,Yes,,,No
BrainTumor_09301.jpg,No,No,Yes,Yes,,No,,Yes,,,No
BrainTumor_09302.jpg,Yes,No,No,No,,No,Yes,Yes,,No,Yes
BrainTumor_09303.jpg,Yes,Yes,No,No,,No,Yes,No,,No,Yes
BrainTumor_09304.jpg,Yes,Yes,,,,Yes,,Yes,,Yes,
BrainTumor_09305.jpg,No,,No,,,Yes,Yes,Yes,,No,No
BrainTumor_09306.jpg,,No,,Yes,,,No,Yes,Yes,Yes,No
BrainTumor_09307.jpg,Yes,Yes,,Yes,No,Yes,Yes,,,No,Yes
BrainTumor_09308.jpg,Yes,Yes,Yes,,,No,Yes,Yes,No,No,No
BrainTumor_09309.jpg,No,Yes,No,No,,Yes,No,Yes,Yes,,No
BrainTumor_09310.jpg,No,Yes,Yes,No,,No,No,,No,,
BrainTumor_09311.jpg,,Yes,No,,Yes,,No,Yes,Yes,,Yes
BrainTumor_09312.jpg,No,Yes,,No,No,,No,No,No,,No
BrainTumor_09313.jpg,,Yes,,Yes,Yes,No,No,,Yes,No,No
BrainTumor_09314.jpg,,Yes,,No,,Yes,No,,,Yes,No
BrainTumor_09315.jpg,,No,,Yes,No,,No,No,No,,No
BrainTumor_09316.jpg,No,Yes,Yes,Yes,,,,,Yes,,No
BrainTumor_09317.jpg,No,,No,No,No,Yes,,No,Yes,Yes,No
BrainTumor_09318.jpg,No,Yes,Yes,,,,,,Yes,No,
BrainTumor_09319.jpg,,Yes,No,No,Yes,Yes,,,No,Yes,
BrainTumor_09320.jpg,No,Yes,No,,Yes,Yes,No,No,No,No,Yes
BrainTumor_09321.jpg,No,,,No,,,Yes,No,,Yes,
BrainTumor_09322.jpg,Yes,No,,Yes,,,No,,,Yes,No
BrainTumor_09323.jpg,Yes,,,Yes,Yes,Yes,No,Yes,No,No,
BrainTumor_09324.jpg,Yes,Yes,,No,Yes,No,Yes,Yes,,No,No
BrainTumor_09325.jpg,Yes,No,No,Yes,,,Yes,No,,No,
BrainTumor_09326.jpg,Yes,No,No,No,Yes,,,Yes,No,Yes,No
BrainTumor_09327.jpg,,Yes,Yes,Yes,Yes,,Yes,No,No,Yes,No
BrainTumor_09328.jpg,Yes,,Yes,,No,,No,,No,Yes,Yes
BrainTumor_09329.jpg,No,,No,,Yes,,Yes,Yes,No,No,
BrainTumor_09330.jpg,,,,,Yes,,Yes,Yes,Yes,Yes,No
BrainTumor_09331.jpg,No,Yes,Yes,Yes,No,No,Yes,No,No,No,No
BrainTumor_09332.jpg,,Yes,,,No,No,No,,No,No,Yes
BrainTumor_09333.jpg,,,Yes,,No,No,No,Yes,,,No
BrainTumor_09334.jpg,No,Yes,Yes,,,Yes,Yes,No,,No,
BrainTumor_09335.jpg,,,Yes,Yes,No,Yes,No,,Yes,,Yes
BrainTumor_09336.jpg,Yes,No,No,Yes,Yes,Yes,,,,,No
BrainTumor_09337.jpg,,,Yes,Yes,,Yes,,,Yes,Yes,Yes
BrainTumor_09338.jpg,Yes,Yes,Yes,Yes,Yes,No,Yes,Yes,,Yes,
BrainTumor_09339.jpg,,No,Yes,,Yes,No,Yes,No,No,,
BrainTumor_09340.jpg,No,No,No,Yes,,No,Yes,Yes,,,No
BrainTumor_09341.jpg,,No,,,,Yes,No,,Yes,Yes,No
BrainTumor_09342.jpg,,No,,No,No,No,,No,Yes,Yes,
BrainTumor_09343.jpg,,,No,,,Yes,No,No,,Yes,
BrainTumor_09344.jpg,,Yes,Yes,No,,,No,Yes,,,
BrainTumor_09345.jpg,,Yes,,No,No,Yes,,Yes,,Yes,
BrainTumor_09346.jpg,No,,No,No,Yes,Yes,No,No,,Yes,Yes
BrainTumor_09347.jpg,,No,No,,No,Yes,No,No,No,Yes,
BrainTumor_09348.jpg,No,,Yes,,Yes,No,Yes,No,No,,No
BrainTumor_09349.jpg,,,No,Yes,Yes,No,Yes,,No,,
BrainTumor_09350.jpg,No,Yes,No,Yes,,,Yes,No,No,Yes,No
BrainTumor_09351.jpg,No,Yes,Yes,,,Yes,No,No,Yes,No,Yes
BrainTumor_09352.jpg,Yes,,No,Yes,No,,No,No,No,Yes,No
BrainTumor_09353.jpg,No,,No,,No,No,,,Yes,Yes,
BrainTumor_09354.jpg,Yes,,Yes,Yes,Yes,,Yes,,Yes,,
BrainTumor_09355.jpg,No,,,No,Yes,Yes,Yes,Yes,No,No,Yes
BrainTumor_09356.jpg,Yes,,,Yes,,Yes,,No,,,Yes
BrainTumor_09357.jpg,Yes,No,,,No,Yes,,,,Yes,No
BrainTumor_09358.jpg,,Yes,No,No,No,Yes,Yes,No,No,,No
BrainTumor_09359.jpg,No,No,,Yes,Yes,No,Yes,Yes,No,No,No
BrainTumor_09360.jpg,Yes,No,,,Yes,Yes,,,Yes,,
BrainTumor_09361.jpg,No,,,Yes,No,No,Yes,,No,Yes,No
BrainTumor_09362.jpg,,,No,No,,,Yes,No,No,No,No
BrainTumor_09363.jpg,Yes,Yes,Yes,Yes,,Yes,No,,No,Yes,
BrainTumor_09364.jpg,Yes,,,Yes,No,No,,No,No,,No
BrainTumor_09365.jpg,No,No,No,No,No,,,,Yes,No,No
BrainTumor_09366.jpg,Yes,No,Yes,,Yes,No,No,Yes,Yes,Yes,Yes
BrainTumor_09367.jpg,No,No,Yes,Yes,,Yes,,No,No,No,No
BrainTumor_09368.jpg,No,,No,,Yes,,Yes,No,,Yes,Yes
BrainTumor_09369.jpg,No,Yes,,No,Yes,No,,No,No,No,No
BrainTumor_09370.jpg,,No,,,,,No,Yes,No,Yes,Yes
BrainTumor_09371.jpg,Yes,No,,Yes,,No,Yes,,No,Yes,Yes
BrainTumor_09372.jpg,No,Yes,Yes,Yes,No,No,Yes,,Yes,Yes,
BrainTumor_09373.jpg,No,Yes,,,Yes,Yes,No,,Yes,Yes,Yes
BrainTumor_09374.jpg,No,Yes,,No,,No,Yes,Yes,No,Yes,
BrainTumor_09375.jpg,Yes,,,,,Yes,Yes,Yes,,Yes,No
BrainTumor_09376.jpg,,Yes,,,,No,,Yes,No,Yes,
BrainTumor_09377.jpg,,,Yes,,,,Yes,Yes,,,
BrainTumor_09378.jpg,,,,No,,,No,No,No,Yes,
BrainTumor_09379.jpg,No,No,,No,No,Yes,No,,,No,
BrainTumor_09380.jpg,,,No,,Yes,Yes,No,No,No,,No
BrainTumor_09381.jpg,Yes,Yes,,,No,Yes,,No,No,,
BrainTumor_09382.jpg,Yes,Yes,No,Yes,Yes,No,No,No,Yes,Yes,No
BrainTumor_09383.jpg,No,Yes,No,,No,No,Yes,No,,No,
BrainTumor_09384.jpg,,No,No,Yes,No,No,No,Yes,,No,No
BrainTumor_09385.jpg,Yes,No,Yes,No,No,Yes,,No,No,,No
BrainTumor_09386.jpg,No,No,No,No,No,No,,No,No,No,
BrainTumor_09387.jpg,No,No,,No,No,No,Yes,Yes,No,No,Yes
BrainTumor_09388.jpg,Yes,Yes,,,Yes,Yes,No,,,Yes,No
BrainTumor_09389.jpg,,No,No,No,No,,No,No,Yes,No,No
BrainTumor_09390.jpg,,No,Yes,Yes,No,No,,Yes,Yes,Yes,No
BrainTumor_09391.jpg,Yes,Yes,Yes,Yes,,No,No,No,Yes,Yes,No
BrainTumor_09392.jpg,Yes,,Yes,,,No,,No,,No,
BrainTumor_09393.jpg,Yes,No,No,,Yes,,No,Yes,No,No,No
BrainTumor_09394.jpg,No,,No,,Yes,No,No,Yes,Yes,,No
BrainTumor_09395.jpg,Yes,No,Yes,No,Yes,,Yes,Yes,No,No,No
BrainTumor_09396.jpg,No,Yes,Yes,No,,No,Yes,Yes,Yes,Yes,Yes
BrainTumor_09397.jpg,,Yes,Yes,No,Yes,Yes,,No,Yes,Yes,
BrainTumor_09398.jpg,Yes,,No,,Yes,,Yes,,No,No,Yes
BrainTumor_09399.jpg,Yes,No,,,No,Yes,No,,No,Yes,No
BrainTumor_09400.jpg,,No,No,Yes,No,Yes,Yes,Yes,No,No,No
BrainTumor_09401.jpg,Yes,No,,,No,No,Yes,,Yes,,Yes
BrainTumor_09402.jpg,No,,,,,,No,Yes,Yes,No,Yes
BrainTumor_09403.jpg,Yes,Yes,,,No,Yes,No,Yes,,,Yes
BrainTumor_09404.jpg,Yes,,Yes,,Yes,,,No,Yes,No,Yes
BrainTumor_09405.jpg,Yes,No,,No,Yes,Yes,Yes,Yes,No,No,Yes
BrainTumor_09406.jpg,Yes,Yes,,No,Yes,No,Yes,No,No,Yes,Yes
BrainTumor_09407.jpg,Yes,,No,No,No,,,No,No,Yes,No
BrainTumor_09408.jpg,,,No,Yes,Yes,Yes,,,Yes,Yes,
BrainTumor_09409.jpg,Yes,No,Yes,,,No,No,No,,Yes,
BrainTumor_09410.jpg,No,Yes,Yes,No,No,Yes,,,No,,No
BrainTumor_09411.jpg,,Yes,,No,Yes,No,,No,,Yes,
BrainTumor_09412.jpg,No,Yes,,No,Yes,,,,,Yes,Yes
BrainTumor_09413.jpg,,Yes,,No,Yes,,Yes,Yes,No,No,Yes
BrainTumor_09414.jpg,Yes,Yes,Yes,Yes,,No,No,No,Yes,Yes,
BrainTumor_09415.jpg,,Yes,Yes,Yes,No,No,Yes,Yes,,Yes,Yes
BrainTumor_09416.jpg,Yes,,Yes,Yes,Yes,Yes,,Yes,No,Yes,
BrainTumor_09417.jpg,,,Yes,,Yes,No,,No,Yes,No,No
BrainTumor_09418.jpg,,Yes,Yes,,,Yes,No,Yes,Yes,No,No
BrainTumor_09419.jpg,Yes,,Yes,,No,No,,Yes,Yes,Yes,Yes
BrainTumor_09420.jpg,Yes,,,Yes,,Yes,Yes,,,No,
BrainTumor_09421.jpg,,,No,No,,No,No,Yes,Yes,No,No
BrainTumor_09422.jpg,Yes,No,No,No,No,,No,Yes,No,No,Yes
BrainTumor_09423.jpg,,Yes,,,No,No,,Yes,,Yes,Yes
BrainTumor_09424.jpg,No,No,No,,No,Yes,,No,No,Yes,
BrainTumor_09425.jpg,Yes,No,No,No,,,Yes,Yes,No,No,Yes
BrainTumor_09426.jpg,,,Yes,,Yes,Yes,,Yes,No,,Yes
BrainTumor_09427.jpg,No,,No,No,,,No,Yes,Yes,Yes,
BrainTumor_09428.jpg,,Yes,,,Yes,Yes,No,,,No,No
BrainTumor_09429.jpg,Yes,,No,,Yes,,No,,,Yes,Yes
BrainTumor_09430.jpg,No,No,,Yes,,Yes,,Yes,No,,No
BrainTumor_09431.jpg,Yes,,No,Yes,,No,No,Yes,Yes,No,Yes
BrainTumor_09432.jpg,,No,Yes,Yes,No,No,No,No,,Yes,No
BrainTumor_09433.jpg,No,,,,No,No,Yes,No,Yes,No,Yes
BrainTumor_09434.jpg,No,Yes,Yes,,No,Yes,,No,No,,
BrainTumor_09435.jpg,Yes,,,,,No,Yes,No,,Yes,
BrainTumor_09436.jpg,Yes,,No,Yes,Yes,No,Yes,No,No,Yes,
BrainTumor_09437.jpg,,Yes,,Yes,Yes,No,,No,Yes,Yes,No
BrainTumor_09438.jpg,No,Yes,Yes,,No,,No,Yes,Yes,Yes,Yes
BrainTumor_09439.jpg,No,No,Yes,Yes,Yes,,No,Yes,Yes,,
BrainTumor_09440.jpg,Yes,,No,,Yes,,Yes,Yes,,No,Yes
BrainTumor_09441.jpg,,No,,Yes,,Yes,No,Yes,Yes,No,
BrainTumor_09442.jpg,,No,Yes,,Yes,,Yes,No,Yes,No,Yes
BrainTumor_09443.jpg,,,No,Yes,,No,No,No,Yes,,Yes
BrainTumor_09444.jpg,Yes,No,,Yes,No,,Yes,,Yes,Yes,No
BrainTumor_09445.jpg,,No,No,,No,Yes,,No,,No,No
BrainTumor_09446.jpg,,No,No,No,No,Yes,Yes,,Yes,,
BrainTumor_09447.jpg,,No,,,Yes,No,,Yes,Yes,No,No
BrainTumor_09448.jpg,No,,No,Yes,No,Yes,No,No,,,Yes
BrainTumor_09449.jpg,Yes,No,Yes,No,,Yes,No,,Yes,,Yes
BrainTumor_09450.jpg,Yes,,Yes,,,No,Yes,Yes,,No,Yes
BrainTumor_09451.jpg,,No,,No,No,No,No,Yes,,,
BrainTumor_09452.jpg,No,No,Yes,Yes,,No,Yes,,No,Yes,Yes
BrainTumor_09453.jpg,Yes,Yes,,,,No,No,No,Yes,,
BrainTumor_09454.jpg,No,,,No,No,No,No,Yes,No,No,Yes
BrainTumor_09455.jpg,,,No,,Yes,,Yes,,,,No
BrainTumor_09456.jpg,No,No,No,,,No,Yes,,No,,
BrainTumor_09457.jpg,Yes,Yes,,,,Yes,,Yes,,No,No
BrainTumor_09458.jpg,,Yes,,,Yes,No,,No,Yes,Yes,Yes
BrainTumor_09459.jpg,No,Yes,Yes,,,,Yes,Yes,,,Yes
BrainTumor_09460.jpg,,,No,Yes,Yes,,Yes,Yes,Yes,No,Yes
BrainTumor_09461.jpg,No,,Yes,,No,Yes,Yes,,Yes,,
BrainTumor_09462.jpg,No,,Yes,No,Yes,Yes,No,,,,
BrainTumor_09463.jpg,Yes,,No,Yes,,Yes,Yes,,,No,
BrainTumor_09464.jpg,,No,No,Yes,Yes,No,Yes,,Yes,No,No
BrainTumor_09465.jpg,No,Yes,Yes,Yes,No,No,,No,Yes,No,
BrainTumor_09466.jpg,Yes,,No,No,No,Yes,,Yes,,Yes,Yes
BrainTumor_09467.jpg,,No,No,No,Yes,Yes,Yes,Yes,,No,Yes
BrainTumor_09468.jpg,No,No,Yes,No,No,No,Yes,Yes,No,,No
BrainTumor_09469.jpg,,No,Yes,,No,No,No,No,No,No,No
BrainTumor_09470.jpg,Yes,No,No,,No,No,No,Yes,,Yes,Yes
BrainTumor_09471.jpg,Yes,,No,,Yes,Yes,Yes,No,No,No,Yes
BrainTumor_09472.jpg,Yes,Yes,Yes,,,No,,No,Yes,No,
BrainTumor_09473.jpg,,Yes,,,Yes,No,Yes,Yes,,Yes,
BrainTumor_09474.jpg,No,Yes,,,No,Yes,Yes,Yes,Yes,,
BrainTumor_09475.jpg,,No,No,Yes,Yes,,No,Yes,,Yes,
BrainTumor_09476.jpg,,No,,No,No,,,,No,,Yes
BrainTumor_09477.jpg,Yes,,,,Yes,,Yes,No,No,No,
BrainTumor_09478.jpg,No,,No,No,No,,Yes,Yes,Yes,Yes,
BrainTumor_09479.jpg,,No,Yes,No,,No,,,No,,
BrainTumor_09480.jpg,,No,,Yes,,Yes,,Yes,,Yes,
BrainTumor_09481.jpg,Yes,Yes,No,,Yes,No,,,No,,No
BrainTumor_09482.jpg,,No,,No,,Yes,No,Yes,Yes,Yes,No
BrainTumor_09483.jpg,No,,No,Yes,Yes,No,No,Yes,,Yes,
BrainTumor_09484.jpg,,Yes,Yes,No,,,,Yes,No,,No
BrainTumor_09485.jpg,No,No,Yes,No,No,Yes,,,Yes,Yes,
BrainTumor_09486.jpg,No,Yes,Yes,No,,,,Yes,Yes,,
BrainTumor_09487.jpg,No,,No,,Yes,No,Yes,Yes,No,Yes,Yes
BrainTumor_09488.jpg,,,Yes,,No,,Yes,Yes,,,Yes
BrainTumor_09489.jpg,No,,No,No,,Yes,Yes,No,No,Yes,Yes
BrainTumor_09490.jpg,No,No,No,Yes,No,Yes,Yes,No,No,No,No
BrainTumor_09491.jpg,No,No,,,No,,,,Yes,Yes,
BrainTumor_09492.jpg,Yes,,Yes,Yes,Yes,,No,No,,Yes,Yes
BrainTumor_09493.jpg,No,,No,,,No,No,Yes,,,No
BrainTumor_09494.jpg,,,Yes,Yes,No,,No,,Yes,,No
BrainTumor_09495.jpg,No,Yes,,Yes,,No,No,Yes,,Yes,No
BrainTumor_09496.jpg,No,Yes,No,No,Yes,No,No,No,,,No
BrainTumor_09497.jpg,Yes,Yes,Yes,No,,No,No,,,No,No
BrainTumor_09498.jpg,No,Yes,,No,,Yes,No,Yes,No,No,Yes
BrainTumor_09499.jpg,Yes,No,No,No,Yes,No,Yes,Yes,,,
BrainTumor_09500.jpg,Yes,,,,,,No,,Yes,Yes,
BrainTumor_09501.jpg,Yes,Yes,Yes,No,No,,Yes,No,No,,Yes
BrainTumor_09502.jpg,Yes,,No,Yes,,No,No,,Yes,Yes,
BrainTumor_09503.jpg,No,No,Yes,No,,No,,,,No,Yes
BrainTumor_09504.jpg,,No,,No,Yes,No,,No,,Yes,
BrainTumor_09505.jpg,,Yes,Yes,,No,,Yes,No,No,,No
BrainTumor_09506.jpg,Yes,,No,,Yes,,,Yes,No,No,
BrainTumor_09507.jpg,,No,No,,,,Yes,No,No,Yes,No
BrainTumor_09508.jpg,No,Yes,,,No,,No,,Yes,No,Yes
BrainTumor_09509.jpg,Yes,Yes,No,No,No,,Yes,Yes,Yes,No,No
BrainTumor_09510.jpg,,Yes,No,No,,No,No,Yes,Yes,No,
BrainTumor_09511.jpg,No,,Yes,,,Yes,No,No,Yes,No,
BrainTumor_09512.jpg,,No,Yes,,Yes,Yes,,Yes,,No,Yes
BrainTumor_09513.jpg,,No,Yes,Yes,Yes,No,No,No,,No,No
BrainTumor_09514.jpg,Yes,Yes,,No,,No,No,No,No,No,Yes
BrainTumor_09515.jpg,Yes,No,,Yes,No,,No,,No,No,
BrainTumor_09516.jpg,,No,,Yes,,,Yes,,No,Yes,No
BrainTumor_09517.jpg,No,Yes,Yes,,Yes,No,No,Yes,No,,No
BrainTumor_09518.jpg,No,No,No,No,No,Yes,Yes,,No,Yes,
BrainTumor_09519.jpg,,Yes,No,,,,No,,,,Yes
BrainTumor_09520.jpg,No,Yes,No,,,Yes,,Yes,Yes,No,
BrainTumor_09521.jpg,,Yes,No,No,Yes,No,Yes,,,No,Yes
BrainTumor_09522.jpg,,No,Yes,No,Yes,No,No,,,No,Yes
BrainTumor_09523.jpg,Yes,,,No,No,,Yes,No,No,,No
BrainTumor_09524.jpg,No,,No,No,Yes,,No,No,,,
BrainTumor_09525.jpg,Yes,,Yes,No,Yes,,No,Yes,No,No,No
BrainTumor_09526.jpg,Yes,Yes,No,,Yes,,Yes,Yes,Yes,Yes,Yes
BrainTumor_09527.jpg,,Yes,No,,Yes,,No,,Yes,,Yes
BrainTumor_09528.jpg,,No,,No,Yes,,,,,,Yes
BrainTumor_09529.jpg,,Yes,No,,,No,,Yes,,No,No
BrainTumor_09530.jpg,Yes,Yes,,Yes,Yes,Yes,No,,,Yes,Yes
BrainTumor_09531.jpg,Yes,No,Yes,Yes,Yes,,Yes,Yes,No,Yes,
BrainTumor_09532.jpg,Yes,No,,No,No,,No,,,,
BrainTumor_09533.jpg,Yes,,No,,No,No,,No,No,Yes,No
BrainTumor_09534.jpg,Yes,No,Yes,,,No,,Yes,,Yes,Yes
BrainTumor_09535.jpg,,Yes,,,No,Yes,Yes,No,Yes,Yes,
BrainTumor_09536.jpg,Yes,No,No,,No,Yes,No,No,No,No,No
BrainTumor_09537.jpg,,Yes,,No,Yes,Yes,No,,,,
BrainTumor_09538.jpg,No,Yes,No,,Yes,Yes,Yes,Yes,Yes,Yes,Yes
BrainTumor_09539.jpg,,Yes,No,Yes,,No,No,Yes,No,Yes,No
BrainTumor_09540.jpg,No,Yes,,,Yes,,Yes,Yes,Yes,,No
BrainTumor_09541.jpg,No,,Yes,,Yes,,No,,,,Yes
BrainTumor_09542.jpg,,,No,,,,No,,,No,Yes
BrainTumor_09543.jpg,Yes,,No,No,No,No,No,Yes,Yes,,
BrainTumor_09544.jpg,Yes,Yes,Yes,Yes,Yes,,,,Yes,Yes,Yes
BrainTumor_09545.jpg,Yes,Yes,No,No,,Yes,,,,,No
BrainTumor_09546.jpg,No,,Yes,,Yes,Yes,,Yes,No,No,Yes
BrainTumor_09547.jpg,No,Yes,,,No,No,Yes,Yes,Yes,No,
BrainTumor_09548.jpg,No,No,,No,Yes,Yes,,,,,
BrainTumor_09549.jpg,No,No,Yes,Yes,Yes,No,No,No,,Yes,Yes
BrainTumor_09550.jpg,,,No,No,,Yes,Yes,No,Yes,No,
BrainTumor_09551.jpg,,No,,,No,No,Yes,Yes,,,Yes
BrainTumor_09552.jpg,,Yes,Yes,,Yes,,Yes,No,No,Yes,Yes
BrainTumor_09553.jpg,,No,Yes,Yes,,Yes,,,No,Yes,No
BrainTumor_09554.jpg,,No,,No,,No,,No,Yes,No,Yes
BrainTumor_09555.jpg,No,Yes,No,,Yes,No,Yes,,Yes,Yes,No
BrainTumor_09556.jpg,No,,,Yes,Yes,Yes,No,Yes,Yes,No,
BrainTumor_09557.jpg,,No,,Yes,No,No,No,No,No,Yes,
BrainTumor_09558.jpg,No,No,Yes,,Yes,No,Yes,No,Yes,No,Yes
BrainTumor_09559.jpg,,Yes,No,No,No,No,,,No,,No
BrainTumor_09560.jpg,Yes,,Yes,Yes,No,No,Yes,No,No,,
BrainTumor_09561.jpg,No,No,Yes,No,No,,No,,,No,Yes
BrainTumor_09562.jpg,No,No,,Yes,Yes,,No,No,No,No,No
BrainTumor_09563.jpg,No,No,,Yes,No,,No,No,Yes,,
BrainTumor_09564.jpg,Yes,No,No,No,No,Yes,No,Yes,,Yes,Yes
BrainTumor_09565.jpg,,Yes,,,No,,No,Yes,,No,Yes
BrainTumor_09566.jpg,No,Yes,No,No,,,,,Yes,Yes,No
BrainTumor_09567.jpg,No,Yes,Yes,No,Yes,Yes,Yes,Yes,,,Yes
BrainTumor_09568.jpg,Yes,,Yes,,Yes,,Yes,,Yes,,
BrainTumor_09569.jpg,,Yes,No,Yes,Yes,Yes,,,,No,No
BrainTumor_09570.jpg,No,,No,No,,No,,No,,,
BrainTumor_09571.jpg,Yes,No,Yes,No,,,Yes,Yes,,No,No
BrainTumor_09572.jpg,No,No,,No,,No,,,No,No,
BrainTumor_09573.jpg,No,Yes,No,,No,No,Yes,No,,,
BrainTumor_09574.jpg,,No,,Yes,,No,No,No,Yes,Yes,No
BrainTumor_09575.jpg,,,No,Yes,No,No,Yes,No,No,No,Yes
BrainTumor_09576.jpg,Yes,,No,No,,Yes,No,,,,
BrainTumor_09577.jpg,,Yes,,Yes,,Yes,No,,No,No,Yes
BrainTumor_09578.jpg,No,No,,,,,,,Yes,,No
BrainTumor_09579.jpg,No,,No,Yes,No,No,Yes,No,No,,
BrainTumor_09580.jpg,Yes,,,,No,No,Yes,Yes,Yes,,Yes
BrainTumor_09581.jpg,,Yes,No,No,No,No,Yes,No,Yes,,No
BrainTumor_09582.jpg,No,Yes,,,Yes,Yes,,,No,,Yes
BrainTumor_09583.jpg,Yes,,No,Yes,No,No,,Yes,No,Yes,No
BrainTumor_09584.jpg,Yes,,No,Yes,Yes,No,,No,,Yes,Yes
BrainTumor_09585.jpg,,No,,Yes,No,Yes,No,,No,,Yes
BrainTumor_09586.jpg,,Yes,No,No,No,,Yes,Yes,,Yes,Yes
BrainTumor_09587.jpg,,Yes,,No,Yes,,,No,Yes,Yes,Yes
BrainTumor_09588.jpg,No,Yes,No,No,,No,No,Yes,No,No,No
BrainTumor_09589.jpg,Yes,Yes,Yes,Yes,Yes,,Yes,No,No,Yes,
BrainTumor_09590.jpg,No,Yes,,,No,No,Yes,Yes,Yes,,Yes
BrainTumor_09591.jpg,,,,,Yes,Yes,Yes,Yes,Yes,,No
BrainTumor_09592.jpg,Yes,Yes,Yes,Yes,No,No,Yes,No,No,,Yes
BrainTumor_09593.jpg,Yes,,No,,Yes,,No,No,No,,No
BrainTumor_09594.jpg,Yes,No,Yes,Yes,Yes,No,,,,No,
BrainTumor_09595.jpg,,Yes,No,No,Yes,,Yes,No,Yes,No,Yes
BrainTumor_09596.jpg,No,No,,,,Yes,,No,Yes,,
BrainTumor_09597.jpg,No,Yes,Yes,No,Yes,No,,No,No,Yes,No
BrainTumor_09598.jpg,No,,No,Yes,No,No,,Yes,Yes,,
BrainTumor_09599.jpg,Yes,No,Yes,,Yes,,No,No,No,No,No
BrainTumor_09600.jpg,Yes,No,,Yes,Yes,No,Yes,No,No,No,No
BrainTumor_09601.jpg,Yes,Yes,No,Yes,No,,No,No,No,,
BrainTumor_09602.jpg,No,Yes,Yes,,No,Yes,,Yes,Yes,,No
BrainTumor_09603.jpg,Yes,Yes,,,Yes,Yes,No,No,,,
BrainTumor_09604.jpg,,No,Yes,No,Yes,No,,Yes,,Yes,No
BrainTumor_09605.jpg,Yes,,Yes,Yes,No,,No,,Yes,Yes,Yes
BrainTumor_09606.jpg,,Yes,Yes,Yes,Yes,No,No,Yes,No,Yes,Yes
BrainTumor_09607.jpg,No,,Yes,Yes,Yes,,,,,,
BrainTumor_09608.jpg,,Yes,No,No,,No,No,No,,,
BrainTumor_09609.jpg,Yes,No,,Yes,No,,,Yes,No,Yes,Yes
BrainTumor_09610.jpg,No,Yes,,No,No,No,,Yes,No,,Yes
BrainTumor_09611.jpg,Yes,,Yes,Yes,Yes,,,,No,Yes,No
BrainTumor_09612.jpg,,,No,No,,No,No,No,Yes,No,Yes
BrainTumor_09613.jpg,No,Yes,No,No,Yes,Yes,No,Yes,No,Yes,
BrainTumor_09614.jpg,No,,No,,,,,Yes,No,,Yes
BrainTumor_09615.jpg,No,,,,No,,No,,Yes,No,Yes
BrainTumor_09616.jpg,,Yes,Yes,,No,No,,Yes,,Yes,No
BrainTumor_09617.jpg,,,No,No,Yes,,Yes,Yes,,Yes,No
BrainTumor_09618.jpg,No,,,,No,No,No,,No,Yes,No
BrainTumor_09619.jpg,No,,No,,,Yes,No,Yes,Yes,Yes,No
BrainTumor_09620.jpg,Yes,No,Yes,No,,No,No,Yes,,Yes,
BrainTumor_09621.jpg,,,No,No,,,No,,,Yes,
BrainTumor_09622.jpg,No,,,No,No,Yes,No,No,Yes,,Yes
BrainTumor_09623.jpg,Yes,Yes,Yes,,No,Yes,,Yes,Yes,,Yes
BrainTumor_09624.jpg,No,,No,Yes,,No,Yes,No,,No,No
BrainTumor_09625.jpg,Yes,,No,Yes,Yes,,,No,No,No,
BrainTumor_09626.jpg,,,No,,Yes,Yes,No,No,No,No,No
BrainTumor_09627.jpg,No,Yes,No,,Yes,,No,Yes,,No,No
BrainTumor_09628.jpg,No,No,No,No,,,No,Yes,No,Yes,No
BrainTumor_09629.jpg,Yes,No,Yes,Yes,Yes,No,No,No,Yes,,Yes
BrainTumor_09630.jpg,Yes,,Yes,,Yes,No,Yes,No,,,Yes
BrainTumor_09631.jpg,,,No,Yes,No,No,No,,,,Yes
BrainTumor_09632.jpg,No,No,,,Yes,Yes,No,No,No,,Yes
BrainTumor_09633.jpg,No,,No,Yes,,Yes,Yes,,,,Yes
BrainTumor_09634.jpg,,No,Yes,Yes,Yes,No,,Yes,Yes,No,Yes
BrainTumor_09635.jpg,,Yes,Yes,No,No,Yes,,,No,No,
BrainTumor_09636.jpg,,Yes,No,,,,Yes,,,Yes,No
BrainTumor_09637.jpg,,,No,,No,Yes,Yes,No,,No,No
BrainTumor_09638.jpg,Yes,,,Yes,No,Yes,,Yes,Yes,,No
BrainTumor_09639.jpg,No,No,,,Yes,,,Yes,Yes,No,
BrainTumor_09640.jpg,Yes,Yes,Yes,Yes,,,,Yes,Yes,,No
BrainTumor_09641.jpg,No,No,Yes,,,Yes,No,Yes,Yes,Yes,Yes
BrainTumor_09642.jpg,No,Yes,,,Yes,,Yes,No,Yes,,Yes
BrainTumor_09643.jpg,,,,Yes,No,Yes,Yes,,No,No,No
BrainTumor_09644.jpg,No,No,No,,Yes,Yes,,No,No,,Yes
BrainTumor_09645.jpg,,,,,No,No,,Yes,No,Yes,
BrainTumor_09646.jpg,,Yes,No,Yes,,Yes,,,,Yes,
BrainTumor_09647.jpg,No,,,No,,Yes,No,,No,No,Yes
BrainTumor_09648.jpg,Yes,Yes,Yes,No,,Yes,Yes,,No,,Yes
BrainTumor_09649.jpg,Yes,No,,,Yes,No,Yes,No,Yes,No,No
BrainTumor_09650.jpg,No,No,,Yes,No,No,,,No,Yes,
BrainTumor_09651.jpg,Yes,,Yes,,,Yes,Yes,No,,,No
BrainTumor_09652.jpg,Yes,No,No,Yes,,Yes,,Yes,Yes,No,No
BrainTumor_09653.jpg,,No,No,No,Yes,Yes,No,,,No,No
BrainTumor_09654.jpg,Yes,,Yes,Yes,No,,Yes,Yes,Yes,No,No
BrainTumor_09655.jpg,Yes,,,Yes,Yes,,No,No,Yes,No,
BrainTumor_09656.jpg,Yes,,No,Yes,Yes,Yes,Yes,No,No,Yes,No
BrainTumor_09657.jpg,,,No,,No,Yes,,Yes,No,No,No
BrainTumor_09658.jpg,Yes,Yes,,No,Yes,,,,No,,Yes
BrainTumor_09659.jpg,No,No,Yes,,No,,,Yes,Yes,,Yes
BrainTumor_09660.jpg,,Yes,,No,,Yes,,Yes,,,Yes
BrainTumor_09661.jpg,,No,No,Yes,,No,,No,Yes,No,
BrainTumor_09662.jpg,,No,No,Yes,No,No,,,Yes,Yes,No
BrainTumor_09663.jpg,No,Yes,No,No,Yes,No,Yes,Yes,,,
BrainTumor_09664.jpg,,No,Yes,No,No,,Yes,,No,Yes,
BrainTumor_09665.jpg,,,Yes,No,No,Yes,No,Yes,,No,Yes
BrainTumor_09666.jpg,,No,No,No,,,Yes,,Yes,Yes,
BrainTumor_09667.jpg,Yes,Yes,,Yes,,Yes,No,,Yes,Yes,No
BrainTumor_09668.jpg,,,Yes,No,Yes,Yes,No,No,No,,
BrainTumor_09669.jpg,No,,Yes,Yes,,,No,No,No,No,
BrainTumor_09670.jpg,,No,No,Yes,No,No,,,Yes,,No
BrainTumor_09671.jpg,Yes,No,,,No,No,Yes,,,,Yes
BrainTumor_09672.jpg,Yes,No,No,,,Yes,Yes,,,,
BrainTumor_09673.jpg,Yes,,No,,No,Yes,,Yes,No,Yes,Yes
BrainTumor_09674.jpg,No,,Yes,No,Yes,No,Yes,Yes,,,No
BrainTumor_09675.jpg,No,Yes,Yes,No,,No,No,No,,,Yes
BrainTumor_09676.jpg,No,Yes,No,Yes,No,Yes,Yes,,Yes,No,No
BrainTumor_09677.jpg,No,,,,No,No,Yes,No,Yes,,
BrainTumor_09678.jpg,No,Yes,No,,,No,,No,Yes,Yes,No
BrainTumor_09679.jpg,No,Yes,No,No,Yes,,Yes,Yes,No,,
BrainTumor_09680.jpg,,Yes,No,No,Yes,No,No,,Yes,,No
BrainTumor_09681.jpg,Yes,No,No,Yes,,,No,Yes,No,Yes,Yes
BrainTumor_09682.jpg,Yes,No,No,Yes,,Yes,Yes,,No,No,
BrainTumor_09683.jpg,,Yes,,Yes,No,Yes,No,No,No,No,Yes
BrainTumor_09684.jpg,,,No,No,,,No,,Yes,,No
BrainTumor_09685.jpg,Yes,,No,Yes,,Yes,Yes,No,Yes,,Yes
BrainTumor_09686.jpg,No,,Yes,No,Yes,No,Yes,No,,Yes,No
BrainTumor_09687.jpg,,Yes,Yes,,Yes,Yes,No,No,,No,Yes
BrainTumor_09688.jpg,,,No,No,,No,,,Yes,Yes,
BrainTumor_09689.jpg,Yes,No,,Yes,Yes,,,No,,,Yes
BrainTumor_09690.jpg,Yes,Yes,,,No,Yes,Yes,Yes,,,Yes
BrainTumor_09691.jpg,Yes,,Yes,No,Yes,Yes,No,Yes,No,Yes,
BrainTumor_09692.jpg,No,,,Yes,No,,No,No,Yes,,
BrainTumor_09693.jpg,Yes,,,No,Yes,No,Yes,Yes,No,,Yes
BrainTumor_09694.jpg,,Yes,No,No,No,No,Yes,,Yes,Yes,No
BrainTumor_09695.jpg,Yes,,,Yes,No,Yes,,No,,,No
BrainTumor_09696.jpg,No,No,Yes,,Yes,Yes,Yes,No,Yes,,
BrainTumor_09697.jpg,,,,No,,,No,Yes,,,Yes
BrainTumor_09698.jpg,No,Yes,Yes,No,,,Yes,,No,,No
BrainTumor_09699.jpg,,Yes,No,Yes,Yes,Yes,,No,,Yes,Yes
BrainTumor_09700.jpg,,Yes,No,No,No,No,Yes,No,Yes,No,
BrainTumor_09701.jpg,Yes,Yes,Yes,Yes,No,,No,No,,No,
BrainTumor_09702.jpg,,No,,No,No,,Yes,Yes,No,,No
BrainTumor_09703.jpg,,,Yes,Yes,Yes,,No,Yes,,No,Yes
BrainTumor_09704.jpg,Yes,Yes,No,No,,,Yes,No,,No,
BrainTumor_09705.jpg,No,Yes,Yes,No,,,No,,,Yes,Yes
BrainTumor_09706.jpg,,,No,,,,Yes,Yes,Yes,,No
BrainTumor_09707.jpg,No,,No,No,No,No,Yes,Yes,No,,No
BrainTumor_09708.jpg,,Yes,Yes,Yes,,Yes,No,,No,No,Yes
BrainTumor_09709.jpg,,No,No,No,,,No,Yes,Yes,No,Yes
BrainTumor_09710.jpg,,,Yes,Yes,Yes,No,Yes,,,,Yes
BrainTumor_09711.jpg,No,,No,Yes,Yes,,,Yes,No,,Yes
BrainTumor_09712.jpg,No,,No,No,,Yes,Yes,No,Yes,No,Yes
BrainTumor_09713.jpg,,,,Yes,No,No,Yes,,Yes,Yes,Yes
BrainTumor_09714.jpg,Yes,Yes,,Yes,Yes,,No,Yes,No,Yes,Yes
BrainTumor_09715.jpg,Yes,Yes,No,Yes,Yes,Yes,Yes,Yes,No,Yes,
BrainTumor_09716.jpg,Yes,Yes,Yes,No,No,Yes,,No,,,No
BrainTumor_09717.jpg,No,No,,,,Yes,No,,No,,
BrainTumor_09718.jpg,No,,No,Yes,No,Yes,Yes,No,,No,Yes
BrainTumor_09719.jpg,,No,Yes,,Yes,Yes,Yes,,Yes,Yes,
BrainTumor_09720.jpg,No,,,Yes,No,No,Yes,No,,No,
BrainTumor_09721.jpg,Yes,,,Yes,,No,No,No,No,,Yes
BrainTumor_09722.jpg,Yes,,,No,Yes,,,Yes,Yes,Yes,No
BrainTumor_09723.jpg,,No,No,Yes,Yes,,No,No,Yes,No,No
BrainTumor_09724.jpg,Yes,Yes,Yes,No,Yes,,,Yes,No,No,No
BrainTumor_09725.jpg,Yes,,No,,No,No,No,,No,Yes,Yes
BrainTumor_09726.jpg,Yes,No,Yes,No,Yes,No,No,,Yes,No,
BrainTumor_09727.jpg,Yes,No,,Yes,Yes,,Yes,,Yes,No,Yes
BrainTumor_09728.jpg,No,,,Yes,,Yes,Yes,Yes,,Yes,
BrainTumor_09729.jpg,No,Yes,Yes,No,,Yes,,No,,Yes,No
BrainTumor_09730.jpg,No,No,No,Yes,,Yes,No,,,Yes,
BrainTumor_09731.jpg,,Yes,,Yes,,No,,,Yes,,Yes
BrainTumor_09732.jpg,Yes,,No,Yes,No,No,Yes,Yes,Yes,No,Yes
BrainTumor_09733.jpg,No,Yes,,No,,,No,,,,Yes
BrainTumor_09734.jpg,No,No,,Yes,Yes,Yes,,,Yes,Yes,
BrainTumor_09735.jpg,,No,Yes,Yes,,No,Yes,No,Yes,No,Yes
BrainTumor_09736.jpg,Yes,,No,No,Yes,No,No,,No,Yes,No
BrainTumor_09737.jpg,No,No,Yes,Yes,Yes,,No,,No,,
BrainTumor_09738.jpg,No,No,,Yes,No,,Yes,No,No,Yes,No
BrainTumor_09739.jpg,,No,No,,Yes,Yes,,Yes,,,
BrainTumor_09740.jpg,,Yes,Yes,No,No,No,Yes,Yes,,No,
BrainTumor_09741.jpg,Yes,Yes,Yes,Yes,,Yes,Yes,,,Yes,No
BrainTumor_09742.jpg,,Yes,No,No,Yes,No,,Yes,No,No,No
BrainTumor_09743.jpg,No,,Yes,No,,,No,No,,Yes,Yes
BrainTumor_09744.jpg,,No,No,Yes,No,No,Yes,Yes,No,No,Yes
BrainTumor_09745.jpg,No,No,Yes,,Yes,Yes,Yes,,Yes,No,Yes
BrainTumor_09746.jpg,,,No,Yes,No,,,No,,No,No
BrainTumor_09747.jpg,,Yes,,Yes,No,,Yes,,Yes,,Yes
BrainTumor_09748.jpg,Yes,,No,No,No,No,,,,No,No
BrainTumor_09749.jpg,,No,Yes,No,No,No,No,No,,No,Yes
BrainTumor_09750.jpg,,,,No,No,,No,No,No,Yes,No
BrainTumor_09751.jpg,No,Yes,,,No,No,No,No,No,No,Yes
BrainTumor_09752.jpg,No,,,,No,Yes,,Yes,No,Yes,Yes
BrainTumor_09753.jpg,Yes,,,Yes,,,Yes,,,Yes,Yes
BrainTumor_09754.jpg,Yes,,No,Yes,No,No,No,No,Yes,No,No
BrainTumor_09755.jpg,,Yes,Yes,,No,No,No,Yes,,Yes,
BrainTumor_09756.jpg,,Yes,No,No,,No,No,No,Yes,No,No
BrainTumor_09757.jpg,,,,Yes,Yes,,No,No,No,No,No
BrainTumor_09758.jpg,,,No,No,,No,Yes,,,,
BrainTumor_09759.jpg,No,Yes,,Yes,,No,No,Yes,No,,
BrainTumor_09760.jpg,No,,No,No,,,No,,Yes,No,Yes
BrainTumor_09761.jpg,,,,No,,,No,,No,,No
BrainTumor_09762.jpg,,Yes,Yes,No,No,,No,Yes,,,Yes
BrainTumor_09763.jpg,No,Yes,Yes,No,No,No,Yes,Yes,,No,No
BrainTumor_09764.jpg,No,,No,,No,No,No,,Yes,No,
BrainTumor_09765.jpg,Yes,,Yes,Yes,No,Yes,,,No,No,Yes
BrainTumor_09766.jpg,,No,Yes,Yes,,Yes,,Yes,Yes,No,No
BrainTumor_09767.jpg,,No,No,No,,,No,Yes,No,No,Yes
BrainTumor_09768.jpg,Yes,Yes,No,No,No,No,No,No,No,Yes,No
BrainTumor_09769.jpg,No,,No,Yes,Yes,Yes,No,No,,No,No
BrainTumor_09770.jpg,No,No,Yes,Yes,No,Yes,,Yes,,,
BrainTumor_09771.jpg,No,Yes,,No,,No,,,No,Yes,
BrainTumor_09772.jpg,Yes,No,,,,,Yes,Yes,,Yes,No
BrainTumor_09773.jpg,,Yes,,,No,Yes,No,Yes,Yes,No,No
BrainTumor_09774.jpg,No,No,,Yes,Yes,Yes,Yes,,,Yes,
BrainTumor_09775.jpg,Yes,Yes,No,Yes,No,,,,,No,No
BrainTumor_09776.jpg,No,Yes,Yes,,No,Yes,,Yes,No,Yes,
BrainTumor_09777.jpg,,Yes,No,Yes,No,Yes,Yes,Yes,No,Yes,No
BrainTumor_09778.jpg,,No,No,No,Yes,Yes,Yes,,Yes,No,No
BrainTumor_09779.jpg,,No,Yes,Yes,,,No,Yes,,,Yes
BrainTumor_09780.jpg,Yes,Yes,Yes,,,,,,Yes,No,
BrainTumor_09781.jpg,Yes,No,Yes,No,No,No,,No,No,,
BrainTumor_09782.jpg,No,Yes,Yes,,,Yes,,No,Yes,,
BrainTumor_09783.jpg,Yes,Yes,,No,Yes,No,No,Yes,No,,
BrainTumor_09784.jpg,,Yes,No,Yes,No,,,Yes,,,Yes
BrainTumor_09785.jpg,Yes,,Yes,,,Yes,No,,No,,
BrainTumor_09786.jpg,,Yes,No,,,No,,,No,No,
BrainTumor_09787.jpg,Yes,Yes,No,,No,,Yes,No,Yes,No,Yes
BrainTumor_09788.jpg,Yes,No,No,Yes,No,Yes,No,,Yes,No,
BrainTumor_09789.jpg,,Yes,No,No,No,No,Yes,,No,Yes,Yes
BrainTumor_09790.jpg,No,,Yes,No,,No,No,No,Yes,,
BrainTumor_09791.jpg,,,Yes,,No,,Yes,No,,Yes,
BrainTumor_09792.jpg,No,Yes,,No,Yes,No,No,Yes,No,,
BrainTumor_09793.jpg,Yes,Yes,Yes,No,,,,,No,Yes,Yes
BrainTumor_09794.jpg,,Yes,No,Yes,Yes,,Yes,No,Yes,No,No
BrainTumor_09795.jpg,Yes,No,,Yes,Yes,Yes,,Yes,,No,Yes
BrainTumor_09796.jpg,Yes,No,,,,Yes,No,Yes,Yes,Yes,Yes
BrainTumor_09797.jpg,No,Yes,Yes,Yes,,,No,,No,Yes,
BrainTumor_09798.jpg,Yes,Yes,,,No,Yes,No,,,,No
BrainTumor_09799.jpg,Yes,No,Yes,Yes,,,,No,,Yes,
BrainTumor_09800.jpg,Yes,,No,,Yes,Yes,No,No,,No,No
BrainTumor_09801.jpg,Yes,No,,,No,Yes,,No,Yes,No,Yes
BrainTumor_09802.jpg,,Yes,No,,Yes,Yes,No,No,Yes,,No
BrainTumor_09803.jpg,No,No,No,,,Yes,,No,No,No,Yes
BrainTumor_09804.jpg,,No,,Yes,Yes,No,Yes,No,No,,No
BrainTumor_09805.jpg,No,,No,,Yes,,,No,Yes,No,
BrainTumor_09806.jpg,No,,,No,Yes,,,Yes,No,,
BrainTumor_09807.jpg,Yes,,Yes,,Yes,No,No,No,,No,No
BrainTumor_09808.jpg,No,No,Yes,,Yes,No,,Yes,,No,Yes
BrainTumor_09809.jpg,,,,,,Yes,,Yes,Yes,No,
BrainTumor_09810.jpg,Yes,Yes,Yes,No,Yes,Yes,No,No,Yes,,
BrainTumor_09811.jpg,No,,,No,No,Yes,No,No,Yes,No,Yes
BrainTumor_09812.jpg,No,Yes,,Yes,Yes,No,,,,Yes,No
BrainTumor_09813.jpg,Yes,,Yes,Yes,,Yes,,No,,No,
BrainTumor_09814.jpg,,,,Yes,Yes,No,Yes,No,Yes,Yes,
BrainTumor_09815.jpg,Yes,No,Yes,No,,No,,Yes,,Yes,Yes
BrainTumor_09816.jpg,No,,Yes,Yes,No,No,Yes,No,,,
BrainTumor_09817.jpg,Yes,No,No,Yes,Yes,Yes,Yes,Yes,Yes,No,
BrainTumor_09818.jpg,Yes,No,,,No,Yes,No,No,,No,No
BrainTumor_09819.jpg,,,No,,Yes,Yes,Yes,No,Yes,No,
BrainTumor_09820.jpg,Yes,Yes,No,No,Yes,No,,No,No,,No
BrainTumor_09821.jpg,,No,No,,,,Yes,Yes,Yes,Yes,Yes
BrainTumor_09822.jpg,No,,,Yes,No,,,Yes,No,No,Yes
BrainTumor_09823.jpg,No,No,No,,No,No,,,No,No,Yes
BrainTumor_09824.jpg,Yes,,Yes,,,Yes,Yes,,Yes,,
BrainTumor_09825.jpg,No,,,Yes,,No,Yes,No,No,Yes,
BrainTumor_09826.jpg,,Yes,Yes,No,,,,Yes,,No,No
BrainTumor_09827.jpg,No,No,,No,No,,,No,,No,Yes
BrainTumor_09828.jpg,,No,No,,,No,No,No,Yes,No,No
BrainTumor_09829.jpg,,No,Yes,Yes,No,,No,No,,No,No
BrainTumor_09830.jpg,No,,,No,,Yes,,No,No,Yes,No
BrainTumor_09831.jpg,Yes,,No,,No,,No,Yes,,Yes,Yes
BrainTumor_09832.jpg,,No,Yes,Yes,Yes,Yes,,Yes,Yes,,No
BrainTumor_09833.jpg,,Yes,Yes,,Yes,,No,Yes,No,Yes,Yes
BrainTumor_09834.jpg,No,No,,,Yes,No,Yes,Yes,,No,Yes
BrainTumor_09835.jpg,Yes,No,No,Yes,Yes,Yes,,,No,,Yes
BrainTumor_09836.jpg,,Yes,No,Yes,No,Yes,Yes,No,No,Yes,
BrainTumor_09837.jpg,,Yes,Yes,Yes,,No,No,,,Yes,No
BrainTumor_09838.jpg,,Yes,No,Yes,Yes,Yes,Yes,,,No,No
BrainTumor_09839.jpg,Yes,,Yes,No,,Yes,No,Yes,Yes,Yes,
BrainTumor_09840.jpg,Yes,Yes,No,No,Yes,No,,,No,,Yes
BrainTumor_09841.jpg,No,Yes,Yes,No,Yes,No,Yes,Yes,,,Yes
BrainTumor_09842.jpg,Yes,Yes,Yes,,No,No,Yes,Yes,Yes,Yes,
BrainTumor_09843.jpg,Yes,,No,,Yes,Yes,,,,,Yes
BrainTumor_09844.jpg,,No,Yes,,No,Yes,No,,Yes,,Yes
BrainTumor_09845.jpg,,No,,Yes,No,No,Yes,Yes,,,No
BrainTumor_09846.jpg,,Yes,Yes,Yes,Yes,,No,Yes,,Yes,
BrainTumor_09847.jpg,,Yes,No,No,No,Yes,,Yes,No,No,
BrainTumor_09848.jpg,,No,,Yes,,Yes,No,Yes,No,,
BrainTumor_09849.jpg,Yes,No,,Yes,,Yes,Yes,No,,Yes,No
BrainTumor_09850.jpg,No,No,,,,,,No,Yes,No,Yes
BrainTumor_09851.jpg,No,No,No,,Yes,,,,No,Yes,No
BrainTumor_09852.jpg,,No,Yes,Yes,No,No,No,,No,,
BrainTumor_09853.jpg,Yes,Yes,No,No,Yes,,No,No,No,No,Yes
BrainTumor_09854.jpg,No,,,No,,,,,Yes,,
BrainTumor_09855.jpg,,No,No,Yes,Yes,Yes,Yes,No,,,Yes
BrainTumor_09856.jpg,No,,,Yes,,No,,Yes,,No,No
BrainTumor_09857.jpg,No,No,,No,,Yes,Yes,No,Yes,No,No
BrainTumor_09858.jpg,,,No,No,No,Yes,No,,Yes,,Yes
BrainTumor_09859.jpg,Yes,No,Yes,,,Yes,,Yes,,,Yes
BrainTumor_09860.jpg,,,Yes,No,,,Yes,Yes,No,No,No
BrainTumor_09861.jpg,No,No,No,No,,,Yes,No,No,,
BrainTumor_09862.jpg,Yes,Yes,,,No,No,No,No,Yes,,
BrainTumor_09863.jpg,,,Yes,,No,No,Yes,No,,,Yes
BrainTumor_09864.jpg,No,No,No,Yes,,,,,No,No,
BrainTumor_09865.jpg,,,,No,No,No,Yes,No,No,,
BrainTumor_09866.jpg,Yes,,Yes,Yes,,No,,,,No,
BrainTumor_09867.jpg,Yes,,No,Yes,No,No,No,,,,No
BrainTumor_09868.jpg,Yes,No,No,Yes,No,,No,No,,No,No
BrainTumor_09869.jpg,Yes,Yes,Yes,No,No,Yes,Yes,Yes,No,,No
BrainTumor_09870.jpg,No,No,Yes,,Yes,,Yes,No,No,No,Yes
BrainTumor_09871.jpg,Yes,No,,Yes,No,,Yes,Yes,,,Yes
BrainTumor_09872.jpg,,,Yes,No,Yes,,Yes,,Yes,,Yes
BrainTumor_09873.jpg,,Yes,No,,No,No,,,No,Yes,Yes
BrainTumor_09874.jpg,No,,Yes,Yes,Yes,Yes,No,No,No,Yes,
BrainTumor_09875.jpg,Yes,Yes,Yes,Yes,,No,Yes,No,No,,Yes
BrainTumor_09876.jpg,,No,,Yes,No,No,Yes,No,Yes,,No
BrainTumor_09877.jpg,No,No,,,No,No,,No,No,,
BrainTumor_09878.jpg,No,No,,No,Yes,,,,No,No,No
BrainTumor_09879.jpg,Yes,No,No,No,No,Yes,,,,Yes,Yes
BrainTumor_09880.jpg,,Yes,No,Yes,Yes,Yes,No,Yes,Yes,,
BrainTumor_09881.jpg,Yes,No,,,,,Yes,Yes,Yes,,
BrainTumor_09882.jpg,,,Yes,No,,,Yes,Yes,Yes,No,No
BrainTumor_09883.jpg,Yes,Yes,Yes,Yes,,No,No,Yes,,,
BrainTumor_09884.jpg,Yes,No,No,Yes,,Yes,,No,Yes,Yes,No
BrainTumor_09885.jpg,No,No,No,Yes,,No,Yes,,,No,
BrainTumor_09886.jpg,No,,,No,,Yes,Yes,Yes,No,,No
BrainTumor_09887.jpg,No,No,,No,No,No,,Yes,Yes,Yes,Yes
BrainTumor_09888.jpg,,Yes,No,,No,,No,No,,No,No
BrainTumor_09889.jpg,Yes,No,Yes,No,,,Yes,No,,Yes,
BrainTumor_09890.jpg,No,,No,Yes,Yes,,No,,No,Yes,
BrainTumor_09891.jpg,No,,Yes,No,No,No,No,,Yes,,
BrainTumor_09892.jpg,No,No,,,Yes,No,No,No,No,Yes,No
BrainTumor_09893.jpg,,Yes,No,,No,,Yes,No,,,Yes
BrainTumor_09894.jpg,,Yes,No,Yes,Yes,,No,No,No,,No
BrainTumor_09895.jpg,,,Yes,,,No,No,No,,,
BrainTumor_09896.jpg,,Yes,Yes,No,,No,,No,,Yes,No
BrainTumor_09897.jpg,Yes,Yes,No,Yes,No,Yes,,Yes,,No,No
BrainTumor_09898.jpg,No,,Yes,No,Yes,,No,Yes,Yes,,
BrainTumor_09899.jpg,,,,No,No,No,,,,Yes,Yes
BrainTumor_09900.jpg,No,Yes,No,Yes,Yes,No,Yes,No,,,
BrainTumor_09901.jpg,Yes,No,Yes,,,,Yes,Yes,Yes,No,No
BrainTumor_09902.jpg,,Yes,,No,No,,,No,,No,Yes
BrainTumor_09903.jpg,Yes,,No,No,,Yes,,No,No,,Yes
BrainTumor_09904.jpg,No,No,,,Yes,No,No,No,,,No
BrainTumor_09905.jpg,,No,Yes,,No,No,No,Yes,,No,No
BrainTumor_09906.jpg,Yes,,Yes,No,,,,Yes,No,,No
BrainTumor_09907.jpg,No,No,Yes,Yes,,Yes,Yes,Yes,No,Yes,
BrainTumor_09908.jpg,,Yes,Yes,No,Yes,No,Yes,No,No,Yes,Yes
BrainTumor_09909.jpg,Yes,No,No,,No,Yes,,,No,,Yes
BrainTumor_09910.jpg,Yes,Yes,No,No,Yes,,No,Yes,No,,No
BrainTumor_09911.jpg,Yes,Yes,,Yes,No,No,No,No,No,Yes,No
BrainTumor_09912.jpg,Yes,,Yes,,No,No,Yes,No,Yes,No,
BrainTumor_09913.jpg,Yes,No,,No,Yes,No,Yes,,Yes,,No
BrainTumor_09914.jpg,,,,,,,No,No,No,No,Yes
BrainTumor_09915.jpg,No,,Yes,No,No,No,Yes,No,Yes,Yes,Yes
BrainTumor_09916.jpg,No,,,No,Yes,Yes,No,No,Yes,No,Yes
BrainTumor_09917.jpg,Yes,Yes,No,Yes,,,Yes,,Yes,No,Yes
BrainTumor_09918.jpg,,,,No,No,Yes,No,No,Yes,No,Yes
BrainTumor_09919.jpg,,Yes,Yes,No,No,No,,,Yes,Yes,No
BrainTumor_09920.jpg,Yes,Yes,Yes,Yes,Yes,No,,No,,Yes,Yes
BrainTumor_09921.jpg,No,No,Yes,No,Yes,,,Yes,No,No,Yes
BrainTumor_09922.jpg,,Yes,No,Yes,No,Yes,,Yes,,,
BrainTumor_09923.jpg,No,No,,Yes,Yes,Yes,Yes,No,No,,Yes
BrainTumor_09924.jpg,,No,,No,No,No,,No,,No,No
BrainTumor_09925.jpg,Yes,No,Yes,No,,No,,No,,No,Yes
BrainTumor_09926.jpg,,,No,,,Yes,Yes,No,,Yes,
BrainTumor_09927.jpg,No,Yes,Yes,,Yes,No,,,No,,
BrainTumor_09928.jpg,No,No,Yes,,No,No,,,,Yes,No
BrainTumor_09929.jpg,,No,,Yes,Yes,No,,Yes,Yes,,No
BrainTumor_09930.jpg,No,Yes,,Yes,No,,Yes,No,Yes,Yes,Yes
BrainTumor_09931.jpg,Yes,Yes,No,Yes,Yes,,,No,No,,Yes
BrainTumor_09932.jpg,Yes,No,Yes,No,Yes,,Yes,No,,No,No
BrainTumor_09933.jpg,Yes,,,,No,,,,Yes,No,
BrainTumor_09934.jpg,,,Yes,,,Yes,No,Yes,No,,
BrainTumor_09935.jpg,No,Yes,No,Yes,,,Yes,Yes,Yes,Yes,
BrainTumor_09936.jpg,,Yes,Yes,Yes,Yes,No,Yes,Yes,,,No
BrainTumor_09937.jpg,,No,Yes,,Yes,,,No,No,,No
BrainTumor_09938.jpg,Yes,Yes,Yes,Yes,Yes,Yes,Yes,,Yes,No,No
BrainTumor_09939.jpg,Yes,,,No,No,Yes,,Yes,,Yes,No
BrainTumor_09940.jpg,No,No,,Yes,No,No,Yes,No,Yes,Yes,Yes
BrainTumor_09941.jpg,Yes,,No,,Yes,Yes,,Yes,Yes,No,No
BrainTumor_09942.jpg,Yes,Yes,,Yes,Yes,No,,,Yes,,Yes
BrainTumor_09943.jpg,Yes,,No,,No,,Yes,,Yes,Yes,No
BrainTumor_09944.jpg,Yes,,Yes,Yes,No,Yes,,Yes,No,No,No
BrainTumor_09945.jpg,Yes,No,Yes,No,No,No,Yes,,No,No,Yes
BrainTumor_09946.jpg,Yes,Yes,,No,Yes,No,No,,,Yes,No
BrainTumor_09947.jpg,No,Yes,No,No,,,,Yes,Yes,No,No
BrainTumor_09948.jpg,,No,Yes,Yes,No,,Yes,,,No,Yes
BrainTumor_09949.jpg,,Yes,,Yes,Yes,,Yes,Yes,,,No
BrainTumor_09950.jpg,No,No,No,Yes,,No,No,No,,,No
BrainTumor_09951.jpg,,,No,No,No,,,No,,,
BrainTumor_09952.jpg,Yes,,,Yes,Yes,No,No,,,Yes,No
BrainTumor_09953.jpg,,Yes,No,No,No,No,No,No,No,Yes,No
BrainTumor_09954.jpg,,,Yes,No,,No,Yes,,Yes,No,
BrainTumor_09955.jpg,No,Yes,,,No,No,Yes,Yes,,No,Yes
BrainTumor_09956.jpg,Yes,,Yes,Yes,Yes,Yes,No,,No,,
BrainTumor_09957.jpg,Yes,No,,No,Yes,Yes,No,No,Yes,,
BrainTumor_09958.jpg,,Yes,No,No,No,No,,No,No,,No
BrainTumor_09959.jpg,,Yes,,No,,Yes,No,Yes,,No,No
BrainTumor_09960.jpg,,No,No,Yes,Yes,No,No,No,Yes,Yes,Yes
BrainTumor_09961.jpg,,,,No,,,Yes,Yes,No,,Yes
BrainTumor_09962.jpg,Yes,,Yes,Yes,Yes,No,Yes,Yes,Yes,No,Yes
BrainTumor_09963.jpg,,,,,No,No,Yes,,No,No,No
BrainTumor_09964.jpg,,,Yes,No,No,,,No,Yes,Yes,No
BrainTumor_09965.jpg,Yes,No,Yes,No,Yes,Yes,Yes,Yes,,,Yes
BrainTumor_09966.jpg,Yes,No,Yes,Yes,No,Yes,No,,Yes,No,
BrainTumor_09967.jpg,,No,No,,Yes,No,No,No,No,Yes,
BrainTumor_09968.jpg,,,,,Yes,,No,Yes,,Yes,No
BrainTumor_09969.jpg,No,,No,No,,,Yes,No,,,Yes
BrainTumor_09970.jpg,Yes,No,No,,No,No,,,,Yes,Yes
BrainTumor_09971.jpg,Yes,No,No,Yes,Yes,No,Yes,Yes,Yes,No,Yes
BrainTumor_09972.jpg,No,,No,,No,No,,No,No,,
BrainTumor_09973.jpg,,Yes,,Yes,,,,Yes,Yes,Yes,No
BrainTumor_09974.jpg,No,,,Yes,No,,No,,No,Yes,Yes
BrainTumor_09975.jpg,,Yes,,Yes,Yes,Yes,,,No,,No
BrainTumor_09976.jpg,Yes,Yes,Yes,No,No,Yes,No,,Yes,No,No
BrainTumor_09977.jpg,No,Yes,Yes,,No,Yes,No,No,,No,
BrainTumor_09978.jpg,,,No,Yes,,No,Yes,,No,No,Yes
BrainTumor_09979.jpg,,No,Yes,,,Yes,Yes,No,No,,No
BrainTumor_09980.jpg,,No,No,No,No,Yes,Yes,No,No,Yes,Yes
BrainTumor_09981.jpg,,No,Yes,No,No,,Yes,No,No,No,Yes
BrainTumor_09982.jpg,Yes,Yes,No,No,,Yes,,,No,,No
BrainTumor_09983.jpg,Yes,Yes,,,No,Yes,Yes,No,No,No,
BrainTumor_09984.jpg,,Yes,,,No,Yes,No,No,No,Yes,
BrainTumor_09985.jpg,Yes,Yes,Yes,No,No,,No,,Yes,Yes,No
BrainTumor_09986.jpg,Yes,No,No,No,Yes,Yes,Yes,,Yes,Yes,No
BrainTumor_09987.jpg,Yes,Yes,No,,No,,,No,No,,
BrainTumor_09988.jpg,,No,Yes,No,No,,Yes,,No,Yes,
BrainTumor_09989.jpg,No,No,No,,Yes,,Yes,Yes,Yes,Yes,Yes
BrainTumor_09990.jpg,,Yes,,No,Yes,No,No,No,Yes,No,No
BrainTumor_09991.jpg,,,Yes,No,,Yes,No,,No,No,Yes
BrainTumor_09992.jpg,Yes,No,Yes,,Yes,No,No,Yes,,,Yes
BrainTumor_09993.jpg,No,No,Yes,No,,No,,No,No,No,
BrainTumor_09994.jpg,No,,No,,Yes,No,No,Yes,Yes,Yes,Yes
BrainTumor_09995.jpg,,,,Yes,,Yes,Yes,,Yes,No,
BrainTumor_09996.jpg,,Yes,Yes,No,No,No,No,No,,No,No
BrainTumor_09997.jpg,No,No,Yes,,,Yes,No,,,No,No
BrainTumor_09998.jpg,No,,No,Yes,No,,Yes,,No,No,
BrainTumor_09999.jpg,Yes,No,Yes,Yes,Yes,,Yes,,,No,
BrainTumor_10000.jpg,Yes,No,Yes,No,Yes,No,No,Yes,,,
